[4133903:0304/143935:INFO:util/sharding/finger_sharding.cc(6)] register instance FingerprintSharding suc.
[4133903:0304/143935:INFO:util/sharding/id_mod_sharding.cc(7)] register instance IDModSharding suc.
[4133903:0304/143935:INFO:util/sharding/id_mod_sharding.cc(24)] register instance HexIDModSharding suc.
[4133903:0304/143935:INFO:util/sharding/id_range_sharding.cc(8)] register instance IDRangeSharding suc.
[4133903:0304/143935:INFO:util/sharding/id_range_sharding.cc(29)] register instance HexIDRangeSharding suc.
[4133903:0304/143935:INFO:file/file_posix.cc(216)] register instance FilePosix suc.
>>> merging checkpoint ...
>>> merging checkpoint done ...
/user/zhangyixuan/data/minicpm5/sst_cpm5_0117_merge/Config_DSL_DevOps/512k_gt defaultdict(<class 'int'>, {0: 544})
/user/zhangyixuan/data/minicpm5/sst_cpm5_0117_merge/Config_DSL_DevOps/32k_64k defaultdict(<class 'int'>, {0: 19462})
/user/zhangyixuan/data/minicpm5/sst_cpm5_0117_merge/Config_DSL_DevOps/4k_8k defaultdict(<class 'int'>, {0: 164289})
/user/zhangyixuan/data/minicpm5/sst_cpm5_0117_merge/Config_DSL_DevOps/64k_128k defaultdict(<class 'int'>, {0: 10483})
/user/zhangyixuan/data/minicpm5/sst_cpm5_0117_merge/Config_DSL_DevOps/8k_16k defaultdict(<class 'int'>, {0: 69873})
/user/zhangyixuan/data/minicpm5/sst_cpm5_0117_merge/Config_DSL_DevOps/256k_512k defaultdict(<class 'int'>, {0: 2543})
/user/zhangyixuan/data/minicpm5/sst_cpm5_0117_merge/Config_DSL_DevOps/0k_4k defaultdict(<class 'int'>, {0: 14003417})
/user/zhangyixuan/data/minicpm5/sst_cpm5_0117_merge/Config_DSL_DevOps/16k_32k defaultdict(<class 'int'>, {0: 39854})
/user/zhangyixuan/data/minicpm5/sst_cpm5_0117_merge/Config_DSL_DevOps/128k_256k defaultdict(<class 'int'>, {0: 4786})
/user/zhangyixuan/data/minicpm5/sst_cpm5_0117_merge/Chinese_CC_merge/32k_64k defaultdict(<class 'int'>, {0: 84})
/user/zhangyixuan/data/minicpm5/sst_cpm5_0117_merge/Chinese_CC_merge/4k_8k defaultdict(<class 'int'>, {0: 97909})
/user/zhangyixuan/data/minicpm5/sst_cpm5_0117_merge/Chinese_CC_merge/64k_128k defaultdict(<class 'int'>, {})
/user/zhangyixuan/data/minicpm5/sst_cpm5_0117_merge/Chinese_CC_merge/8k_16k defaultdict(<class 'int'>, {0: 19233})
/user/zhangyixuan/data/minicpm5/sst_cpm5_0117_merge/Chinese_CC_merge/0k_4k defaultdict(<class 'int'>, {0: 25001802})
/user/zhangyixuan/data/minicpm5/sst_cpm5_0117_merge/Chinese_CC_merge/16k_32k defaultdict(<class 'int'>, {0: 4586})
/user/zhangyixuan/data/minicpm5/sst_cpm5_0117_merge/Chinese_CC_merge/128k_256k defaultdict(<class 'int'>, {})
/user/zhangyixuan/data/minicpm5/sst_cpm5_0117_merge/cw_en/cw_en__2025112200/32k_64k defaultdict(<class 'int'>, {})
/user/zhangyixuan/data/minicpm5/sst_cpm5_0117_merge/cw_en/cw_en__2025112200/4k_8k defaultdict(<class 'int'>, {0: 1144})
/user/zhangyixuan/data/minicpm5/sst_cpm5_0117_merge/cw_en/cw_en__2025112200/64k_128k defaultdict(<class 'int'>, {})
/user/zhangyixuan/data/minicpm5/sst_cpm5_0117_merge/cw_en/cw_en__2025112200/8k_16k defaultdict(<class 'int'>, {0: 27})
/user/zhangyixuan/data/minicpm5/sst_cpm5_0117_merge/cw_en/cw_en__2025112200/0k_4k defaultdict(<class 'int'>, {0: 52548})
/user/zhangyixuan/data/minicpm5/sst_cpm5_0117_merge/cw_en/cw_en__2025112200/16k_32k defaultdict(<class 'int'>, {})
/user/zhangyixuan/data/minicpm5/sst_cpm5_0117_merge/cw_en/cw_en__2025112200/128k_256k defaultdict(<class 'int'>, {})
/user/zhangyixuan/data/minicpm5/sst_cpm5_0117_merge/Chinese_CC_HQ_TextCNN_merge/32k_64k defaultdict(<class 'int'>, {0: 628})
/user/zhangyixuan/data/minicpm5/sst_cpm5_0117_merge/Chinese_CC_HQ_TextCNN_merge/4k_8k defaultdict(<class 'int'>, {0: 138407})
/user/zhangyixuan/data/minicpm5/sst_cpm5_0117_merge/Chinese_CC_HQ_TextCNN_merge/8k_16k defaultdict(<class 'int'>, {0: 29283})
/user/zhangyixuan/data/minicpm5/sst_cpm5_0117_merge/Chinese_CC_HQ_TextCNN_merge/0k_4k defaultdict(<class 'int'>, {0: 57315058})
/user/zhangyixuan/data/minicpm5/sst_cpm5_0117_merge/Chinese_CC_HQ_TextCNN_merge/16k_32k defaultdict(<class 'int'>, {0: 9450, 1: 2})
/user/zhangyixuan/data/minicpm5/sst_cpm5_0117_merge/c4-pro/c4-pro__2025112200/4k_8k defaultdict(<class 'int'>, {})
/user/zhangyixuan/data/minicpm5/sst_cpm5_0117_merge/c4-pro/c4-pro__2025112200/8k_16k defaultdict(<class 'int'>, {})
/user/zhangyixuan/data/minicpm5/sst_cpm5_0117_merge/c4-pro/c4-pro__2025112200/0k_4k defaultdict(<class 'int'>, {})
/user/zhangyixuan/data/minicpm5/sst_cpm5_0117_merge/c4-pro/c4-pro__2025112200/16k_32k defaultdict(<class 'int'>, {})
/user/zhangyixuan/data/minicpm5/sst_cpm5_0117_merge/Chinese_HQ_Web_merge/32k_64k defaultdict(<class 'int'>, {0: 852})
/user/zhangyixuan/data/minicpm5/sst_cpm5_0117_merge/Chinese_HQ_Web_merge/4k_8k defaultdict(<class 'int'>, {0: 145938})
/user/zhangyixuan/data/minicpm5/sst_cpm5_0117_merge/Chinese_HQ_Web_merge/64k_128k defaultdict(<class 'int'>, {})
/user/zhangyixuan/data/minicpm5/sst_cpm5_0117_merge/Chinese_HQ_Web_merge/8k_16k defaultdict(<class 'int'>, {0: 30922})
/user/zhangyixuan/data/minicpm5/sst_cpm5_0117_merge/Chinese_HQ_Web_merge/0k_4k defaultdict(<class 'int'>, {0: 25133375})
/user/zhangyixuan/data/minicpm5/sst_cpm5_0117_merge/Chinese_HQ_Web_merge/16k_32k defaultdict(<class 'int'>, {0: 5781})
/user/zhangyixuan/data/minicpm5/sst_cpm5_0117_merge/imdb_json/imdb_json__2025110101/32k_64k defaultdict(<class 'int'>, {0: 664})
/user/zhangyixuan/data/minicpm5/sst_cpm5_0117_merge/imdb_json/imdb_json__2025110101/4k_8k defaultdict(<class 'int'>, {0: 7192})
/user/zhangyixuan/data/minicpm5/sst_cpm5_0117_merge/imdb_json/imdb_json__2025110101/64k_128k defaultdict(<class 'int'>, {0: 92})
/user/zhangyixuan/data/minicpm5/sst_cpm5_0117_merge/imdb_json/imdb_json__2025110101/8k_16k defaultdict(<class 'int'>, {0: 3991})
/user/zhangyixuan/data/minicpm5/sst_cpm5_0117_merge/imdb_json/imdb_json__2025110101/0k_4k defaultdict(<class 'int'>, {0: 167899})
/user/zhangyixuan/data/minicpm5/sst_cpm5_0117_merge/imdb_json/imdb_json__2025110101/16k_32k defaultdict(<class 'int'>, {0: 1918})
/user/zhangyixuan/data/minicpm5/sst_cpm5_0117_merge/imdb_json/imdb_json__2025110101/128k_256k defaultdict(<class 'int'>, {})
/user/zhangyixuan/data/minicpm5/sst_cpm5_0117_merge/Chinese_Novel_merge/512k_gt defaultdict(<class 'int'>, {0: 6777})
/user/zhangyixuan/data/minicpm5/sst_cpm5_0117_merge/Chinese_Novel_merge/32k_64k defaultdict(<class 'int'>, {0: 5675})
/user/zhangyixuan/data/minicpm5/sst_cpm5_0117_merge/Chinese_Novel_merge/4k_8k defaultdict(<class 'int'>, {0: 76119})
/user/zhangyixuan/data/minicpm5/sst_cpm5_0117_merge/Chinese_Novel_merge/64k_128k defaultdict(<class 'int'>, {0: 7467})
/user/zhangyixuan/data/minicpm5/sst_cpm5_0117_merge/Chinese_Novel_merge/8k_16k defaultdict(<class 'int'>, {0: 13624})
/user/zhangyixuan/data/minicpm5/sst_cpm5_0117_merge/Chinese_Novel_merge/256k_512k defaultdict(<class 'int'>, {0: 5237})
/user/zhangyixuan/data/minicpm5/sst_cpm5_0117_merge/Chinese_Novel_merge/0k_4k defaultdict(<class 'int'>, {0: 13186597})
/user/zhangyixuan/data/minicpm5/sst_cpm5_0117_merge/Chinese_Novel_merge/16k_32k defaultdict(<class 'int'>, {0: 6499})
/user/zhangyixuan/data/minicpm5/sst_cpm5_0117_merge/Chinese_Novel_merge/128k_256k defaultdict(<class 'int'>, {0: 8966})
/user/zhangyixuan/data/minicpm5/sst_cpm5_0117_merge/English_Academic_merge/32k_64k defaultdict(<class 'int'>, {0: 19})
/user/zhangyixuan/data/minicpm5/sst_cpm5_0117_merge/English_Academic_merge/4k_8k defaultdict(<class 'int'>, {0: 366001})
/user/zhangyixuan/data/minicpm5/sst_cpm5_0117_merge/English_Academic_merge/8k_16k defaultdict(<class 'int'>, {0: 127558})
/user/zhangyixuan/data/minicpm5/sst_cpm5_0117_merge/English_Academic_merge/0k_4k defaultdict(<class 'int'>, {0: 5031052})
/user/zhangyixuan/data/minicpm5/sst_cpm5_0117_merge/English_Academic_merge/16k_32k defaultdict(<class 'int'>, {0: 9226})
/user/zhangyixuan/data/minicpm5/sst_cpm5_0117_merge/Chinese_Book_large_merge/512k_gt defaultdict(<class 'int'>, {0: 1657})
/user/zhangyixuan/data/minicpm5/sst_cpm5_0117_merge/Chinese_Book_large_merge/32k_64k defaultdict(<class 'int'>, {0: 15235})
/user/zhangyixuan/data/minicpm5/sst_cpm5_0117_merge/Chinese_Book_large_merge/4k_8k defaultdict(<class 'int'>, {0: 1166})
/user/zhangyixuan/data/minicpm5/sst_cpm5_0117_merge/Chinese_Book_large_merge/64k_128k defaultdict(<class 'int'>, {0: 24263})
/user/zhangyixuan/data/minicpm5/sst_cpm5_0117_merge/Chinese_Book_large_merge/8k_16k defaultdict(<class 'int'>, {0: 1424})
/user/zhangyixuan/data/minicpm5/sst_cpm5_0117_merge/Chinese_Book_large_merge/256k_512k defaultdict(<class 'int'>, {0: 3793})
/user/zhangyixuan/data/minicpm5/sst_cpm5_0117_merge/Chinese_Book_large_merge/0k_4k defaultdict(<class 'int'>, {0: 820990})
/user/zhangyixuan/data/minicpm5/sst_cpm5_0117_merge/Chinese_Book_large_merge/16k_32k defaultdict(<class 'int'>, {0: 5483})
/user/zhangyixuan/data/minicpm5/sst_cpm5_0117_merge/Chinese_Book_large_merge/128k_256k defaultdict(<class 'int'>, {0: 11435})
/user/zhangyixuan/data/minicpm5/sst_cpm5_0117_merge/English_Book_merge/32k_64k defaultdict(<class 'int'>, {0: 4619})
/user/zhangyixuan/data/minicpm5/sst_cpm5_0117_merge/English_Book_merge/64k_128k defaultdict(<class 'int'>, {0: 12999})
/user/zhangyixuan/data/minicpm5/sst_cpm5_0117_merge/English_Book_merge/16k_32k defaultdict(<class 'int'>, {0: 840})
/user/zhangyixuan/data/minicpm5/sst_cpm5_0117_merge/English_Book_merge/128k_256k defaultdict(<class 'int'>, {0: 7162})
/user/zhangyixuan/data/minicpm5/sst_cpm5_0117_merge/hi138_data/zh__hi138_data__2025082000/4k_8k defaultdict(<class 'int'>, {0: 1869})
/user/zhangyixuan/data/minicpm5/sst_cpm5_0117_merge/hi138_data/zh__hi138_data__2025082000/8k_16k defaultdict(<class 'int'>, {0: 53})
/user/zhangyixuan/data/minicpm5/sst_cpm5_0117_merge/hi138_data/zh__hi138_data__2025082000/0k_4k defaultdict(<class 'int'>, {0: 59250})
/user/zhangyixuan/data/minicpm5/sst_cpm5_0117_merge/Chinese_Law_merge/32k_64k defaultdict(<class 'int'>, {0: 56})
/user/zhangyixuan/data/minicpm5/sst_cpm5_0117_merge/Chinese_Law_merge/4k_8k defaultdict(<class 'int'>, {0: 149956})
/user/zhangyixuan/data/minicpm5/sst_cpm5_0117_merge/Chinese_Law_merge/64k_128k defaultdict(<class 'int'>, {0: 135})
/user/zhangyixuan/data/minicpm5/sst_cpm5_0117_merge/Chinese_Law_merge/8k_16k defaultdict(<class 'int'>, {0: 21595, 1: 1})
/user/zhangyixuan/data/minicpm5/sst_cpm5_0117_merge/Chinese_Law_merge/0k_4k defaultdict(<class 'int'>, {0: 12771420})
/user/zhangyixuan/data/minicpm5/sst_cpm5_0117_merge/Chinese_Law_merge/16k_32k defaultdict(<class 'int'>, {0: 1920})
/user/zhangyixuan/data/minicpm5/sst_cpm5_0117_merge/Chinese_Law_merge/128k_256k defaultdict(<class 'int'>, {0: 16})
/user/zhangyixuan/data/minicpm5/sst_cpm5_0117_merge/10w_why/zh__10w_why__2025112200/0k_4k defaultdict(<class 'int'>, {0: 57063, 1: 154})
/user/zhangyixuan/data/minicpm5/sst_cpm5_0117_merge/en.wikihow/en__en.wikihow__2025082500/qa defaultdict(<class 'int'>, {})
/user/zhangyixuan/data/minicpm5/sst_cpm5_0117_merge/nemotron_zh_synthetic_all/nemotron_zh_synthetic_all__20260110/4k_8k defaultdict(<class 'int'>, {0: 6340})
/user/zhangyixuan/data/minicpm5/sst_cpm5_0117_merge/nemotron_zh_synthetic_all/nemotron_zh_synthetic_all__20260110/8k_16k defaultdict(<class 'int'>, {0: 421})
/user/zhangyixuan/data/minicpm5/sst_cpm5_0117_merge/nemotron_zh_synthetic_all/nemotron_zh_synthetic_all__20260110/0k_4k defaultdict(<class 'int'>, {0: 1626115})
/user/zhangyixuan/data/minicpm5/sst_cpm5_0117_merge/English_CC_Synthetic_merge/32k_64k defaultdict(<class 'int'>, {0: 7603})
/user/zhangyixuan/data/minicpm5/sst_cpm5_0117_merge/English_CC_Synthetic_merge/4k_8k defaultdict(<class 'int'>, {0: 645299})
/user/zhangyixuan/data/minicpm5/sst_cpm5_0117_merge/English_CC_Synthetic_merge/64k_128k defaultdict(<class 'int'>, {0: 504})
/user/zhangyixuan/data/minicpm5/sst_cpm5_0117_merge/English_CC_Synthetic_merge/8k_16k defaultdict(<class 'int'>, {0: 155511})
/user/zhangyixuan/data/minicpm5/sst_cpm5_0117_merge/English_CC_Synthetic_merge/0k_4k defaultdict(<class 'int'>, {0: 471833102})
/user/zhangyixuan/data/minicpm5/sst_cpm5_0117_merge/English_CC_Synthetic_merge/16k_32k defaultdict(<class 'int'>, {0: 31035})
/user/zhangyixuan/data/minicpm5/sst_cpm5_0117_merge/Chinese_Socialist_Values_merge/4k_8k defaultdict(<class 'int'>, {0: 326, 1: 1})
/user/zhangyixuan/data/minicpm5/sst_cpm5_0117_merge/Chinese_Socialist_Values_merge/0k_4k defaultdict(<class 'int'>, {0: 48222})
/user/zhangyixuan/data/minicpm5/sst_cpm5_0117_merge/dm_math_clean/en__dm_math_clean__2025082500/qa defaultdict(<class 'int'>, {})
/user/zhangyixuan/data/minicpm5/sst_cpm5_0117_merge/align_no_sys/zh__align_no_sys__2025082500/qa defaultdict(<class 'int'>, {})
/user/zhangyixuan/data/minicpm5/sst_cpm5_0117_merge/finepdfs_edu_top9/32k_64k defaultdict(<class 'int'>, {0: 36603})
/user/zhangyixuan/data/minicpm5/sst_cpm5_0117_merge/finepdfs_edu_top9/4k_8k defaultdict(<class 'int'>, {0: 214100})
/user/zhangyixuan/data/minicpm5/sst_cpm5_0117_merge/finepdfs_edu_top9/64k_128k defaultdict(<class 'int'>, {0: 16611})
/user/zhangyixuan/data/minicpm5/sst_cpm5_0117_merge/finepdfs_edu_top9/8k_16k defaultdict(<class 'int'>, {0: 153885})
/user/zhangyixuan/data/minicpm5/sst_cpm5_0117_merge/finepdfs_edu_top9/256k_512k defaultdict(<class 'int'>, {0: 73})
/user/zhangyixuan/data/minicpm5/sst_cpm5_0117_merge/finepdfs_edu_top9/0k_4k defaultdict(<class 'int'>, {0: 1460901})
/user/zhangyixuan/data/minicpm5/sst_cpm5_0117_merge/finepdfs_edu_top9/16k_32k defaultdict(<class 'int'>, {0: 78721})
/user/zhangyixuan/data/minicpm5/sst_cpm5_0117_merge/finepdfs_edu_top9/128k_256k defaultdict(<class 'int'>, {0: 6771})
/user/zhangyixuan/data/minicpm5/sst_cpm5_0117_merge/Chinese_Finance_merge/4k_8k defaultdict(<class 'int'>, {0: 21860})
/user/zhangyixuan/data/minicpm5/sst_cpm5_0117_merge/Chinese_Finance_merge/8k_16k defaultdict(<class 'int'>, {0: 3239})
/user/zhangyixuan/data/minicpm5/sst_cpm5_0117_merge/Chinese_Finance_merge/0k_4k defaultdict(<class 'int'>, {0: 3590663})
/user/zhangyixuan/data/minicpm5/sst_cpm5_0117_merge/Translation_merge/qa defaultdict(<class 'int'>, {0: 4322466})
/user/zhangyixuan/data/minicpm5/sst_cpm5_0117_merge/Math_General_3p_merge/32k_64k defaultdict(<class 'int'>, {0: 66243})
/user/zhangyixuan/data/minicpm5/sst_cpm5_0117_merge/Math_General_3p_merge/4k_8k defaultdict(<class 'int'>, {0: 1066350})
/user/zhangyixuan/data/minicpm5/sst_cpm5_0117_merge/Math_General_3p_merge/64k_128k defaultdict(<class 'int'>, {0: 24472})
/user/zhangyixuan/data/minicpm5/sst_cpm5_0117_merge/Math_General_3p_merge/8k_16k defaultdict(<class 'int'>, {0: 609999})
/user/zhangyixuan/data/minicpm5/sst_cpm5_0117_merge/Math_General_3p_merge/256k_512k defaultdict(<class 'int'>, {})
/user/zhangyixuan/data/minicpm5/sst_cpm5_0117_merge/Math_General_3p_merge/0k_4k defaultdict(<class 'int'>, {0: 19773808})
/user/zhangyixuan/data/minicpm5/sst_cpm5_0117_merge/Math_General_3p_merge/16k_32k defaultdict(<class 'int'>, {0: 255966})
/user/zhangyixuan/data/minicpm5/sst_cpm5_0117_merge/Math_General_3p_merge/128k_256k defaultdict(<class 'int'>, {0: 2784})
/user/zhangyixuan/data/minicpm5/sst_cpm5_0117_merge/Config_DSL_DevOps_fim_v1/512k_gt defaultdict(<class 'int'>, {})
/user/zhangyixuan/data/minicpm5/sst_cpm5_0117_merge/Config_DSL_DevOps_fim_v1/32k_64k defaultdict(<class 'int'>, {})
/user/zhangyixuan/data/minicpm5/sst_cpm5_0117_merge/Config_DSL_DevOps_fim_v1/4k_8k defaultdict(<class 'int'>, {0: 2048})
/user/zhangyixuan/data/minicpm5/sst_cpm5_0117_merge/Config_DSL_DevOps_fim_v1/64k_128k defaultdict(<class 'int'>, {})
/user/zhangyixuan/data/minicpm5/sst_cpm5_0117_merge/Config_DSL_DevOps_fim_v1/8k_16k defaultdict(<class 'int'>, {0: 469})
/user/zhangyixuan/data/minicpm5/sst_cpm5_0117_merge/Config_DSL_DevOps_fim_v1/256k_512k defaultdict(<class 'int'>, {})
/user/zhangyixuan/data/minicpm5/sst_cpm5_0117_merge/Config_DSL_DevOps_fim_v1/0k_4k defaultdict(<class 'int'>, {0: 313131})
/user/zhangyixuan/data/minicpm5/sst_cpm5_0117_merge/Config_DSL_DevOps_fim_v1/16k_32k defaultdict(<class 'int'>, {0: 8})
/user/zhangyixuan/data/minicpm5/sst_cpm5_0117_merge/Config_DSL_DevOps_fim_v1/128k_256k defaultdict(<class 'int'>, {})
/user/zhangyixuan/data/minicpm5/sst_cpm5_0117_merge/Config_DSL_DevOps_fim_v1_supp/32k_64k defaultdict(<class 'int'>, {})
/user/zhangyixuan/data/minicpm5/sst_cpm5_0117_merge/Config_DSL_DevOps_fim_v1_supp/4k_8k defaultdict(<class 'int'>, {0: 239})
/user/zhangyixuan/data/minicpm5/sst_cpm5_0117_merge/Config_DSL_DevOps_fim_v1_supp/64k_128k defaultdict(<class 'int'>, {})
/user/zhangyixuan/data/minicpm5/sst_cpm5_0117_merge/Config_DSL_DevOps_fim_v1_supp/8k_16k defaultdict(<class 'int'>, {0: 12})
/user/zhangyixuan/data/minicpm5/sst_cpm5_0117_merge/Config_DSL_DevOps_fim_v1_supp/0k_4k defaultdict(<class 'int'>, {0: 58933})
/user/zhangyixuan/data/minicpm5/sst_cpm5_0117_merge/Config_DSL_DevOps_fim_v1_supp/16k_32k defaultdict(<class 'int'>, {})
/user/zhangyixuan/data/minicpm5/sst_cpm5_0117_merge/Config_DSL_DevOps_fim_v1_supp/128k_256k defaultdict(<class 'int'>, {})
/user/zhangyixuan/data/minicpm5/sst_cpm5_0117_merge/Functional_Formal/512k_gt defaultdict(<class 'int'>, {})
/user/zhangyixuan/data/minicpm5/sst_cpm5_0117_merge/Functional_Formal/32k_64k defaultdict(<class 'int'>, {0: 9236})
/user/zhangyixuan/data/minicpm5/sst_cpm5_0117_merge/Functional_Formal/4k_8k defaultdict(<class 'int'>, {0: 182391})
/user/zhangyixuan/data/minicpm5/sst_cpm5_0117_merge/Functional_Formal/64k_128k defaultdict(<class 'int'>, {0: 2795})
/user/zhangyixuan/data/minicpm5/sst_cpm5_0117_merge/Functional_Formal/8k_16k defaultdict(<class 'int'>, {0: 71592})
/user/zhangyixuan/data/minicpm5/sst_cpm5_0117_merge/Functional_Formal/256k_512k defaultdict(<class 'int'>, {0: 2})
/user/zhangyixuan/data/minicpm5/sst_cpm5_0117_merge/Functional_Formal/0k_4k defaultdict(<class 'int'>, {0: 4493102})
/user/zhangyixuan/data/minicpm5/sst_cpm5_0117_merge/Functional_Formal/16k_32k defaultdict(<class 'int'>, {0: 25134})
/user/zhangyixuan/data/minicpm5/sst_cpm5_0117_merge/Functional_Formal/128k_256k defaultdict(<class 'int'>, {0: 1042})
/user/zhangyixuan/data/minicpm5/sst_cpm5_0117_merge/Functional_Formal_fim_v1/4k_8k defaultdict(<class 'int'>, {0: 170})
/user/zhangyixuan/data/minicpm5/sst_cpm5_0117_merge/Functional_Formal_fim_v1/8k_16k defaultdict(<class 'int'>, {0: 7})
/user/zhangyixuan/data/minicpm5/sst_cpm5_0117_merge/Functional_Formal_fim_v1/0k_4k defaultdict(<class 'int'>, {0: 20254})
/user/zhangyixuan/data/minicpm5/sst_cpm5_0117_merge/Functional_Formal_fim_v1/16k_32k defaultdict(<class 'int'>, {})
/user/zhangyixuan/data/minicpm5/sst_cpm5_0117_merge/Functional_Formal_fim_v1_supp/512k_gt defaultdict(<class 'int'>, {})
/user/zhangyixuan/data/minicpm5/sst_cpm5_0117_merge/Functional_Formal_fim_v1_supp/32k_64k defaultdict(<class 'int'>, {0: 287})
/user/zhangyixuan/data/minicpm5/sst_cpm5_0117_merge/Functional_Formal_fim_v1_supp/4k_8k defaultdict(<class 'int'>, {0: 17499})
/user/zhangyixuan/data/minicpm5/sst_cpm5_0117_merge/Functional_Formal_fim_v1_supp/64k_128k defaultdict(<class 'int'>, {})
/user/zhangyixuan/data/minicpm5/sst_cpm5_0117_merge/Functional_Formal_fim_v1_supp/8k_16k defaultdict(<class 'int'>, {0: 6436})
/user/zhangyixuan/data/minicpm5/sst_cpm5_0117_merge/Functional_Formal_fim_v1_supp/256k_512k defaultdict(<class 'int'>, {})
/user/zhangyixuan/data/minicpm5/sst_cpm5_0117_merge/Functional_Formal_fim_v1_supp/0k_4k defaultdict(<class 'int'>, {0: 404422})
/user/zhangyixuan/data/minicpm5/sst_cpm5_0117_merge/Functional_Formal_fim_v1_supp/16k_32k defaultdict(<class 'int'>, {0: 1763})
/user/zhangyixuan/data/minicpm5/sst_cpm5_0117_merge/Functional_Formal_fim_v1_supp/128k_256k defaultdict(<class 'int'>, {})
/user/zhangyixuan/data/minicpm5/sst_cpm5_0117_merge/Hardware_Lowlevel/512k_gt defaultdict(<class 'int'>, {})
/user/zhangyixuan/data/minicpm5/sst_cpm5_0117_merge/Hardware_Lowlevel/32k_64k defaultdict(<class 'int'>, {0: 13555})
/user/zhangyixuan/data/minicpm5/sst_cpm5_0117_merge/Hardware_Lowlevel/4k_8k defaultdict(<class 'int'>, {0: 447060})
/user/zhangyixuan/data/minicpm5/sst_cpm5_0117_merge/Hardware_Lowlevel/64k_128k defaultdict(<class 'int'>, {0: 2336})
/user/zhangyixuan/data/minicpm5/sst_cpm5_0117_merge/Hardware_Lowlevel/8k_16k defaultdict(<class 'int'>, {0: 159432})
/user/zhangyixuan/data/minicpm5/sst_cpm5_0117_merge/Hardware_Lowlevel/256k_512k defaultdict(<class 'int'>, {0: 1937})
/user/zhangyixuan/data/minicpm5/sst_cpm5_0117_merge/Hardware_Lowlevel/0k_4k defaultdict(<class 'int'>, {0: 4599310})
/user/zhangyixuan/data/minicpm5/sst_cpm5_0117_merge/Hardware_Lowlevel/16k_32k defaultdict(<class 'int'>, {0: 49232})
/user/zhangyixuan/data/minicpm5/sst_cpm5_0117_merge/Hardware_Lowlevel/128k_256k defaultdict(<class 'int'>, {0: 3831})
/user/zhangyixuan/data/minicpm5/sst_cpm5_0117_merge/Hardware_Lowlevel_fim_v1/512k_gt defaultdict(<class 'int'>, {})
/user/zhangyixuan/data/minicpm5/sst_cpm5_0117_merge/Hardware_Lowlevel_fim_v1/32k_64k defaultdict(<class 'int'>, {0: 558})
/user/zhangyixuan/data/minicpm5/sst_cpm5_0117_merge/Hardware_Lowlevel_fim_v1/4k_8k defaultdict(<class 'int'>, {0: 41909})
/user/zhangyixuan/data/minicpm5/sst_cpm5_0117_merge/Hardware_Lowlevel_fim_v1/64k_128k defaultdict(<class 'int'>, {})
/user/zhangyixuan/data/minicpm5/sst_cpm5_0117_merge/Hardware_Lowlevel_fim_v1/8k_16k defaultdict(<class 'int'>, {0: 14316})
/user/zhangyixuan/data/minicpm5/sst_cpm5_0117_merge/Hardware_Lowlevel_fim_v1/256k_512k defaultdict(<class 'int'>, {})
/user/zhangyixuan/data/minicpm5/sst_cpm5_0117_merge/Hardware_Lowlevel_fim_v1/0k_4k defaultdict(<class 'int'>, {0: 413662})
/user/zhangyixuan/data/minicpm5/sst_cpm5_0117_merge/Hardware_Lowlevel_fim_v1/16k_32k defaultdict(<class 'int'>, {0: 3838})
/user/zhangyixuan/data/minicpm5/sst_cpm5_0117_merge/Hardware_Lowlevel_fim_v1/128k_256k defaultdict(<class 'int'>, {})
/user/zhangyixuan/data/minicpm5/sst_cpm5_0117_merge/Hardware_Lowlevel_fim_v1_supp/512k_gt defaultdict(<class 'int'>, {})
/user/zhangyixuan/data/minicpm5/sst_cpm5_0117_merge/Hardware_Lowlevel_fim_v1_supp/32k_64k defaultdict(<class 'int'>, {0: 2})
/user/zhangyixuan/data/minicpm5/sst_cpm5_0117_merge/Hardware_Lowlevel_fim_v1_supp/4k_8k defaultdict(<class 'int'>, {0: 3500})
/user/zhangyixuan/data/minicpm5/sst_cpm5_0117_merge/Hardware_Lowlevel_fim_v1_supp/64k_128k defaultdict(<class 'int'>, {})
/user/zhangyixuan/data/minicpm5/sst_cpm5_0117_merge/Hardware_Lowlevel_fim_v1_supp/8k_16k defaultdict(<class 'int'>, {0: 999})
/user/zhangyixuan/data/minicpm5/sst_cpm5_0117_merge/Hardware_Lowlevel_fim_v1_supp/256k_512k defaultdict(<class 'int'>, {})
/user/zhangyixuan/data/minicpm5/sst_cpm5_0117_merge/Hardware_Lowlevel_fim_v1_supp/0k_4k defaultdict(<class 'int'>, {0: 60511})
/user/zhangyixuan/data/minicpm5/sst_cpm5_0117_merge/Hardware_Lowlevel_fim_v1_supp/16k_32k defaultdict(<class 'int'>, {0: 144})
/user/zhangyixuan/data/minicpm5/sst_cpm5_0117_merge/Hardware_Lowlevel_fim_v1_supp/128k_256k defaultdict(<class 'int'>, {})
/user/zhangyixuan/data/minicpm5/sst_cpm5_0117_merge/MultiPL_E/512k_gt defaultdict(<class 'int'>, {0: 15222})
/user/zhangyixuan/data/minicpm5/sst_cpm5_0117_merge/MultiPL_E/32k_64k defaultdict(<class 'int'>, {0: 858710})
/user/zhangyixuan/data/minicpm5/sst_cpm5_0117_merge/MultiPL_E/4k_8k defaultdict(<class 'int'>, {0: 14202123})
/user/zhangyixuan/data/minicpm5/sst_cpm5_0117_merge/MultiPL_E/64k_128k defaultdict(<class 'int'>, {0: 418701})
/user/zhangyixuan/data/minicpm5/sst_cpm5_0117_merge/MultiPL_E/8k_16k defaultdict(<class 'int'>, {0: 6140691})
/user/zhangyixuan/data/minicpm5/sst_cpm5_0117_merge/MultiPL_E/256k_512k defaultdict(<class 'int'>, {0: 20922})
/user/zhangyixuan/data/minicpm5/sst_cpm5_0117_merge/MultiPL_E/0k_4k defaultdict(<class 'int'>, {0: 360827724})
/user/zhangyixuan/data/minicpm5/sst_cpm5_0117_merge/MultiPL_E/16k_32k defaultdict(<class 'int'>, {0: 2167246})
/user/zhangyixuan/data/minicpm5/sst_cpm5_0117_merge/MultiPL_E/128k_256k defaultdict(<class 'int'>, {0: 81522})
/user/zhangyixuan/data/minicpm5/sst_cpm5_0117_merge/MultiPL_E_fim_v1/512k_gt defaultdict(<class 'int'>, {0: 842})
/user/zhangyixuan/data/minicpm5/sst_cpm5_0117_merge/MultiPL_E_fim_v1/32k_64k defaultdict(<class 'int'>, {0: 91688})
/user/zhangyixuan/data/minicpm5/sst_cpm5_0117_merge/MultiPL_E_fim_v1/4k_8k defaultdict(<class 'int'>, {0: 1529995})
/user/zhangyixuan/data/minicpm5/sst_cpm5_0117_merge/MultiPL_E_fim_v1/64k_128k defaultdict(<class 'int'>, {0: 44472})
/user/zhangyixuan/data/minicpm5/sst_cpm5_0117_merge/MultiPL_E_fim_v1/8k_16k defaultdict(<class 'int'>, {0: 669465})
/user/zhangyixuan/data/minicpm5/sst_cpm5_0117_merge/MultiPL_E_fim_v1/256k_512k defaultdict(<class 'int'>, {0: 1582})
/user/zhangyixuan/data/minicpm5/sst_cpm5_0117_merge/MultiPL_E_fim_v1/0k_4k defaultdict(<class 'int'>, {0: 36225355})
/user/zhangyixuan/data/minicpm5/sst_cpm5_0117_merge/MultiPL_E_fim_v1/16k_32k defaultdict(<class 'int'>, {0: 236131})
/user/zhangyixuan/data/minicpm5/sst_cpm5_0117_merge/MultiPL_E_fim_v1/128k_256k defaultdict(<class 'int'>, {0: 8085})
/user/zhangyixuan/data/minicpm5/sst_cpm5_0117_merge/Other_Programming/512k_gt defaultdict(<class 'int'>, {0: 3606})
/user/zhangyixuan/data/minicpm5/sst_cpm5_0117_merge/Other_Programming/32k_64k defaultdict(<class 'int'>, {0: 884610})
/user/zhangyixuan/data/minicpm5/sst_cpm5_0117_merge/Other_Programming/4k_8k defaultdict(<class 'int'>, {0: 9972194})
/user/zhangyixuan/data/minicpm5/sst_cpm5_0117_merge/Other_Programming/64k_128k defaultdict(<class 'int'>, {0: 207225})
/user/zhangyixuan/data/minicpm5/sst_cpm5_0117_merge/Other_Programming/8k_16k defaultdict(<class 'int'>, {0: 5820542})
/user/zhangyixuan/data/minicpm5/sst_cpm5_0117_merge/Other_Programming/256k_512k defaultdict(<class 'int'>, {0: 13824})
/user/zhangyixuan/data/minicpm5/sst_cpm5_0117_merge/Other_Programming/0k_4k defaultdict(<class 'int'>, {0: 89143538})
/user/zhangyixuan/data/minicpm5/sst_cpm5_0117_merge/Other_Programming/16k_32k defaultdict(<class 'int'>, {0: 2788443})
/user/zhangyixuan/data/minicpm5/sst_cpm5_0117_merge/Other_Programming/128k_256k defaultdict(<class 'int'>, {0: 40938})
/user/zhangyixuan/data/minicpm5/sst_cpm5_0117_merge/Other_Programming_fim_v1/512k_gt defaultdict(<class 'int'>, {})
/user/zhangyixuan/data/minicpm5/sst_cpm5_0117_merge/Other_Programming_fim_v1/32k_64k defaultdict(<class 'int'>, {0: 66766})
/user/zhangyixuan/data/minicpm5/sst_cpm5_0117_merge/Other_Programming_fim_v1/4k_8k defaultdict(<class 'int'>, {0: 780893})
/user/zhangyixuan/data/minicpm5/sst_cpm5_0117_merge/Other_Programming_fim_v1/64k_128k defaultdict(<class 'int'>, {0: 15261})
/user/zhangyixuan/data/minicpm5/sst_cpm5_0117_merge/Other_Programming_fim_v1/8k_16k defaultdict(<class 'int'>, {0: 446539})
/user/zhangyixuan/data/minicpm5/sst_cpm5_0117_merge/Other_Programming_fim_v1/256k_512k defaultdict(<class 'int'>, {0: 686})
/user/zhangyixuan/data/minicpm5/sst_cpm5_0117_merge/Other_Programming_fim_v1/0k_4k defaultdict(<class 'int'>, {0: 6750335})
/user/zhangyixuan/data/minicpm5/sst_cpm5_0117_merge/Other_Programming_fim_v1/16k_32k defaultdict(<class 'int'>, {0: 211077})
/user/zhangyixuan/data/minicpm5/sst_cpm5_0117_merge/Other_Programming_fim_v1/128k_256k defaultdict(<class 'int'>, {0: 2752})
/user/zhangyixuan/data/minicpm5/sst_cpm5_0117_merge/Other_Programming_fim_v1_supp/512k_gt defaultdict(<class 'int'>, {})
/user/zhangyixuan/data/minicpm5/sst_cpm5_0117_merge/Other_Programming_fim_v1_supp/32k_64k defaultdict(<class 'int'>, {0: 24})
/user/zhangyixuan/data/minicpm5/sst_cpm5_0117_merge/Other_Programming_fim_v1_supp/4k_8k defaultdict(<class 'int'>, {0: 15725})
/user/zhangyixuan/data/minicpm5/sst_cpm5_0117_merge/Other_Programming_fim_v1_supp/64k_128k defaultdict(<class 'int'>, {})
/user/zhangyixuan/data/minicpm5/sst_cpm5_0117_merge/Other_Programming_fim_v1_supp/8k_16k defaultdict(<class 'int'>, {0: 5034})
/user/zhangyixuan/data/minicpm5/sst_cpm5_0117_merge/Other_Programming_fim_v1_supp/256k_512k defaultdict(<class 'int'>, {})
/user/zhangyixuan/data/minicpm5/sst_cpm5_0117_merge/Other_Programming_fim_v1_supp/0k_4k defaultdict(<class 'int'>, {0: 996312})
/user/zhangyixuan/data/minicpm5/sst_cpm5_0117_merge/Other_Programming_fim_v1_supp/16k_32k defaultdict(<class 'int'>, {0: 1281})
/user/zhangyixuan/data/minicpm5/sst_cpm5_0117_merge/Other_Programming_fim_v1_supp/128k_256k defaultdict(<class 'int'>, {})
/user/zhangyixuan/data/minicpm5/sst_cpm5_0117_merge/Text_Documentation/512k_gt defaultdict(<class 'int'>, {0: 846})
/user/zhangyixuan/data/minicpm5/sst_cpm5_0117_merge/Text_Documentation/32k_64k defaultdict(<class 'int'>, {0: 71868})
/user/zhangyixuan/data/minicpm5/sst_cpm5_0117_merge/Text_Documentation/4k_8k defaultdict(<class 'int'>, {0: 2022332})
/user/zhangyixuan/data/minicpm5/sst_cpm5_0117_merge/Text_Documentation/64k_128k defaultdict(<class 'int'>, {0: 30170})
/user/zhangyixuan/data/minicpm5/sst_cpm5_0117_merge/Text_Documentation/8k_16k defaultdict(<class 'int'>, {0: 830722})
/user/zhangyixuan/data/minicpm5/sst_cpm5_0117_merge/Text_Documentation/256k_512k defaultdict(<class 'int'>, {0: 3291})
/user/zhangyixuan/data/minicpm5/sst_cpm5_0117_merge/Text_Documentation/0k_4k defaultdict(<class 'int'>, {0: 73527893})
/user/zhangyixuan/data/minicpm5/sst_cpm5_0117_merge/Text_Documentation/16k_32k defaultdict(<class 'int'>, {0: 256412})
/user/zhangyixuan/data/minicpm5/sst_cpm5_0117_merge/Text_Documentation/128k_256k defaultdict(<class 'int'>, {0: 9356})
/user/zhangyixuan/data/minicpm5/sst_cpm5_0117_merge/Text_Documentation_fim_v1/32k_64k defaultdict(<class 'int'>, {})
/user/zhangyixuan/data/minicpm5/sst_cpm5_0117_merge/Text_Documentation_fim_v1/4k_8k defaultdict(<class 'int'>, {})
/user/zhangyixuan/data/minicpm5/sst_cpm5_0117_merge/Text_Documentation_fim_v1/64k_128k defaultdict(<class 'int'>, {})
/user/zhangyixuan/data/minicpm5/sst_cpm5_0117_merge/Text_Documentation_fim_v1/8k_16k defaultdict(<class 'int'>, {})
/user/zhangyixuan/data/minicpm5/sst_cpm5_0117_merge/Text_Documentation_fim_v1/0k_4k defaultdict(<class 'int'>, {})
/user/zhangyixuan/data/minicpm5/sst_cpm5_0117_merge/Text_Documentation_fim_v1/16k_32k defaultdict(<class 'int'>, {})
/user/zhangyixuan/data/minicpm5/sst_cpm5_0117_merge/Text_Documentation_fim_v1/128k_256k defaultdict(<class 'int'>, {})
/user/zhangyixuan/data/minicpm5/sst_cpm5_0117_merge/Web_Frontend/512k_gt defaultdict(<class 'int'>, {})
/user/zhangyixuan/data/minicpm5/sst_cpm5_0117_merge/Web_Frontend/32k_64k defaultdict(<class 'int'>, {0: 31430})
/user/zhangyixuan/data/minicpm5/sst_cpm5_0117_merge/Web_Frontend/4k_8k defaultdict(<class 'int'>, {0: 427121})
/user/zhangyixuan/data/minicpm5/sst_cpm5_0117_merge/Web_Frontend/64k_128k defaultdict(<class 'int'>, {0: 12598})
/user/zhangyixuan/data/minicpm5/sst_cpm5_0117_merge/Web_Frontend/8k_16k defaultdict(<class 'int'>, {0: 192152})
/user/zhangyixuan/data/minicpm5/sst_cpm5_0117_merge/Web_Frontend/256k_512k defaultdict(<class 'int'>, {0: 40})
/user/zhangyixuan/data/minicpm5/sst_cpm5_0117_merge/Web_Frontend/0k_4k defaultdict(<class 'int'>, {0: 10953695})
/user/zhangyixuan/data/minicpm5/sst_cpm5_0117_merge/Web_Frontend/16k_32k defaultdict(<class 'int'>, {0: 69843})
/user/zhangyixuan/data/minicpm5/sst_cpm5_0117_merge/Web_Frontend/128k_256k defaultdict(<class 'int'>, {0: 2079})
/user/zhangyixuan/data/minicpm5/sst_cpm5_0117_merge/Web_Frontend_fim_v1/512k_gt defaultdict(<class 'int'>, {})
/user/zhangyixuan/data/minicpm5/sst_cpm5_0117_merge/Web_Frontend_fim_v1/32k_64k defaultdict(<class 'int'>, {0: 2656})
/user/zhangyixuan/data/minicpm5/sst_cpm5_0117_merge/Web_Frontend_fim_v1/4k_8k defaultdict(<class 'int'>, {0: 44301})
/user/zhangyixuan/data/minicpm5/sst_cpm5_0117_merge/Web_Frontend_fim_v1/64k_128k defaultdict(<class 'int'>, {0: 655})
/user/zhangyixuan/data/minicpm5/sst_cpm5_0117_merge/Web_Frontend_fim_v1/8k_16k defaultdict(<class 'int'>, {0: 19511})
/user/zhangyixuan/data/minicpm5/sst_cpm5_0117_merge/Web_Frontend_fim_v1/256k_512k defaultdict(<class 'int'>, {})
/user/zhangyixuan/data/minicpm5/sst_cpm5_0117_merge/Web_Frontend_fim_v1/0k_4k defaultdict(<class 'int'>, {0: 1059571})
/user/zhangyixuan/data/minicpm5/sst_cpm5_0117_merge/Web_Frontend_fim_v1/16k_32k defaultdict(<class 'int'>, {0: 6644})
/user/zhangyixuan/data/minicpm5/sst_cpm5_0117_merge/Web_Frontend_fim_v1/128k_256k defaultdict(<class 'int'>, {})
/user/zhangyixuan/data/minicpm5/sst_cpm5_0117_merge/code_0/en__code_0__2025082500/qa defaultdict(<class 'int'>, {})
/user/zhangyixuan/data/minicpm5/sst_cpm5_0117_merge/code_30w/en__code_30w__2025082500/qa defaultdict(<class 'int'>, {})
/user/zhangyixuan/data/minicpm5/sst_cpm5_0117_merge/code_dedup_new_rule_filtered_v1_transformed/en__code_dedup_new_rule_filtered_v1_transformed__2025082500/512k_gt defaultdict(<class 'int'>, {})
/user/zhangyixuan/data/minicpm5/sst_cpm5_0117_merge/code_dedup_new_rule_filtered_v1_transformed/en__code_dedup_new_rule_filtered_v1_transformed__2025082500/32k_64k defaultdict(<class 'int'>, {})
/user/zhangyixuan/data/minicpm5/sst_cpm5_0117_merge/code_dedup_new_rule_filtered_v1_transformed/en__code_dedup_new_rule_filtered_v1_transformed__2025082500/4k_8k defaultdict(<class 'int'>, {})
/user/zhangyixuan/data/minicpm5/sst_cpm5_0117_merge/code_dedup_new_rule_filtered_v1_transformed/en__code_dedup_new_rule_filtered_v1_transformed__2025082500/64k_128k defaultdict(<class 'int'>, {})
/user/zhangyixuan/data/minicpm5/sst_cpm5_0117_merge/code_dedup_new_rule_filtered_v1_transformed/en__code_dedup_new_rule_filtered_v1_transformed__2025082500/8k_16k defaultdict(<class 'int'>, {})
/user/zhangyixuan/data/minicpm5/sst_cpm5_0117_merge/code_dedup_new_rule_filtered_v1_transformed/en__code_dedup_new_rule_filtered_v1_transformed__2025082500/256k_512k defaultdict(<class 'int'>, {})
/user/zhangyixuan/data/minicpm5/sst_cpm5_0117_merge/code_dedup_new_rule_filtered_v1_transformed/en__code_dedup_new_rule_filtered_v1_transformed__2025082500/0k_4k defaultdict(<class 'int'>, {})
/user/zhangyixuan/data/minicpm5/sst_cpm5_0117_merge/code_dedup_new_rule_filtered_v1_transformed/en__code_dedup_new_rule_filtered_v1_transformed__2025082500/16k_32k defaultdict(<class 'int'>, {})
/user/zhangyixuan/data/minicpm5/sst_cpm5_0117_merge/code_dedup_new_rule_filtered_v1_transformed/en__code_dedup_new_rule_filtered_v1_transformed__2025082500/128k_256k defaultdict(<class 'int'>, {})
/user/zhangyixuan/data/minicpm5/sst_cpm5_0117_merge/code_feedback_241230/en__code_feedback_241230__2025082500/qa defaultdict(<class 'int'>, {})
/user/zhangyixuan/data/minicpm5/sst_cpm5_0117_merge/code_python_to_testbook_250427/en__code_python_to_testbook_250427__2025082500/4k_8k defaultdict(<class 'int'>, {})
/user/zhangyixuan/data/minicpm5/sst_cpm5_0117_merge/code_python_to_testbook_250427/en__code_python_to_testbook_250427__2025082500/0k_4k defaultdict(<class 'int'>, {})
/user/zhangyixuan/data/minicpm5/sst_cpm5_0117_merge/code_to_strucutre_textbook_250407/en__code_to_strucutre_textbook_250407__2025082000/4k_8k defaultdict(<class 'int'>, {})
/user/zhangyixuan/data/minicpm5/sst_cpm5_0117_merge/code_to_strucutre_textbook_250407/en__code_to_strucutre_textbook_250407__2025082000/0k_4k defaultdict(<class 'int'>, {})
/user/zhangyixuan/data/minicpm5/sst_cpm5_0117_merge/evol_code_clean_dedup_whoru/en__evol_code_clean_dedup_whoru__2025082500/qa defaultdict(<class 'int'>, {})
/user/zhangyixuan/data/minicpm5/sst_cpm5_0117_merge/functioncalling_chatml/en__functioncalling_chatml__2025082500/qa defaultdict(<class 'int'>, {})
/user/zhangyixuan/data/minicpm5/sst_cpm5_0117_merge/gcode_0813/zh__gcode_0813__2025082500/qa defaultdict(<class 'int'>, {})
/user/zhangyixuan/data/minicpm5/sst_cpm5_0117_merge/glaive/en__glaive__2025082500/qa defaultdict(<class 'int'>, {})
/user/zhangyixuan/data/minicpm5/sst_cpm5_0117_merge/humanevallike_clean_dedup/none__humanevallike_clean_dedup__2025082500/qa defaultdict(<class 'int'>, {})
/user/zhangyixuan/data/minicpm5/sst_cpm5_0117_merge/jupyter_notebook_markdown_transformed/none__jupyter_notebook_markdown_transformed__2025082500/512k_gt defaultdict(<class 'int'>, {})
/user/zhangyixuan/data/minicpm5/sst_cpm5_0117_merge/jupyter_notebook_markdown_transformed/none__jupyter_notebook_markdown_transformed__2025082500/32k_64k defaultdict(<class 'int'>, {})
/user/zhangyixuan/data/minicpm5/sst_cpm5_0117_merge/jupyter_notebook_markdown_transformed/none__jupyter_notebook_markdown_transformed__2025082500/4k_8k defaultdict(<class 'int'>, {})
/user/zhangyixuan/data/minicpm5/sst_cpm5_0117_merge/jupyter_notebook_markdown_transformed/none__jupyter_notebook_markdown_transformed__2025082500/64k_128k defaultdict(<class 'int'>, {})
/user/zhangyixuan/data/minicpm5/sst_cpm5_0117_merge/jupyter_notebook_markdown_transformed/none__jupyter_notebook_markdown_transformed__2025082500/8k_16k defaultdict(<class 'int'>, {})
/user/zhangyixuan/data/minicpm5/sst_cpm5_0117_merge/jupyter_notebook_markdown_transformed/none__jupyter_notebook_markdown_transformed__2025082500/256k_512k defaultdict(<class 'int'>, {})
/user/zhangyixuan/data/minicpm5/sst_cpm5_0117_merge/jupyter_notebook_markdown_transformed/none__jupyter_notebook_markdown_transformed__2025082500/0k_4k defaultdict(<class 'int'>, {})
/user/zhangyixuan/data/minicpm5/sst_cpm5_0117_merge/jupyter_notebook_markdown_transformed/none__jupyter_notebook_markdown_transformed__2025082500/16k_32k defaultdict(<class 'int'>, {})
/user/zhangyixuan/data/minicpm5/sst_cpm5_0117_merge/jupyter_notebook_markdown_transformed/none__jupyter_notebook_markdown_transformed__2025082500/128k_256k defaultdict(<class 'int'>, {})
/user/zhangyixuan/data/minicpm5/sst_cpm5_0117_merge/lccf_apps_ultracode_aug_data_0818/en__lccf_apps_ultracode_aug_data_0818__2025082500/qa defaultdict(<class 'int'>, {})
/user/zhangyixuan/data/minicpm5/sst_cpm5_0117_merge/leetcode/zh__leetcode__2025080100/qa defaultdict(<class 'int'>, {})
/user/zhangyixuan/data/minicpm5/sst_cpm5_0117_merge/leetcode_pass_code/zh__leetcode_pass_code__2025080100/qa defaultdict(<class 'int'>, {})
/user/zhangyixuan/data/minicpm5/sst_cpm5_0117_merge/leetcode_pass_code_0125/zh__leetcode_pass_code_0125__2025082500/qa defaultdict(<class 'int'>, {})
/user/zhangyixuan/data/minicpm5/sst_cpm5_0117_merge/nvidia_Nemotron-Pretraining-SFT_v1_Nemotron-SFT-Code/nvidia_Nemotron-Pretraining-SFT_v1_Nemotron-SFT-Code__2025110100/32k_64k defaultdict(<class 'int'>, {})
/user/zhangyixuan/data/minicpm5/sst_cpm5_0117_merge/nvidia_Nemotron-Pretraining-SFT_v1_Nemotron-SFT-Code/nvidia_Nemotron-Pretraining-SFT_v1_Nemotron-SFT-Code__2025110100/4k_8k defaultdict(<class 'int'>, {})
/user/zhangyixuan/data/minicpm5/sst_cpm5_0117_merge/nvidia_Nemotron-Pretraining-SFT_v1_Nemotron-SFT-Code/nvidia_Nemotron-Pretraining-SFT_v1_Nemotron-SFT-Code__2025110100/8k_16k defaultdict(<class 'int'>, {})
/user/zhangyixuan/data/minicpm5/sst_cpm5_0117_merge/nvidia_Nemotron-Pretraining-SFT_v1_Nemotron-SFT-Code/nvidia_Nemotron-Pretraining-SFT_v1_Nemotron-SFT-Code__2025110100/0k_4k defaultdict(<class 'int'>, {})
/user/zhangyixuan/data/minicpm5/sst_cpm5_0117_merge/nvidia_Nemotron-Pretraining-SFT_v1_Nemotron-SFT-Code/nvidia_Nemotron-Pretraining-SFT_v1_Nemotron-SFT-Code__2025110100/16k_32k defaultdict(<class 'int'>, {})
/user/zhangyixuan/data/minicpm5/sst_cpm5_0117_merge/nvidia_Nemotron_Pretraining_Code_v1_Synthetic-Code/0k_4k defaultdict(<class 'int'>, {})
/user/zhangyixuan/data/minicpm5/sst_cpm5_0117_merge/opc_annealing_algorithmic_corpus/en__opc_annealing_algorithmic_corpus__2025082000/32k_64k defaultdict(<class 'int'>, {})
/user/zhangyixuan/data/minicpm5/sst_cpm5_0117_merge/opc_annealing_algorithmic_corpus/en__opc_annealing_algorithmic_corpus__2025082000/4k_8k defaultdict(<class 'int'>, {})
/user/zhangyixuan/data/minicpm5/sst_cpm5_0117_merge/opc_annealing_algorithmic_corpus/en__opc_annealing_algorithmic_corpus__2025082000/8k_16k defaultdict(<class 'int'>, {})
/user/zhangyixuan/data/minicpm5/sst_cpm5_0117_merge/opc_annealing_algorithmic_corpus/en__opc_annealing_algorithmic_corpus__2025082000/0k_4k defaultdict(<class 'int'>, {})
/user/zhangyixuan/data/minicpm5/sst_cpm5_0117_merge/opc_annealing_algorithmic_corpus/en__opc_annealing_algorithmic_corpus__2025082000/16k_32k defaultdict(<class 'int'>, {})
/user/zhangyixuan/data/minicpm5/sst_cpm5_0117_merge/opc_annealing_synthetic_code_snippet_corpus/en__opc_annealing_synthetic_code_snippet_corpus__2025082000/0k_4k defaultdict(<class 'int'>, {})
/user/zhangyixuan/data/minicpm5/sst_cpm5_0117_merge/opc_annealing_synthetic_qa_corpus/zh__opc_annealing_synthetic_qa_corpus__2025082000/0k_4k defaultdict(<class 'int'>, {})
/user/zhangyixuan/data/minicpm5/sst_cpm5_0117_merge/parallel_functioncall/zh__parallel_functioncall__2025082500/qa defaultdict(<class 'int'>, {})
/user/zhangyixuan/data/minicpm5/sst_cpm5_0117_merge/RefineCode-code-corpus/en__RefineCode-code-corpus__2025082500/32k_64k defaultdict(<class 'int'>, {0: 26116})
/user/zhangyixuan/data/minicpm5/sst_cpm5_0117_merge/RefineCode-code-corpus/en__RefineCode-code-corpus__2025082500/4k_8k defaultdict(<class 'int'>, {0: 2067944})
/user/zhangyixuan/data/minicpm5/sst_cpm5_0117_merge/RefineCode-code-corpus/en__RefineCode-code-corpus__2025082500/64k_128k defaultdict(<class 'int'>, {0: 5299})
/user/zhangyixuan/data/minicpm5/sst_cpm5_0117_merge/RefineCode-code-corpus/en__RefineCode-code-corpus__2025082500/8k_16k defaultdict(<class 'int'>, {0: 539985})
/user/zhangyixuan/data/minicpm5/sst_cpm5_0117_merge/RefineCode-code-corpus/en__RefineCode-code-corpus__2025082500/256k_512k defaultdict(<class 'int'>, {})
/user/zhangyixuan/data/minicpm5/sst_cpm5_0117_merge/RefineCode-code-corpus/en__RefineCode-code-corpus__2025082500/0k_4k defaultdict(<class 'int'>, {0: 124179595})
/user/zhangyixuan/data/minicpm5/sst_cpm5_0117_merge/RefineCode-code-corpus/en__RefineCode-code-corpus__2025082500/16k_32k defaultdict(<class 'int'>, {0: 126388})
/user/zhangyixuan/data/minicpm5/sst_cpm5_0117_merge/RefineCode-code-corpus/en__RefineCode-code-corpus__2025082500/128k_256k defaultdict(<class 'int'>, {0: 735})
/user/zhangyixuan/data/minicpm5/sst_cpm5_0117_merge/stack_v2_fim/none__stack_v2_fim__2025082500/512k_gt defaultdict(<class 'int'>, {})
/user/zhangyixuan/data/minicpm5/sst_cpm5_0117_merge/stack_v2_fim/none__stack_v2_fim__2025082500/32k_64k defaultdict(<class 'int'>, {})
/user/zhangyixuan/data/minicpm5/sst_cpm5_0117_merge/stack_v2_fim/none__stack_v2_fim__2025082500/4k_8k defaultdict(<class 'int'>, {})
/user/zhangyixuan/data/minicpm5/sst_cpm5_0117_merge/stack_v2_fim/none__stack_v2_fim__2025082500/64k_128k defaultdict(<class 'int'>, {})
/user/zhangyixuan/data/minicpm5/sst_cpm5_0117_merge/stack_v2_fim/none__stack_v2_fim__2025082500/8k_16k defaultdict(<class 'int'>, {})
/user/zhangyixuan/data/minicpm5/sst_cpm5_0117_merge/stack_v2_fim/none__stack_v2_fim__2025082500/256k_512k defaultdict(<class 'int'>, {})
/user/zhangyixuan/data/minicpm5/sst_cpm5_0117_merge/stack_v2_fim/none__stack_v2_fim__2025082500/0k_4k defaultdict(<class 'int'>, {})
/user/zhangyixuan/data/minicpm5/sst_cpm5_0117_merge/stack_v2_fim/none__stack_v2_fim__2025082500/16k_32k defaultdict(<class 'int'>, {})
/user/zhangyixuan/data/minicpm5/sst_cpm5_0117_merge/stack_v2_fim/none__stack_v2_fim__2025082500/128k_256k defaultdict(<class 'int'>, {})
/user/zhangyixuan/data/minicpm5/sst_cpm5_0117_merge/stack_v2_full_not_code_transformed/zh__stack_v2_full_not_code_transformed__2025082500/512k_gt defaultdict(<class 'int'>, {})
/user/zhangyixuan/data/minicpm5/sst_cpm5_0117_merge/stack_v2_full_not_code_transformed/zh__stack_v2_full_not_code_transformed__2025082500/32k_64k defaultdict(<class 'int'>, {0: 8632})
/user/zhangyixuan/data/minicpm5/sst_cpm5_0117_merge/stack_v2_full_not_code_transformed/zh__stack_v2_full_not_code_transformed__2025082500/4k_8k defaultdict(<class 'int'>, {0: 234266})
/user/zhangyixuan/data/minicpm5/sst_cpm5_0117_merge/stack_v2_full_not_code_transformed/zh__stack_v2_full_not_code_transformed__2025082500/64k_128k defaultdict(<class 'int'>, {0: 2418})
/user/zhangyixuan/data/minicpm5/sst_cpm5_0117_merge/stack_v2_full_not_code_transformed/zh__stack_v2_full_not_code_transformed__2025082500/8k_16k defaultdict(<class 'int'>, {0: 79040})
/user/zhangyixuan/data/minicpm5/sst_cpm5_0117_merge/stack_v2_full_not_code_transformed/zh__stack_v2_full_not_code_transformed__2025082500/256k_512k defaultdict(<class 'int'>, {})
/user/zhangyixuan/data/minicpm5/sst_cpm5_0117_merge/stack_v2_full_not_code_transformed/zh__stack_v2_full_not_code_transformed__2025082500/0k_4k defaultdict(<class 'int'>, {0: 10842850})
/user/zhangyixuan/data/minicpm5/sst_cpm5_0117_merge/stack_v2_full_not_code_transformed/zh__stack_v2_full_not_code_transformed__2025082500/16k_32k defaultdict(<class 'int'>, {0: 26657})
/user/zhangyixuan/data/minicpm5/sst_cpm5_0117_merge/stack_v2_full_not_code_transformed/zh__stack_v2_full_not_code_transformed__2025082500/128k_256k defaultdict(<class 'int'>, {0: 562})
/user/zhangyixuan/data/minicpm5/sst_cpm5_0117_merge/task_oriented/zh__task_oriented__2025082500/qa defaultdict(<class 'int'>, {})
/user/zhangyixuan/data/minicpm5/sst_cpm5_0117_merge/the_stack_v2_rule_filtered_transformed/en__the_stack_v2_rule_filtered_transformed__2025082500/512k_gt defaultdict(<class 'int'>, {})
/user/zhangyixuan/data/minicpm5/sst_cpm5_0117_merge/the_stack_v2_rule_filtered_transformed/en__the_stack_v2_rule_filtered_transformed__2025082500/32k_64k defaultdict(<class 'int'>, {})
/user/zhangyixuan/data/minicpm5/sst_cpm5_0117_merge/the_stack_v2_rule_filtered_transformed/en__the_stack_v2_rule_filtered_transformed__2025082500/4k_8k defaultdict(<class 'int'>, {})
/user/zhangyixuan/data/minicpm5/sst_cpm5_0117_merge/the_stack_v2_rule_filtered_transformed/en__the_stack_v2_rule_filtered_transformed__2025082500/64k_128k defaultdict(<class 'int'>, {})
/user/zhangyixuan/data/minicpm5/sst_cpm5_0117_merge/the_stack_v2_rule_filtered_transformed/en__the_stack_v2_rule_filtered_transformed__2025082500/8k_16k defaultdict(<class 'int'>, {})
/user/zhangyixuan/data/minicpm5/sst_cpm5_0117_merge/the_stack_v2_rule_filtered_transformed/en__the_stack_v2_rule_filtered_transformed__2025082500/256k_512k defaultdict(<class 'int'>, {})
/user/zhangyixuan/data/minicpm5/sst_cpm5_0117_merge/the_stack_v2_rule_filtered_transformed/en__the_stack_v2_rule_filtered_transformed__2025082500/0k_4k defaultdict(<class 'int'>, {})
/user/zhangyixuan/data/minicpm5/sst_cpm5_0117_merge/the_stack_v2_rule_filtered_transformed/en__the_stack_v2_rule_filtered_transformed__2025082500/16k_32k defaultdict(<class 'int'>, {})
/user/zhangyixuan/data/minicpm5/sst_cpm5_0117_merge/the_stack_v2_rule_filtered_transformed/en__the_stack_v2_rule_filtered_transformed__2025082500/128k_256k defaultdict(<class 'int'>, {})
/user/zhangyixuan/data/minicpm5/sst_cpm5_0117_merge/tinycode_sciphi/en__tinycode_sciphi__2025082500/qa defaultdict(<class 'int'>, {})
/user/zhangyixuan/data/minicpm5/sst_cpm5_0117_merge/web_code_en_dedup_new/en__web_code_en_dedup_new__2025082500/4k_8k defaultdict(<class 'int'>, {})
/user/zhangyixuan/data/minicpm5/sst_cpm5_0117_merge/web_code_en_dedup_new/en__web_code_en_dedup_new__2025082500/0k_4k defaultdict(<class 'int'>, {})
/user/zhangyixuan/data/minicpm5/sst_cpm5_0117_merge/web_code_zh_dedup_new/zh__web_code_zh_dedup_new__2025082500/4k_8k defaultdict(<class 'int'>, {})
/user/zhangyixuan/data/minicpm5/sst_cpm5_0117_merge/web_code_zh_dedup_new/zh__web_code_zh_dedup_new__2025082500/8k_16k defaultdict(<class 'int'>, {})
/user/zhangyixuan/data/minicpm5/sst_cpm5_0117_merge/web_code_zh_dedup_new/zh__web_code_zh_dedup_new__2025082500/0k_4k defaultdict(<class 'int'>, {})
/user/zhangyixuan/data/minicpm5/sst_cpm5_0117_merge/xlam_function_calling_60k/en__xlam_function_calling_60k__2025082500/qa defaultdict(<class 'int'>, {})
/user/zhangyixuan/data/minicpm5/sst_cpm5_0117_merge/Nemotron-Pretraining-Scientific-Coding/Nemotron-Pretraining-Scientific-Coding__20251219/0k_4k defaultdict(<class 'int'>, {})
/user/zhangyixuan/data/minicpm5/sst_cpm5_0117_merge/CCI4.0_cot_synthesis_code/en__CCI4.0_cot_synthesis_code__2025103000/4k_8k defaultdict(<class 'int'>, {0: 27439})
/user/zhangyixuan/data/minicpm5/sst_cpm5_0117_merge/CCI4.0_cot_synthesis_code/en__CCI4.0_cot_synthesis_code__2025103000/0k_4k defaultdict(<class 'int'>, {0: 7747539})
/user/zhangyixuan/data/minicpm5/sst_cpm5_0117_merge/CCI4.0_code/en__CCI4.0_code__2025103000/4k_8k defaultdict(<class 'int'>, {0: 7268, 1: 2})
/user/zhangyixuan/data/minicpm5/sst_cpm5_0117_merge/CCI4.0_code/en__CCI4.0_code__2025103000/8k_16k defaultdict(<class 'int'>, {0: 1232})
/user/zhangyixuan/data/minicpm5/sst_cpm5_0117_merge/CCI4.0_code/en__CCI4.0_code__2025103000/0k_4k defaultdict(<class 'int'>, {0: 1308336})
/user/zhangyixuan/data/minicpm5/sst_cpm5_0117_merge/CCI4.0_code/en__CCI4.0_code__2025103000/16k_32k defaultdict(<class 'int'>, {0: 33})
/user/zhangyixuan/data/minicpm5/sst_cpm5_0117_merge/Nemotron-Pretraining-Code-v2_synthetic-code-review/Nemotron-Pretraining-Code-v2_synthetic-code-review__20260109/4k_8k defaultdict(<class 'int'>, {})
/user/zhangyixuan/data/minicpm5/sst_cpm5_0117_merge/Nemotron-Pretraining-Code-v2_synthetic-code-review/Nemotron-Pretraining-Code-v2_synthetic-code-review__20260109/0k_4k defaultdict(<class 'int'>, {})
/user/zhangyixuan/data/minicpm5/sst_cpm5_0117_merge/Nemotron-Pretraining-Code-v2_synthetic-question-answering/Nemotron-Pretraining-Code-v2_synthetic-question-answering__20260109/0k_4k defaultdict(<class 'int'>, {})
/user/zhangyixuan/data/minicpm5/sst_cpm5_0117_merge/Nemotron-Pretraining-Code-v2_ynthetic-student-teacher/Nemotron-Pretraining-Code-v2_ynthetic-student-teacher__20260109/0k_4k defaultdict(<class 'int'>, {})
/user/zhangyixuan/data/minicpm5/sst_cpm5_0117_merge/Nemotron-Pretraining-Code-v2_synthetic-transpilation/Nemotron-Pretraining-Code-v2_synthetic-transpilation__20260109/0k_4k defaultdict(<class 'int'>, {})
/user/zhangyixuan/data/minicpm5/sst_cpm5_0117_merge/Nemotron-Pretraining-Code-v2_synthetic-rewriting/Nemotron-Pretraining-Code-v2_synthetic-rewriting__20260109/0k_4k defaultdict(<class 'int'>, {})
/user/zhangyixuan/data/minicpm5/sst_cpm5_0117_merge/CCI4.0_zh_cc/zh__CCI4.0_zh_cc__2025112200/32k_64k defaultdict(<class 'int'>, {0: 6})
/user/zhangyixuan/data/minicpm5/sst_cpm5_0117_merge/CCI4.0_zh_cc/zh__CCI4.0_zh_cc__2025112200/4k_8k defaultdict(<class 'int'>, {0: 67266})
/user/zhangyixuan/data/minicpm5/sst_cpm5_0117_merge/CCI4.0_zh_cc/zh__CCI4.0_zh_cc__2025112200/64k_128k defaultdict(<class 'int'>, {})
/user/zhangyixuan/data/minicpm5/sst_cpm5_0117_merge/CCI4.0_zh_cc/zh__CCI4.0_zh_cc__2025112200/8k_16k defaultdict(<class 'int'>, {0: 12501})
/user/zhangyixuan/data/minicpm5/sst_cpm5_0117_merge/CCI4.0_zh_cc/zh__CCI4.0_zh_cc__2025112200/0k_4k defaultdict(<class 'int'>, {0: 12054827})
/user/zhangyixuan/data/minicpm5/sst_cpm5_0117_merge/CCI4.0_zh_cc/zh__CCI4.0_zh_cc__2025112200/16k_32k defaultdict(<class 'int'>, {0: 1723})
/user/zhangyixuan/data/minicpm5/sst_cpm5_0117_merge/chinesewebtext/zh__chinesewebtext__2025112200/0k_4k defaultdict(<class 'int'>, {})
/user/zhangyixuan/data/minicpm5/sst_cpm5_0117_merge/cw_zh/cw_zh__2025112200/32k_64k defaultdict(<class 'int'>, {})
/user/zhangyixuan/data/minicpm5/sst_cpm5_0117_merge/cw_zh/cw_zh__2025112200/4k_8k defaultdict(<class 'int'>, {0: 13911})
/user/zhangyixuan/data/minicpm5/sst_cpm5_0117_merge/cw_zh/cw_zh__2025112200/8k_16k defaultdict(<class 'int'>, {0: 2397})
/user/zhangyixuan/data/minicpm5/sst_cpm5_0117_merge/cw_zh/cw_zh__2025112200/0k_4k defaultdict(<class 'int'>, {0: 302656})
/user/zhangyixuan/data/minicpm5/sst_cpm5_0117_merge/cw_zh/cw_zh__2025112200/16k_32k defaultdict(<class 'int'>, {0: 65})
/user/zhangyixuan/data/minicpm5/sst_cpm5_0117_merge/fineweb2_zh/fineweb2_zh__2025112200/32k_64k defaultdict(<class 'int'>, {0: 17})
/user/zhangyixuan/data/minicpm5/sst_cpm5_0117_merge/fineweb2_zh/fineweb2_zh__2025112200/4k_8k defaultdict(<class 'int'>, {0: 44222})
/user/zhangyixuan/data/minicpm5/sst_cpm5_0117_merge/fineweb2_zh/fineweb2_zh__2025112200/64k_128k defaultdict(<class 'int'>, {})
/user/zhangyixuan/data/minicpm5/sst_cpm5_0117_merge/fineweb2_zh/fineweb2_zh__2025112200/8k_16k defaultdict(<class 'int'>, {0: 8888})
/user/zhangyixuan/data/minicpm5/sst_cpm5_0117_merge/fineweb2_zh/fineweb2_zh__2025112200/0k_4k defaultdict(<class 'int'>, {0: 4656586})
/user/zhangyixuan/data/minicpm5/sst_cpm5_0117_merge/fineweb2_zh/fineweb2_zh__2025112200/16k_32k defaultdict(<class 'int'>, {0: 1621})
/user/zhangyixuan/data/minicpm5/sst_cpm5_0117_merge/industrycorpus/zh__industrycorpus__2025112200/4k_8k defaultdict(<class 'int'>, {})
/user/zhangyixuan/data/minicpm5/sst_cpm5_0117_merge/industrycorpus/zh__industrycorpus__2025112200/8k_16k defaultdict(<class 'int'>, {})
/user/zhangyixuan/data/minicpm5/sst_cpm5_0117_merge/industrycorpus/zh__industrycorpus__2025112200/0k_4k defaultdict(<class 'int'>, {})
/user/zhangyixuan/data/minicpm5/sst_cpm5_0117_merge/industrycorpus/zh__industrycorpus__2025112200/16k_32k defaultdict(<class 'int'>, {})
/user/zhangyixuan/data/minicpm5/sst_cpm5_0117_merge/michao/zh__michao__2025112200/4k_8k defaultdict(<class 'int'>, {})
/user/zhangyixuan/data/minicpm5/sst_cpm5_0117_merge/michao/zh__michao__2025112200/8k_16k defaultdict(<class 'int'>, {})
/user/zhangyixuan/data/minicpm5/sst_cpm5_0117_merge/michao/zh__michao__2025112200/0k_4k defaultdict(<class 'int'>, {})
/user/zhangyixuan/data/minicpm5/sst_cpm5_0117_merge/michao/zh__michao__2025112200/16k_32k defaultdict(<class 'int'>, {})
/user/zhangyixuan/data/minicpm5/sst_cpm5_0117_merge/skypile/zh__skypile__2025112200/32k_64k defaultdict(<class 'int'>, {})
/user/zhangyixuan/data/minicpm5/sst_cpm5_0117_merge/skypile/zh__skypile__2025112200/4k_8k defaultdict(<class 'int'>, {})
/user/zhangyixuan/data/minicpm5/sst_cpm5_0117_merge/skypile/zh__skypile__2025112200/8k_16k defaultdict(<class 'int'>, {})
/user/zhangyixuan/data/minicpm5/sst_cpm5_0117_merge/skypile/zh__skypile__2025112200/0k_4k defaultdict(<class 'int'>, {})
/user/zhangyixuan/data/minicpm5/sst_cpm5_0117_merge/skypile/zh__skypile__2025112200/16k_32k defaultdict(<class 'int'>, {})
/user/zhangyixuan/data/minicpm5/sst_cpm5_0117_merge/tele.ai/zh__tele.ai__2025112200/4k_8k defaultdict(<class 'int'>, {})
/user/zhangyixuan/data/minicpm5/sst_cpm5_0117_merge/tele.ai/zh__tele.ai__2025112200/0k_4k defaultdict(<class 'int'>, {})
/user/zhangyixuan/data/minicpm5/sst_cpm5_0117_merge/wudao/zh__wudao__2025112200/32k_64k defaultdict(<class 'int'>, {})
/user/zhangyixuan/data/minicpm5/sst_cpm5_0117_merge/wudao/zh__wudao__2025112200/4k_8k defaultdict(<class 'int'>, {})
/user/zhangyixuan/data/minicpm5/sst_cpm5_0117_merge/wudao/zh__wudao__2025112200/8k_16k defaultdict(<class 'int'>, {})
/user/zhangyixuan/data/minicpm5/sst_cpm5_0117_merge/wudao/zh__wudao__2025112200/0k_4k defaultdict(<class 'int'>, {})
/user/zhangyixuan/data/minicpm5/sst_cpm5_0117_merge/wudao/zh__wudao__2025112200/16k_32k defaultdict(<class 'int'>, {})
/user/zhangyixuan/data/minicpm5/sst_cpm5_0117_merge/zh_chinesewebtext/zh__zh_chinesewebtext__2025112200/4k_8k defaultdict(<class 'int'>, {})
/user/zhangyixuan/data/minicpm5/sst_cpm5_0117_merge/zh_chinesewebtext/zh__zh_chinesewebtext__2025112200/8k_16k defaultdict(<class 'int'>, {})
/user/zhangyixuan/data/minicpm5/sst_cpm5_0117_merge/zh_chinesewebtext/zh__zh_chinesewebtext__2025112200/0k_4k defaultdict(<class 'int'>, {})
/user/zhangyixuan/data/minicpm5/sst_cpm5_0117_merge/zh_common_crawl/zh__zh_common_crawl__2025112200/4k_8k defaultdict(<class 'int'>, {})
/user/zhangyixuan/data/minicpm5/sst_cpm5_0117_merge/zh_common_crawl/zh__zh_common_crawl__2025112200/8k_16k defaultdict(<class 'int'>, {})
/user/zhangyixuan/data/minicpm5/sst_cpm5_0117_merge/zh_common_crawl/zh__zh_common_crawl__2025112200/0k_4k defaultdict(<class 'int'>, {})
/user/zhangyixuan/data/minicpm5/sst_cpm5_0117_merge/zwjcylk_wxb/zh__zwjcylk_wxb__2025112200/4k_8k defaultdict(<class 'int'>, {0: 4170})
/user/zhangyixuan/data/minicpm5/sst_cpm5_0117_merge/zwjcylk_wxb/zh__zwjcylk_wxb__2025112200/8k_16k defaultdict(<class 'int'>, {0: 220})
/user/zhangyixuan/data/minicpm5/sst_cpm5_0117_merge/zwjcylk_wxb/zh__zwjcylk_wxb__2025112200/0k_4k defaultdict(<class 'int'>, {0: 2510912})
/user/zhangyixuan/data/minicpm5/sst_cpm5_0117_merge/zwjcylk_wxb/zh__zwjcylk_wxb__2025112200/16k_32k defaultdict(<class 'int'>, {})
/user/zhangyixuan/data/minicpm5/sst_cpm5_0117_merge/mlfoundations_dclm-baseline-1.0/en__mlfoundations_dclm-baseline-1.0__2025112200/32k_64k defaultdict(<class 'int'>, {0: 1197})
/user/zhangyixuan/data/minicpm5/sst_cpm5_0117_merge/mlfoundations_dclm-baseline-1.0/en__mlfoundations_dclm-baseline-1.0__2025112200/4k_8k defaultdict(<class 'int'>, {0: 107781})
/user/zhangyixuan/data/minicpm5/sst_cpm5_0117_merge/mlfoundations_dclm-baseline-1.0/en__mlfoundations_dclm-baseline-1.0__2025112200/64k_128k defaultdict(<class 'int'>, {0: 49})
/user/zhangyixuan/data/minicpm5/sst_cpm5_0117_merge/mlfoundations_dclm-baseline-1.0/en__mlfoundations_dclm-baseline-1.0__2025112200/8k_16k defaultdict(<class 'int'>, {0: 40719})
/user/zhangyixuan/data/minicpm5/sst_cpm5_0117_merge/mlfoundations_dclm-baseline-1.0/en__mlfoundations_dclm-baseline-1.0__2025112200/0k_4k defaultdict(<class 'int'>, {0: 4083665})
/user/zhangyixuan/data/minicpm5/sst_cpm5_0117_merge/mlfoundations_dclm-baseline-1.0/en__mlfoundations_dclm-baseline-1.0__2025112200/16k_32k defaultdict(<class 'int'>, {0: 8913})
/user/zhangyixuan/data/minicpm5/sst_cpm5_0117_merge/mlfoundations_dclm-baseline-1.0/en__mlfoundations_dclm-baseline-1.0__2025112200/128k_256k defaultdict(<class 'int'>, {})
/user/zhangyixuan/data/minicpm5/sst_cpm5_0117_merge/nemotron-medium/en__nemotron-medium__2025112200/32k_64k defaultdict(<class 'int'>, {0: 2869})
/user/zhangyixuan/data/minicpm5/sst_cpm5_0117_merge/nemotron-medium/en__nemotron-medium__2025112200/4k_8k defaultdict(<class 'int'>, {0: 142916})
/user/zhangyixuan/data/minicpm5/sst_cpm5_0117_merge/nemotron-medium/en__nemotron-medium__2025112200/64k_128k defaultdict(<class 'int'>, {0: 680})
/user/zhangyixuan/data/minicpm5/sst_cpm5_0117_merge/nemotron-medium/en__nemotron-medium__2025112200/8k_16k defaultdict(<class 'int'>, {0: 43121})
/user/zhangyixuan/data/minicpm5/sst_cpm5_0117_merge/nemotron-medium/en__nemotron-medium__2025112200/0k_4k defaultdict(<class 'int'>, {0: 7799710})
/user/zhangyixuan/data/minicpm5/sst_cpm5_0117_merge/nemotron-medium/en__nemotron-medium__2025112200/16k_32k defaultdict(<class 'int'>, {0: 9780})
/user/zhangyixuan/data/minicpm5/sst_cpm5_0117_merge/nemotron-medium/en__nemotron-medium__2025112200/128k_256k defaultdict(<class 'int'>, {})
/user/zhangyixuan/data/minicpm5/sst_cpm5_0117_merge/nemotron-medium-high/en__nemotron-medium-high__2025112200/32k_64k defaultdict(<class 'int'>, {0: 909})
/user/zhangyixuan/data/minicpm5/sst_cpm5_0117_merge/nemotron-medium-high/en__nemotron-medium-high__2025112200/4k_8k defaultdict(<class 'int'>, {0: 73633})
/user/zhangyixuan/data/minicpm5/sst_cpm5_0117_merge/nemotron-medium-high/en__nemotron-medium-high__2025112200/64k_128k defaultdict(<class 'int'>, {0: 17})
/user/zhangyixuan/data/minicpm5/sst_cpm5_0117_merge/nemotron-medium-high/en__nemotron-medium-high__2025112200/8k_16k defaultdict(<class 'int'>, {0: 23097})
/user/zhangyixuan/data/minicpm5/sst_cpm5_0117_merge/nemotron-medium-high/en__nemotron-medium-high__2025112200/0k_4k defaultdict(<class 'int'>, {0: 3741366})
/user/zhangyixuan/data/minicpm5/sst_cpm5_0117_merge/nemotron-medium-high/en__nemotron-medium-high__2025112200/16k_32k defaultdict(<class 'int'>, {0: 5036})
/user/zhangyixuan/data/minicpm5/sst_cpm5_0117_merge/nemotron-medium-high/en__nemotron-medium-high__2025112200/128k_256k defaultdict(<class 'int'>, {})
/user/zhangyixuan/data/minicpm5/sst_cpm5_0117_merge/nemotron-medium-low/en__nemotron-medium-low__2025112200/32k_64k defaultdict(<class 'int'>, {})
/user/zhangyixuan/data/minicpm5/sst_cpm5_0117_merge/nemotron-medium-low/en__nemotron-medium-low__2025112200/4k_8k defaultdict(<class 'int'>, {})
/user/zhangyixuan/data/minicpm5/sst_cpm5_0117_merge/nemotron-medium-low/en__nemotron-medium-low__2025112200/64k_128k defaultdict(<class 'int'>, {})
/user/zhangyixuan/data/minicpm5/sst_cpm5_0117_merge/nemotron-medium-low/en__nemotron-medium-low__2025112200/8k_16k defaultdict(<class 'int'>, {})
/user/zhangyixuan/data/minicpm5/sst_cpm5_0117_merge/nemotron-medium-low/en__nemotron-medium-low__2025112200/0k_4k defaultdict(<class 'int'>, {})
/user/zhangyixuan/data/minicpm5/sst_cpm5_0117_merge/nemotron-medium-low/en__nemotron-medium-low__2025112200/16k_32k defaultdict(<class 'int'>, {})
/user/zhangyixuan/data/minicpm5/sst_cpm5_0117_merge/nemotron-medium-low/en__nemotron-medium-low__2025112200/128k_256k defaultdict(<class 'int'>, {})
/user/zhangyixuan/data/minicpm5/sst_cpm5_0117_merge/nvidia_Nemotron_CC-v2_Medium-High-Quality/nvidia_Nemotron_CC-v2_Medium-High-Quality__2025112200/32k_64k defaultdict(<class 'int'>, {0: 681})
/user/zhangyixuan/data/minicpm5/sst_cpm5_0117_merge/nvidia_Nemotron_CC-v2_Medium-High-Quality/nvidia_Nemotron_CC-v2_Medium-High-Quality__2025112200/4k_8k defaultdict(<class 'int'>, {0: 70004})
/user/zhangyixuan/data/minicpm5/sst_cpm5_0117_merge/nvidia_Nemotron_CC-v2_Medium-High-Quality/nvidia_Nemotron_CC-v2_Medium-High-Quality__2025112200/64k_128k defaultdict(<class 'int'>, {0: 5})
/user/zhangyixuan/data/minicpm5/sst_cpm5_0117_merge/nvidia_Nemotron_CC-v2_Medium-High-Quality/nvidia_Nemotron_CC-v2_Medium-High-Quality__2025112200/8k_16k defaultdict(<class 'int'>, {0: 21544})
/user/zhangyixuan/data/minicpm5/sst_cpm5_0117_merge/nvidia_Nemotron_CC-v2_Medium-High-Quality/nvidia_Nemotron_CC-v2_Medium-High-Quality__2025112200/0k_4k defaultdict(<class 'int'>, {0: 3657156})
/user/zhangyixuan/data/minicpm5/sst_cpm5_0117_merge/nvidia_Nemotron_CC-v2_Medium-High-Quality/nvidia_Nemotron_CC-v2_Medium-High-Quality__2025112200/16k_32k defaultdict(<class 'int'>, {0: 4537})
/user/zhangyixuan/data/minicpm5/sst_cpm5_0117_merge/nvidia_Nemotron_CC-v2_Medium-High-Quality/nvidia_Nemotron_CC-v2_Medium-High-Quality__2025112200/128k_256k defaultdict(<class 'int'>, {})
/user/zhangyixuan/data/minicpm5/sst_cpm5_0117_merge/nvidia_Nemotron_CC-v2_Medium-Quality/nvidia_Nemotron_CC-v2_Medium-Quality__2025112200/32k_64k defaultdict(<class 'int'>, {0: 2924})
/user/zhangyixuan/data/minicpm5/sst_cpm5_0117_merge/nvidia_Nemotron_CC-v2_Medium-Quality/nvidia_Nemotron_CC-v2_Medium-Quality__2025112200/4k_8k defaultdict(<class 'int'>, {0: 149487})
/user/zhangyixuan/data/minicpm5/sst_cpm5_0117_merge/nvidia_Nemotron_CC-v2_Medium-Quality/nvidia_Nemotron_CC-v2_Medium-Quality__2025112200/64k_128k defaultdict(<class 'int'>, {0: 657})
/user/zhangyixuan/data/minicpm5/sst_cpm5_0117_merge/nvidia_Nemotron_CC-v2_Medium-Quality/nvidia_Nemotron_CC-v2_Medium-Quality__2025112200/8k_16k defaultdict(<class 'int'>, {0: 44877})
/user/zhangyixuan/data/minicpm5/sst_cpm5_0117_merge/nvidia_Nemotron_CC-v2_Medium-Quality/nvidia_Nemotron_CC-v2_Medium-Quality__2025112200/0k_4k defaultdict(<class 'int'>, {0: 8368151})
/user/zhangyixuan/data/minicpm5/sst_cpm5_0117_merge/nvidia_Nemotron_CC-v2_Medium-Quality/nvidia_Nemotron_CC-v2_Medium-Quality__2025112200/16k_32k defaultdict(<class 'int'>, {0: 10061})
/user/zhangyixuan/data/minicpm5/sst_cpm5_0117_merge/nvidia_Nemotron_CC-v2_Medium-Quality/nvidia_Nemotron_CC-v2_Medium-Quality__2025112200/128k_256k defaultdict(<class 'int'>, {})
/user/zhangyixuan/data/minicpm5/sst_cpm5_0117_merge/Nemotron-CC-v2.1_Medium-High-Quality/Nemotron-CC-v2.1_Medium-High-Quality__20260109/32k_64k defaultdict(<class 'int'>, {})
/user/zhangyixuan/data/minicpm5/sst_cpm5_0117_merge/Nemotron-CC-v2.1_Medium-High-Quality/Nemotron-CC-v2.1_Medium-High-Quality__20260109/4k_8k defaultdict(<class 'int'>, {0: 1476})
/user/zhangyixuan/data/minicpm5/sst_cpm5_0117_merge/Nemotron-CC-v2.1_Medium-High-Quality/Nemotron-CC-v2.1_Medium-High-Quality__20260109/64k_128k defaultdict(<class 'int'>, {})
/user/zhangyixuan/data/minicpm5/sst_cpm5_0117_merge/Nemotron-CC-v2.1_Medium-High-Quality/Nemotron-CC-v2.1_Medium-High-Quality__20260109/8k_16k defaultdict(<class 'int'>, {0: 156})
/user/zhangyixuan/data/minicpm5/sst_cpm5_0117_merge/Nemotron-CC-v2.1_Medium-High-Quality/Nemotron-CC-v2.1_Medium-High-Quality__20260109/0k_4k defaultdict(<class 'int'>, {0: 147471})
/user/zhangyixuan/data/minicpm5/sst_cpm5_0117_merge/Nemotron-CC-v2.1_Medium-High-Quality/Nemotron-CC-v2.1_Medium-High-Quality__20260109/16k_32k defaultdict(<class 'int'>, {})
/user/zhangyixuan/data/minicpm5/sst_cpm5_0117_merge/Nemotron-CC-v2.1_Medium-High-Quality/Nemotron-CC-v2.1_Medium-High-Quality__20260109/128k_256k defaultdict(<class 'int'>, {})
/user/zhangyixuan/data/minicpm5/sst_cpm5_0117_merge/Nemotron-CC-v2.1_Medium-Quality/Nemotron-CC-v2.1_Medium-Quality__20260109/32k_64k defaultdict(<class 'int'>, {})
/user/zhangyixuan/data/minicpm5/sst_cpm5_0117_merge/Nemotron-CC-v2.1_Medium-Quality/Nemotron-CC-v2.1_Medium-Quality__20260109/4k_8k defaultdict(<class 'int'>, {0: 2318})
/user/zhangyixuan/data/minicpm5/sst_cpm5_0117_merge/Nemotron-CC-v2.1_Medium-Quality/Nemotron-CC-v2.1_Medium-Quality__20260109/64k_128k defaultdict(<class 'int'>, {})
/user/zhangyixuan/data/minicpm5/sst_cpm5_0117_merge/Nemotron-CC-v2.1_Medium-Quality/Nemotron-CC-v2.1_Medium-Quality__20260109/8k_16k defaultdict(<class 'int'>, {0: 358})
/user/zhangyixuan/data/minicpm5/sst_cpm5_0117_merge/Nemotron-CC-v2.1_Medium-Quality/Nemotron-CC-v2.1_Medium-Quality__20260109/256k_512k defaultdict(<class 'int'>, {})
/user/zhangyixuan/data/minicpm5/sst_cpm5_0117_merge/Nemotron-CC-v2.1_Medium-Quality/Nemotron-CC-v2.1_Medium-Quality__20260109/0k_4k defaultdict(<class 'int'>, {0: 261223})
/user/zhangyixuan/data/minicpm5/sst_cpm5_0117_merge/Nemotron-CC-v2.1_Medium-Quality/Nemotron-CC-v2.1_Medium-Quality__20260109/16k_32k defaultdict(<class 'int'>, {0: 7})
/user/zhangyixuan/data/minicpm5/sst_cpm5_0117_merge/Nemotron-CC-v2.1_Medium-Quality/Nemotron-CC-v2.1_Medium-Quality__20260109/128k_256k defaultdict(<class 'int'>, {})
/user/zhangyixuan/data/minicpm5/sst_cpm5_0117_merge/chinese_fineweb_edu_v2/zh__chinese_fineweb_edu_v2__2025112200/32k_64k defaultdict(<class 'int'>, {0: 3860})
/user/zhangyixuan/data/minicpm5/sst_cpm5_0117_merge/chinese_fineweb_edu_v2/zh__chinese_fineweb_edu_v2__2025112200/4k_8k defaultdict(<class 'int'>, {0: 867827})
/user/zhangyixuan/data/minicpm5/sst_cpm5_0117_merge/chinese_fineweb_edu_v2/zh__chinese_fineweb_edu_v2__2025112200/64k_128k defaultdict(<class 'int'>, {0: 20})
/user/zhangyixuan/data/minicpm5/sst_cpm5_0117_merge/chinese_fineweb_edu_v2/zh__chinese_fineweb_edu_v2__2025112200/8k_16k defaultdict(<class 'int'>, {0: 196139})
/user/zhangyixuan/data/minicpm5/sst_cpm5_0117_merge/chinese_fineweb_edu_v2/zh__chinese_fineweb_edu_v2__2025112200/0k_4k defaultdict(<class 'int'>, {0: 63504702})
/user/zhangyixuan/data/minicpm5/sst_cpm5_0117_merge/chinese_fineweb_edu_v2/zh__chinese_fineweb_edu_v2__2025112200/16k_32k defaultdict(<class 'int'>, {0: 30855})
/user/zhangyixuan/data/minicpm5/sst_cpm5_0117_merge/chinesewebtext_pos_transformed/zh__chinesewebtext_pos_transformed__2025112200/4k_8k defaultdict(<class 'int'>, {0: 1232, 1: 9, 2: 1})
/user/zhangyixuan/data/minicpm5/sst_cpm5_0117_merge/chinesewebtext_pos_transformed/zh__chinesewebtext_pos_transformed__2025112200/0k_4k defaultdict(<class 'int'>, {0: 12430573})
/user/zhangyixuan/data/minicpm5/sst_cpm5_0117_merge/fineweb2_hq_zh/fineweb2_hq_zh__2025112200/32k_64k defaultdict(<class 'int'>, {0: 267})
/user/zhangyixuan/data/minicpm5/sst_cpm5_0117_merge/fineweb2_hq_zh/fineweb2_hq_zh__2025112200/4k_8k defaultdict(<class 'int'>, {0: 120394})
/user/zhangyixuan/data/minicpm5/sst_cpm5_0117_merge/fineweb2_hq_zh/fineweb2_hq_zh__2025112200/8k_16k defaultdict(<class 'int'>, {0: 29860})
/user/zhangyixuan/data/minicpm5/sst_cpm5_0117_merge/fineweb2_hq_zh/fineweb2_hq_zh__2025112200/0k_4k defaultdict(<class 'int'>, {0: 10567891})
/user/zhangyixuan/data/minicpm5/sst_cpm5_0117_merge/fineweb2_hq_zh/fineweb2_hq_zh__2025112200/16k_32k defaultdict(<class 'int'>, {0: 4914})
/user/zhangyixuan/data/minicpm5/sst_cpm5_0117_merge/zh_hqdata_v3/zh__zh_hqdata_v3__2025112200/32k_64k defaultdict(<class 'int'>, {0: 1571, 1: 52})
/user/zhangyixuan/data/minicpm5/sst_cpm5_0117_merge/zh_hqdata_v3/zh__zh_hqdata_v3__2025112200/4k_8k defaultdict(<class 'int'>, {0: 896527, 1: 608})
/user/zhangyixuan/data/minicpm5/sst_cpm5_0117_merge/zh_hqdata_v3/zh__zh_hqdata_v3__2025112200/8k_16k defaultdict(<class 'int'>, {0: 178428, 1: 2487})
/user/zhangyixuan/data/minicpm5/sst_cpm5_0117_merge/zh_hqdata_v3/zh__zh_hqdata_v3__2025112200/0k_4k defaultdict(<class 'int'>, {1: 10286981})
/user/zhangyixuan/data/minicpm5/sst_cpm5_0117_merge/zh_hqdata_v3/zh__zh_hqdata_v3__2025112200/16k_32k defaultdict(<class 'int'>, {0: 39072, 1: 695})
/user/zhangyixuan/data/minicpm5/sst_cpm5_0117_merge/cw_zh_score/cw_zh_score__2025112200/32k_64k defaultdict(<class 'int'>, {0: 97})
/user/zhangyixuan/data/minicpm5/sst_cpm5_0117_merge/cw_zh_score/cw_zh_score__2025112200/4k_8k defaultdict(<class 'int'>, {0: 107252, 1: 16065})
/user/zhangyixuan/data/minicpm5/sst_cpm5_0117_merge/cw_zh_score/cw_zh_score__2025112200/8k_16k defaultdict(<class 'int'>, {0: 15776, 1: 7866})
/user/zhangyixuan/data/minicpm5/sst_cpm5_0117_merge/cw_zh_score/cw_zh_score__2025112200/0k_4k defaultdict(<class 'int'>, {1: 581438})
/user/zhangyixuan/data/minicpm5/sst_cpm5_0117_merge/cw_zh_score/cw_zh_score__2025112200/16k_32k defaultdict(<class 'int'>, {0: 7706, 1: 407, 2: 4})
/user/zhangyixuan/data/minicpm5/sst_cpm5_0117_merge/opendatalab_aicc_zh_score/opendatalab_aicc_zh_score_2025121200/32k_64k defaultdict(<class 'int'>, {0: 1674, 1: 13})
/user/zhangyixuan/data/minicpm5/sst_cpm5_0117_merge/opendatalab_aicc_zh_score/opendatalab_aicc_zh_score_2025121200/4k_8k defaultdict(<class 'int'>, {0: 465356, 1: 226})
/user/zhangyixuan/data/minicpm5/sst_cpm5_0117_merge/opendatalab_aicc_zh_score/opendatalab_aicc_zh_score_2025121200/8k_16k defaultdict(<class 'int'>, {0: 50510, 1: 3421})
/user/zhangyixuan/data/minicpm5/sst_cpm5_0117_merge/opendatalab_aicc_zh_score/opendatalab_aicc_zh_score_2025121200/0k_4k defaultdict(<class 'int'>, {1: 5106744})
/user/zhangyixuan/data/minicpm5/sst_cpm5_0117_merge/opendatalab_aicc_zh_score/opendatalab_aicc_zh_score_2025121200/16k_32k defaultdict(<class 'int'>, {0: 7356, 1: 1311})
/user/zhangyixuan/data/minicpm5/sst_cpm5_0117_merge/hplt_3_zh_score/hplt_3_zh_score_2025121200/32k_64k defaultdict(<class 'int'>, {0: 10669, 1: 1921})
/user/zhangyixuan/data/minicpm5/sst_cpm5_0117_merge/hplt_3_zh_score/hplt_3_zh_score_2025121200/4k_8k defaultdict(<class 'int'>, {0: 742335, 1: 41208})
/user/zhangyixuan/data/minicpm5/sst_cpm5_0117_merge/hplt_3_zh_score/hplt_3_zh_score_2025121200/64k_128k defaultdict(<class 'int'>, {0: 1572, 1: 42})
/user/zhangyixuan/data/minicpm5/sst_cpm5_0117_merge/hplt_3_zh_score/hplt_3_zh_score_2025121200/8k_16k defaultdict(<class 'int'>, {0: 263178, 1: 5562})
/user/zhangyixuan/data/minicpm5/sst_cpm5_0117_merge/hplt_3_zh_score/hplt_3_zh_score_2025121200/0k_4k defaultdict(<class 'int'>, {1: 8099375})
/user/zhangyixuan/data/minicpm5/sst_cpm5_0117_merge/hplt_3_zh_score/hplt_3_zh_score_2025121200/16k_32k defaultdict(<class 'int'>, {0: 78546, 1: 1502})
/user/zhangyixuan/data/minicpm5/sst_cpm5_0117_merge/ClimbMix/en__ClimbMix__2025112200/32k_64k defaultdict(<class 'int'>, {0: 9530})
/user/zhangyixuan/data/minicpm5/sst_cpm5_0117_merge/ClimbMix/en__ClimbMix__2025112200/4k_8k defaultdict(<class 'int'>, {0: 713951})
/user/zhangyixuan/data/minicpm5/sst_cpm5_0117_merge/ClimbMix/en__ClimbMix__2025112200/64k_128k defaultdict(<class 'int'>, {0: 2712})
/user/zhangyixuan/data/minicpm5/sst_cpm5_0117_merge/ClimbMix/en__ClimbMix__2025112200/8k_16k defaultdict(<class 'int'>, {0: 202925})
/user/zhangyixuan/data/minicpm5/sst_cpm5_0117_merge/ClimbMix/en__ClimbMix__2025112200/0k_4k defaultdict(<class 'int'>, {0: 93908750})
/user/zhangyixuan/data/minicpm5/sst_cpm5_0117_merge/ClimbMix/en__ClimbMix__2025112200/16k_32k defaultdict(<class 'int'>, {0: 41021})
/user/zhangyixuan/data/minicpm5/sst_cpm5_0117_merge/ClimbMix/en__ClimbMix__2025112200/128k_256k defaultdict(<class 'int'>, {0: 33})
/user/zhangyixuan/data/minicpm5/sst_cpm5_0117_merge/en_hqdata_v5/en__en_hqdata_v5__2025082500/32k_64k defaultdict(<class 'int'>, {})
/user/zhangyixuan/data/minicpm5/sst_cpm5_0117_merge/en_hqdata_v5/en__en_hqdata_v5__2025082500/4k_8k defaultdict(<class 'int'>, {})
/user/zhangyixuan/data/minicpm5/sst_cpm5_0117_merge/en_hqdata_v5/en__en_hqdata_v5__2025082500/64k_128k defaultdict(<class 'int'>, {})
/user/zhangyixuan/data/minicpm5/sst_cpm5_0117_merge/en_hqdata_v5/en__en_hqdata_v5__2025082500/8k_16k defaultdict(<class 'int'>, {})
/user/zhangyixuan/data/minicpm5/sst_cpm5_0117_merge/en_hqdata_v5/en__en_hqdata_v5__2025082500/0k_4k defaultdict(<class 'int'>, {})
/user/zhangyixuan/data/minicpm5/sst_cpm5_0117_merge/en_hqdata_v5/en__en_hqdata_v5__2025082500/16k_32k defaultdict(<class 'int'>, {})
/user/zhangyixuan/data/minicpm5/sst_cpm5_0117_merge/EssentialAI_essential-web-v1.0_score/en__EssentialAI_essential-web-v1.0_score__2025112200/32k_64k defaultdict(<class 'int'>, {0: 18618})
/user/zhangyixuan/data/minicpm5/sst_cpm5_0117_merge/EssentialAI_essential-web-v1.0_score/en__EssentialAI_essential-web-v1.0_score__2025112200/4k_8k defaultdict(<class 'int'>, {0: 407791})
/user/zhangyixuan/data/minicpm5/sst_cpm5_0117_merge/EssentialAI_essential-web-v1.0_score/en__EssentialAI_essential-web-v1.0_score__2025112200/64k_128k defaultdict(<class 'int'>, {0: 22070})
/user/zhangyixuan/data/minicpm5/sst_cpm5_0117_merge/EssentialAI_essential-web-v1.0_score/en__EssentialAI_essential-web-v1.0_score__2025112200/8k_16k defaultdict(<class 'int'>, {0: 238348})
/user/zhangyixuan/data/minicpm5/sst_cpm5_0117_merge/EssentialAI_essential-web-v1.0_score/en__EssentialAI_essential-web-v1.0_score__2025112200/0k_4k defaultdict(<class 'int'>, {0: 19119392})
/user/zhangyixuan/data/minicpm5/sst_cpm5_0117_merge/EssentialAI_essential-web-v1.0_score/en__EssentialAI_essential-web-v1.0_score__2025112200/16k_32k defaultdict(<class 'int'>, {0: 61891})
/user/zhangyixuan/data/minicpm5/sst_cpm5_0117_merge/EssentialAI_essential-web-v1.0_score/en__EssentialAI_essential-web-v1.0_score__2025112200/128k_256k defaultdict(<class 'int'>, {0: 11337})
/user/zhangyixuan/data/minicpm5/sst_cpm5_0117_merge/FineWeb-pro/FineWeb-pro__2025112200/32k_64k defaultdict(<class 'int'>, {})
/user/zhangyixuan/data/minicpm5/sst_cpm5_0117_merge/FineWeb-pro/FineWeb-pro__2025112200/4k_8k defaultdict(<class 'int'>, {})
/user/zhangyixuan/data/minicpm5/sst_cpm5_0117_merge/FineWeb-pro/FineWeb-pro__2025112200/64k_128k defaultdict(<class 'int'>, {})
/user/zhangyixuan/data/minicpm5/sst_cpm5_0117_merge/FineWeb-pro/FineWeb-pro__2025112200/8k_16k defaultdict(<class 'int'>, {})
/user/zhangyixuan/data/minicpm5/sst_cpm5_0117_merge/FineWeb-pro/FineWeb-pro__2025112200/0k_4k defaultdict(<class 'int'>, {})
/user/zhangyixuan/data/minicpm5/sst_cpm5_0117_merge/FineWeb-pro/FineWeb-pro__2025112200/16k_32k defaultdict(<class 'int'>, {})
/user/zhangyixuan/data/minicpm5/sst_cpm5_0117_merge/mlfoundations_dclm-baseline-1.0_score/en__mlfoundations_dclm-baseline-1.0_score__2025112200/32k_64k defaultdict(<class 'int'>, {0: 9364})
/user/zhangyixuan/data/minicpm5/sst_cpm5_0117_merge/mlfoundations_dclm-baseline-1.0_score/en__mlfoundations_dclm-baseline-1.0_score__2025112200/4k_8k defaultdict(<class 'int'>, {0: 533864})
/user/zhangyixuan/data/minicpm5/sst_cpm5_0117_merge/mlfoundations_dclm-baseline-1.0_score/en__mlfoundations_dclm-baseline-1.0_score__2025112200/64k_128k defaultdict(<class 'int'>, {0: 3014})
/user/zhangyixuan/data/minicpm5/sst_cpm5_0117_merge/mlfoundations_dclm-baseline-1.0_score/en__mlfoundations_dclm-baseline-1.0_score__2025112200/8k_16k defaultdict(<class 'int'>, {0: 202983})
/user/zhangyixuan/data/minicpm5/sst_cpm5_0117_merge/mlfoundations_dclm-baseline-1.0_score/en__mlfoundations_dclm-baseline-1.0_score__2025112200/0k_4k defaultdict(<class 'int'>, {0: 28446360})
/user/zhangyixuan/data/minicpm5/sst_cpm5_0117_merge/mlfoundations_dclm-baseline-1.0_score/en__mlfoundations_dclm-baseline-1.0_score__2025112200/16k_32k defaultdict(<class 'int'>, {0: 49685})
/user/zhangyixuan/data/minicpm5/sst_cpm5_0117_merge/mlfoundations_dclm-baseline-1.0_score/en__mlfoundations_dclm-baseline-1.0_score__2025112200/128k_256k defaultdict(<class 'int'>, {})
/user/zhangyixuan/data/minicpm5/sst_cpm5_0117_merge/Nemotron_quality_high_kind_actual_kind2_actual/en__Nemotron_quality_high_kind_actual_kind2_actual__2025112200/32k_64k defaultdict(<class 'int'>, {0: 41752})
/user/zhangyixuan/data/minicpm5/sst_cpm5_0117_merge/Nemotron_quality_high_kind_actual_kind2_actual/en__Nemotron_quality_high_kind_actual_kind2_actual__2025112200/4k_8k defaultdict(<class 'int'>, {0: 2480669})
/user/zhangyixuan/data/minicpm5/sst_cpm5_0117_merge/Nemotron_quality_high_kind_actual_kind2_actual/en__Nemotron_quality_high_kind_actual_kind2_actual__2025112200/64k_128k defaultdict(<class 'int'>, {0: 12999})
/user/zhangyixuan/data/minicpm5/sst_cpm5_0117_merge/Nemotron_quality_high_kind_actual_kind2_actual/en__Nemotron_quality_high_kind_actual_kind2_actual__2025112200/8k_16k defaultdict(<class 'int'>, {0: 722129})
/user/zhangyixuan/data/minicpm5/sst_cpm5_0117_merge/Nemotron_quality_high_kind_actual_kind2_actual/en__Nemotron_quality_high_kind_actual_kind2_actual__2025112200/0k_4k defaultdict(<class 'int'>, {0: 160753883})
/user/zhangyixuan/data/minicpm5/sst_cpm5_0117_merge/Nemotron_quality_high_kind_actual_kind2_actual/en__Nemotron_quality_high_kind_actual_kind2_actual__2025112200/16k_32k defaultdict(<class 'int'>, {0: 162827})
/user/zhangyixuan/data/minicpm5/sst_cpm5_0117_merge/Nemotron_quality_high_kind_actual_kind2_actual/en__Nemotron_quality_high_kind_actual_kind2_actual__2025112200/128k_256k defaultdict(<class 'int'>, {0: 3115})
/user/zhangyixuan/data/minicpm5/sst_cpm5_0117_merge/RedPajama-pro/RedPajama-pro__2025112200/32k_64k defaultdict(<class 'int'>, {})
/user/zhangyixuan/data/minicpm5/sst_cpm5_0117_merge/RedPajama-pro/RedPajama-pro__2025112200/4k_8k defaultdict(<class 'int'>, {})
/user/zhangyixuan/data/minicpm5/sst_cpm5_0117_merge/RedPajama-pro/RedPajama-pro__2025112200/64k_128k defaultdict(<class 'int'>, {})
/user/zhangyixuan/data/minicpm5/sst_cpm5_0117_merge/RedPajama-pro/RedPajama-pro__2025112200/8k_16k defaultdict(<class 'int'>, {})
/user/zhangyixuan/data/minicpm5/sst_cpm5_0117_merge/RedPajama-pro/RedPajama-pro__2025112200/0k_4k defaultdict(<class 'int'>, {})
/user/zhangyixuan/data/minicpm5/sst_cpm5_0117_merge/RedPajama-pro/RedPajama-pro__2025112200/16k_32k defaultdict(<class 'int'>, {})
/user/zhangyixuan/data/minicpm5/sst_cpm5_0117_merge/RedPajama-pro/RedPajama-pro__2025112200/128k_256k defaultdict(<class 'int'>, {})
/user/zhangyixuan/data/minicpm5/sst_cpm5_0117_merge/ultra_fineweb_en/en__ultra_fineweb_en__2025112200/32k_64k defaultdict(<class 'int'>, {0: 21730})
/user/zhangyixuan/data/minicpm5/sst_cpm5_0117_merge/ultra_fineweb_en/en__ultra_fineweb_en__2025112200/4k_8k defaultdict(<class 'int'>, {0: 1954577})
/user/zhangyixuan/data/minicpm5/sst_cpm5_0117_merge/ultra_fineweb_en/en__ultra_fineweb_en__2025112200/64k_128k defaultdict(<class 'int'>, {0: 9766})
/user/zhangyixuan/data/minicpm5/sst_cpm5_0117_merge/ultra_fineweb_en/en__ultra_fineweb_en__2025112200/8k_16k defaultdict(<class 'int'>, {0: 645622})
/user/zhangyixuan/data/minicpm5/sst_cpm5_0117_merge/ultra_fineweb_en/en__ultra_fineweb_en__2025112200/0k_4k defaultdict(<class 'int'>, {0: 117762972})
/user/zhangyixuan/data/minicpm5/sst_cpm5_0117_merge/ultra_fineweb_en/en__ultra_fineweb_en__2025112200/16k_32k defaultdict(<class 'int'>, {0: 119713})
/user/zhangyixuan/data/minicpm5/sst_cpm5_0117_merge/ultra_fineweb_en/en__ultra_fineweb_en__2025112200/128k_256k defaultdict(<class 'int'>, {})
/user/zhangyixuan/data/minicpm5/sst_cpm5_0117_merge/cw_en_score/cw_en_score__2025112200/32k_64k defaultdict(<class 'int'>, {0: 250})
/user/zhangyixuan/data/minicpm5/sst_cpm5_0117_merge/cw_en_score/cw_en_score__2025112200/4k_8k defaultdict(<class 'int'>, {0: 43390})
/user/zhangyixuan/data/minicpm5/sst_cpm5_0117_merge/cw_en_score/cw_en_score__2025112200/8k_16k defaultdict(<class 'int'>, {0: 10248})
/user/zhangyixuan/data/minicpm5/sst_cpm5_0117_merge/cw_en_score/cw_en_score__2025112200/0k_4k defaultdict(<class 'int'>, {0: 935906})
/user/zhangyixuan/data/minicpm5/sst_cpm5_0117_merge/cw_en_score/cw_en_score__2025112200/16k_32k defaultdict(<class 'int'>, {0: 3133})
/user/zhangyixuan/data/minicpm5/sst_cpm5_0117_merge/ultra-redpajama-pro/ultra-redpajama-pro__20251201/32k_64k defaultdict(<class 'int'>, {0: 1096})
/user/zhangyixuan/data/minicpm5/sst_cpm5_0117_merge/ultra-redpajama-pro/ultra-redpajama-pro__20251201/4k_8k defaultdict(<class 'int'>, {0: 69430})
/user/zhangyixuan/data/minicpm5/sst_cpm5_0117_merge/ultra-redpajama-pro/ultra-redpajama-pro__20251201/64k_128k defaultdict(<class 'int'>, {0: 445})
/user/zhangyixuan/data/minicpm5/sst_cpm5_0117_merge/ultra-redpajama-pro/ultra-redpajama-pro__20251201/8k_16k defaultdict(<class 'int'>, {0: 28051})
/user/zhangyixuan/data/minicpm5/sst_cpm5_0117_merge/ultra-redpajama-pro/ultra-redpajama-pro__20251201/0k_4k defaultdict(<class 'int'>, {0: 1917939})
/user/zhangyixuan/data/minicpm5/sst_cpm5_0117_merge/ultra-redpajama-pro/ultra-redpajama-pro__20251201/16k_32k defaultdict(<class 'int'>, {0: 6337})
/user/zhangyixuan/data/minicpm5/sst_cpm5_0117_merge/ultra-c4-pro/ultra-c4-pro__20251201/4k_8k defaultdict(<class 'int'>, {0: 125859})
/user/zhangyixuan/data/minicpm5/sst_cpm5_0117_merge/ultra-c4-pro/ultra-c4-pro__20251201/8k_16k defaultdict(<class 'int'>, {0: 36214})
/user/zhangyixuan/data/minicpm5/sst_cpm5_0117_merge/ultra-c4-pro/ultra-c4-pro__20251201/0k_4k defaultdict(<class 'int'>, {0: 7996491})
/user/zhangyixuan/data/minicpm5/sst_cpm5_0117_merge/ultra-c4-pro/ultra-c4-pro__20251201/16k_32k defaultdict(<class 'int'>, {0: 3809})
/user/zhangyixuan/data/minicpm5/sst_cpm5_0117_merge/ultra-fineweb-pro/ultra-fineweb-pro__20251201/32k_64k defaultdict(<class 'int'>, {0: 1140})
/user/zhangyixuan/data/minicpm5/sst_cpm5_0117_merge/ultra-fineweb-pro/ultra-fineweb-pro__20251201/4k_8k defaultdict(<class 'int'>, {0: 184759})
/user/zhangyixuan/data/minicpm5/sst_cpm5_0117_merge/ultra-fineweb-pro/ultra-fineweb-pro__20251201/64k_128k defaultdict(<class 'int'>, {0: 8})
/user/zhangyixuan/data/minicpm5/sst_cpm5_0117_merge/ultra-fineweb-pro/ultra-fineweb-pro__20251201/8k_16k defaultdict(<class 'int'>, {0: 70720})
/user/zhangyixuan/data/minicpm5/sst_cpm5_0117_merge/ultra-fineweb-pro/ultra-fineweb-pro__20251201/0k_4k defaultdict(<class 'int'>, {0: 8081071})
/user/zhangyixuan/data/minicpm5/sst_cpm5_0117_merge/ultra-fineweb-pro/ultra-fineweb-pro__20251201/16k_32k defaultdict(<class 'int'>, {0: 12073})
/user/zhangyixuan/data/minicpm5/sst_cpm5_0117_merge/opendatalab_aicc_en_score/opendatalab_aicc_en_score_2025121200/32k_64k defaultdict(<class 'int'>, {0: 574})
/user/zhangyixuan/data/minicpm5/sst_cpm5_0117_merge/opendatalab_aicc_en_score/opendatalab_aicc_en_score_2025121200/4k_8k defaultdict(<class 'int'>, {0: 272758})
/user/zhangyixuan/data/minicpm5/sst_cpm5_0117_merge/opendatalab_aicc_en_score/opendatalab_aicc_en_score_2025121200/64k_128k defaultdict(<class 'int'>, {})
/user/zhangyixuan/data/minicpm5/sst_cpm5_0117_merge/opendatalab_aicc_en_score/opendatalab_aicc_en_score_2025121200/8k_16k defaultdict(<class 'int'>, {0: 42500})
/user/zhangyixuan/data/minicpm5/sst_cpm5_0117_merge/opendatalab_aicc_en_score/opendatalab_aicc_en_score_2025121200/0k_4k defaultdict(<class 'int'>, {0: 18052658})
/user/zhangyixuan/data/minicpm5/sst_cpm5_0117_merge/opendatalab_aicc_en_score/opendatalab_aicc_en_score_2025121200/16k_32k defaultdict(<class 'int'>, {0: 6592})
/user/zhangyixuan/data/minicpm5/sst_cpm5_0117_merge/nvidia_Nemotron_CC-v2_High-Quality/nvidia_Nemotron_CC-v2_High-Quality__2025112200/32k_64k defaultdict(<class 'int'>, {0: 46413})
/user/zhangyixuan/data/minicpm5/sst_cpm5_0117_merge/nvidia_Nemotron_CC-v2_High-Quality/nvidia_Nemotron_CC-v2_High-Quality__2025112200/4k_8k defaultdict(<class 'int'>, {0: 3017311})
/user/zhangyixuan/data/minicpm5/sst_cpm5_0117_merge/nvidia_Nemotron_CC-v2_High-Quality/nvidia_Nemotron_CC-v2_High-Quality__2025112200/64k_128k defaultdict(<class 'int'>, {0: 14068})
/user/zhangyixuan/data/minicpm5/sst_cpm5_0117_merge/nvidia_Nemotron_CC-v2_High-Quality/nvidia_Nemotron_CC-v2_High-Quality__2025112200/8k_16k defaultdict(<class 'int'>, {0: 837384})
/user/zhangyixuan/data/minicpm5/sst_cpm5_0117_merge/nvidia_Nemotron_CC-v2_High-Quality/nvidia_Nemotron_CC-v2_High-Quality__2025112200/0k_4k defaultdict(<class 'int'>, {0: 195680911})
/user/zhangyixuan/data/minicpm5/sst_cpm5_0117_merge/nvidia_Nemotron_CC-v2_High-Quality/nvidia_Nemotron_CC-v2_High-Quality__2025112200/16k_32k defaultdict(<class 'int'>, {0: 184610})
/user/zhangyixuan/data/minicpm5/sst_cpm5_0117_merge/nvidia_Nemotron_CC-v2_High-Quality/nvidia_Nemotron_CC-v2_High-Quality__2025112200/128k_256k defaultdict(<class 'int'>, {0: 3425})
/user/zhangyixuan/data/minicpm5/sst_cpm5_0117_merge/hplt_3_en_score/hplt_3_en_score_2025121200/32k_64k defaultdict(<class 'int'>, {0: 68115})
/user/zhangyixuan/data/minicpm5/sst_cpm5_0117_merge/hplt_3_en_score/hplt_3_en_score_2025121200/4k_8k defaultdict(<class 'int'>, {0: 2154246})
/user/zhangyixuan/data/minicpm5/sst_cpm5_0117_merge/hplt_3_en_score/hplt_3_en_score_2025121200/64k_128k defaultdict(<class 'int'>, {0: 84110})
/user/zhangyixuan/data/minicpm5/sst_cpm5_0117_merge/hplt_3_en_score/hplt_3_en_score_2025121200/8k_16k defaultdict(<class 'int'>, {0: 811361})
/user/zhangyixuan/data/minicpm5/sst_cpm5_0117_merge/hplt_3_en_score/hplt_3_en_score_2025121200/0k_4k defaultdict(<class 'int'>, {0: 86875586})
/user/zhangyixuan/data/minicpm5/sst_cpm5_0117_merge/hplt_3_en_score/hplt_3_en_score_2025121200/16k_32k defaultdict(<class 'int'>, {0: 210490})
/user/zhangyixuan/data/minicpm5/sst_cpm5_0117_merge/hplt_3_en_score/hplt_3_en_score_2025121200/128k_256k defaultdict(<class 'int'>, {0: 14050})
/user/zhangyixuan/data/minicpm5/sst_cpm5_0117_merge/Nemotron-CC-v2.1_HQ/Nemotron-CC-v2.1_HQ__20260109/32k_64k defaultdict(<class 'int'>, {0: 1310})
/user/zhangyixuan/data/minicpm5/sst_cpm5_0117_merge/Nemotron-CC-v2.1_HQ/Nemotron-CC-v2.1_HQ__20260109/4k_8k defaultdict(<class 'int'>, {0: 141849})
/user/zhangyixuan/data/minicpm5/sst_cpm5_0117_merge/Nemotron-CC-v2.1_HQ/Nemotron-CC-v2.1_HQ__20260109/64k_128k defaultdict(<class 'int'>, {0: 121})
/user/zhangyixuan/data/minicpm5/sst_cpm5_0117_merge/Nemotron-CC-v2.1_HQ/Nemotron-CC-v2.1_HQ__20260109/8k_16k defaultdict(<class 'int'>, {0: 31547})
/user/zhangyixuan/data/minicpm5/sst_cpm5_0117_merge/Nemotron-CC-v2.1_HQ/Nemotron-CC-v2.1_HQ__20260109/0k_4k defaultdict(<class 'int'>, {0: 10107245})
/user/zhangyixuan/data/minicpm5/sst_cpm5_0117_merge/Nemotron-CC-v2.1_HQ/Nemotron-CC-v2.1_HQ__20260109/16k_32k defaultdict(<class 'int'>, {0: 6438})
/user/zhangyixuan/data/minicpm5/sst_cpm5_0117_merge/Nemotron-CC-v2.1_HQ/Nemotron-CC-v2.1_HQ__20260109/128k_256k defaultdict(<class 'int'>, {})
/user/zhangyixuan/data/minicpm5/sst_cpm5_0117_merge/zh_hqdata_v3_high_quality_synthetic_knowledge_list/zh_hqdata_v3_high_quality_synthetic_knowledge_list__20260107/0k_4k defaultdict(<class 'int'>, {0: 6413698})
/user/zhangyixuan/data/minicpm5/sst_cpm5_0117_merge/zh_hqdata_v3_high_quality_synthetic_wikipedia_paraphrasing/zh_hqdata_v3_high_quality_synthetic_wikipedia_paraphrasing__20260107/0k_4k defaultdict(<class 'int'>, {0: 13682501})
/user/zhangyixuan/data/minicpm5/sst_cpm5_0117_merge/zh_hqdata_v3_high_quality_synthetic_distill/zh_hqdata_v3_high_quality_synthetic_distill__20260105/0k_4k defaultdict(<class 'int'>, {0: 5404186})
/user/zhangyixuan/data/minicpm5/sst_cpm5_0117_merge/zh_hqdata_v3_high_quality_synthetic_extract_knowledge/zh_hqdata_v3_high_quality_synthetic_extract_knowledge__20260105/0k_4k defaultdict(<class 'int'>, {0: 6620707})
/user/zhangyixuan/data/minicpm5/sst_cpm5_0117_merge/zh_hqdata_v3_high_quality_synthetic_diverse_qa/zh_hqdata_v3_high_quality_synthetic_diverse_qa__20251230/0k_4k defaultdict(<class 'int'>, {0: 8880151})
/user/zhangyixuan/data/minicpm5/sst_cpm5_0117_merge/nvidia_Nemotron_CC-v2_Diverse-QA/0k_4k defaultdict(<class 'int'>, {0: 152794591})
/user/zhangyixuan/data/minicpm5/sst_cpm5_0117_merge/nvidia_Nemotron_CC-v2_High-Quality-Synthetic/32k_64k defaultdict(<class 'int'>, {0: 9305})
/user/zhangyixuan/data/minicpm5/sst_cpm5_0117_merge/nvidia_Nemotron_CC-v2_High-Quality-Synthetic/4k_8k defaultdict(<class 'int'>, {0: 752532})
/user/zhangyixuan/data/minicpm5/sst_cpm5_0117_merge/nvidia_Nemotron_CC-v2_High-Quality-Synthetic/64k_128k defaultdict(<class 'int'>, {0: 1614})
/user/zhangyixuan/data/minicpm5/sst_cpm5_0117_merge/nvidia_Nemotron_CC-v2_High-Quality-Synthetic/8k_16k defaultdict(<class 'int'>, {0: 178509})
/user/zhangyixuan/data/minicpm5/sst_cpm5_0117_merge/nvidia_Nemotron_CC-v2_High-Quality-Synthetic/0k_4k defaultdict(<class 'int'>, {0: 361175364})
/user/zhangyixuan/data/minicpm5/sst_cpm5_0117_merge/nvidia_Nemotron_CC-v2_High-Quality-Synthetic/16k_32k defaultdict(<class 'int'>, {0: 36293})
/user/zhangyixuan/data/minicpm5/sst_cpm5_0117_merge/nvidia_Nemotron_CC-v2_High-Quality-Synthetic/128k_256k defaultdict(<class 'int'>, {})
/user/zhangyixuan/data/minicpm5/sst_cpm5_0117_merge/Nemotron-Pretraining-InfiniByte-Reasoning/Nemotron-Pretraining-InfiniByte-Reasoning__20251219/32k_64k defaultdict(<class 'int'>, {0: 45})
/user/zhangyixuan/data/minicpm5/sst_cpm5_0117_merge/Nemotron-Pretraining-InfiniByte-Reasoning/Nemotron-Pretraining-InfiniByte-Reasoning__20251219/4k_8k defaultdict(<class 'int'>, {0: 38289})
/user/zhangyixuan/data/minicpm5/sst_cpm5_0117_merge/Nemotron-Pretraining-InfiniByte-Reasoning/Nemotron-Pretraining-InfiniByte-Reasoning__20251219/8k_16k defaultdict(<class 'int'>, {0: 83243})
/user/zhangyixuan/data/minicpm5/sst_cpm5_0117_merge/Nemotron-Pretraining-InfiniByte-Reasoning/Nemotron-Pretraining-InfiniByte-Reasoning__20251219/0k_4k defaultdict(<class 'int'>, {0: 21892})
/user/zhangyixuan/data/minicpm5/sst_cpm5_0117_merge/Nemotron-Pretraining-InfiniByte-Reasoning/Nemotron-Pretraining-InfiniByte-Reasoning__20251219/16k_32k defaultdict(<class 'int'>, {0: 60055})
/user/zhangyixuan/data/minicpm5/sst_cpm5_0117_merge/Nemotron-Pretraining-RQA/Nemotron-Pretraining-RQA__20251219/4k_8k defaultdict(<class 'int'>, {0: 1242502})
/user/zhangyixuan/data/minicpm5/sst_cpm5_0117_merge/Nemotron-Pretraining-RQA/Nemotron-Pretraining-RQA__20251219/8k_16k defaultdict(<class 'int'>, {0: 1006357})
/user/zhangyixuan/data/minicpm5/sst_cpm5_0117_merge/Nemotron-Pretraining-RQA/Nemotron-Pretraining-RQA__20251219/0k_4k defaultdict(<class 'int'>, {0: 201154})
/user/zhangyixuan/data/minicpm5/sst_cpm5_0117_merge/Nemotron-Pretraining-RQA/Nemotron-Pretraining-RQA__20251219/16k_32k defaultdict(<class 'int'>, {0: 5455})
/user/zhangyixuan/data/minicpm5/sst_cpm5_0117_merge/Nemotron-CC-v2.1_HQ-DQA/Nemotron-CC-v2.1_HQ-DQA__20260109/0k_4k defaultdict(<class 'int'>, {0: 1081454})
/user/zhangyixuan/data/minicpm5/sst_cpm5_0117_merge/Nemotron-CC-v2.1_HQ-Synthetic/Nemotron-CC-v2.1_HQ-Synthetic__20260109/32k_64k defaultdict(<class 'int'>, {0: 56})
/user/zhangyixuan/data/minicpm5/sst_cpm5_0117_merge/Nemotron-CC-v2.1_HQ-Synthetic/Nemotron-CC-v2.1_HQ-Synthetic__20260109/4k_8k defaultdict(<class 'int'>, {0: 48444})
/user/zhangyixuan/data/minicpm5/sst_cpm5_0117_merge/Nemotron-CC-v2.1_HQ-Synthetic/Nemotron-CC-v2.1_HQ-Synthetic__20260109/64k_128k defaultdict(<class 'int'>, {})
/user/zhangyixuan/data/minicpm5/sst_cpm5_0117_merge/Nemotron-CC-v2.1_HQ-Synthetic/Nemotron-CC-v2.1_HQ-Synthetic__20260109/8k_16k defaultdict(<class 'int'>, {0: 9626})
/user/zhangyixuan/data/minicpm5/sst_cpm5_0117_merge/Nemotron-CC-v2.1_HQ-Synthetic/Nemotron-CC-v2.1_HQ-Synthetic__20260109/0k_4k defaultdict(<class 'int'>, {0: 18018774})
/user/zhangyixuan/data/minicpm5/sst_cpm5_0117_merge/Nemotron-CC-v2.1_HQ-Synthetic/Nemotron-CC-v2.1_HQ-Synthetic__20260109/16k_32k defaultdict(<class 'int'>, {0: 1402})
/user/zhangyixuan/data/minicpm5/sst_cpm5_0117_merge/Nemotron-CC-v2.1_HQ-Synthetic/Nemotron-CC-v2.1_HQ-Synthetic__20260109/128k_256k defaultdict(<class 'int'>, {})
/user/zhangyixuan/data/minicpm5/sst_cpm5_0117_merge/Nemotron-CC-v2.1_HQ-Translated-To-English-Synthetic/Nemotron-CC-v2.1_HQ-Translated-To-English-Synthetic__20260109/0k_4k defaultdict(<class 'int'>, {0: 37045511})
/user/zhangyixuan/data/minicpm5/sst_cpm5_0117_merge/Nemotron-CC-v2.1_HQ-Translated-To-English/Nemotron-CC-v2.1_HQ-Translated-To-English__20260109/0k_4k defaultdict(<class 'int'>, {0: 9243471})
/user/zhangyixuan/data/minicpm5/sst_cpm5_0117_merge/Nemotron-CC-v2.1_Medium-High-Quality-Synthetic/Nemotron-CC-v2.1_Medium-High-Quality-Synthetic__20260109/32k_64k defaultdict(<class 'int'>, {0: 26264})
/user/zhangyixuan/data/minicpm5/sst_cpm5_0117_merge/Nemotron-CC-v2.1_Medium-High-Quality-Synthetic/Nemotron-CC-v2.1_Medium-High-Quality-Synthetic__20260109/4k_8k defaultdict(<class 'int'>, {0: 1176616})
/user/zhangyixuan/data/minicpm5/sst_cpm5_0117_merge/Nemotron-CC-v2.1_Medium-High-Quality-Synthetic/Nemotron-CC-v2.1_Medium-High-Quality-Synthetic__20260109/64k_128k defaultdict(<class 'int'>, {0: 9894})
/user/zhangyixuan/data/minicpm5/sst_cpm5_0117_merge/Nemotron-CC-v2.1_Medium-High-Quality-Synthetic/Nemotron-CC-v2.1_Medium-High-Quality-Synthetic__20260109/8k_16k defaultdict(<class 'int'>, {0: 365475})
/user/zhangyixuan/data/minicpm5/sst_cpm5_0117_merge/Nemotron-CC-v2.1_Medium-High-Quality-Synthetic/Nemotron-CC-v2.1_Medium-High-Quality-Synthetic__20260109/0k_4k defaultdict(<class 'int'>, {0: 440575210})
/user/zhangyixuan/data/minicpm5/sst_cpm5_0117_merge/Nemotron-CC-v2.1_Medium-High-Quality-Synthetic/Nemotron-CC-v2.1_Medium-High-Quality-Synthetic__20260109/16k_32k defaultdict(<class 'int'>, {0: 86685})
/user/zhangyixuan/data/minicpm5/sst_cpm5_0117_merge/Nemotron-CC-v2.1_Medium-High-Quality-Synthetic/Nemotron-CC-v2.1_Medium-High-Quality-Synthetic__20260109/128k_256k defaultdict(<class 'int'>, {0: 1931})
/user/zhangyixuan/data/minicpm5/sst_cpm5_0117_merge/Nemotron-CC-v2.1_Medium-High-Quality-Translated-To-English/Nemotron-CC-v2.1_Medium-High-Quality-Translated-To-English__20260109/0k_4k defaultdict(<class 'int'>, {0: 6375805})
/user/zhangyixuan/data/minicpm5/sst_cpm5_0117_merge/nvidia_Nemotron_CC-v2_Translated-Diverse-QA/4k_8k defaultdict(<class 'int'>, {0: 940072})
/user/zhangyixuan/data/minicpm5/sst_cpm5_0117_merge/nvidia_Nemotron_CC-v2_Translated-Diverse-QA/8k_16k defaultdict(<class 'int'>, {0: 3})
/user/zhangyixuan/data/minicpm5/sst_cpm5_0117_merge/nvidia_Nemotron_CC-v2_Translated-Diverse-QA/0k_4k defaultdict(<class 'int'>, {0: 74684260})
/user/zhangyixuan/data/minicpm5/sst_cpm5_0117_merge/Math_General_4p_merge/32k_64k defaultdict(<class 'int'>, {0: 459})
/user/zhangyixuan/data/minicpm5/sst_cpm5_0117_merge/Math_General_4p_merge/4k_8k defaultdict(<class 'int'>, {0: 130365})
/user/zhangyixuan/data/minicpm5/sst_cpm5_0117_merge/Math_General_4p_merge/8k_16k defaultdict(<class 'int'>, {0: 37670})
/user/zhangyixuan/data/minicpm5/sst_cpm5_0117_merge/Math_General_4p_merge/0k_4k defaultdict(<class 'int'>, {0: 7337047})
/user/zhangyixuan/data/minicpm5/sst_cpm5_0117_merge/Math_General_4p_merge/16k_32k defaultdict(<class 'int'>, {0: 5269})
/user/zhangyixuan/data/minicpm5/sst_cpm5_0117_merge/finemath_4plus_gen_grade_school_qa_dedup_250408/en__finemath_4plus_gen_grade_school_qa_dedup_250408__2025080100/qa defaultdict(<class 'int'>, {})
/user/zhangyixuan/data/minicpm5/sst_cpm5_0117_merge/finemath_4plus_gen_middle_school_qa_dedup_250408/en__finemath_4plus_gen_middle_school_qa_dedup_250408__2025080100/qa defaultdict(<class 'int'>, {})
/user/zhangyixuan/data/minicpm5/sst_cpm5_0117_merge/finemath_4plus_gen_mind_8_role_all/en__finemath_4plus_gen_mind_8_role_all__2025082500/4k_8k defaultdict(<class 'int'>, {0: 549386})
/user/zhangyixuan/data/minicpm5/sst_cpm5_0117_merge/finemath_4plus_gen_mind_8_role_all/en__finemath_4plus_gen_mind_8_role_all__2025082500/0k_4k defaultdict(<class 'int'>, {0: 112219144})
/user/zhangyixuan/data/minicpm5/sst_cpm5_0117_merge/infinemath4plus_gen_textbook_part_250324/en__infinemath4plus_gen_textbook_part_250324__2025082500/4k_8k defaultdict(<class 'int'>, {})
/user/zhangyixuan/data/minicpm5/sst_cpm5_0117_merge/infinemath4plus_gen_textbook_part_250324/en__infinemath4plus_gen_textbook_part_250324__2025082500/0k_4k defaultdict(<class 'int'>, {})
/user/zhangyixuan/data/minicpm5/sst_cpm5_0117_merge/math_instruct_for_conversation_gen/math_instruct_for_conversation_gen__20251031/4k_8k defaultdict(<class 'int'>, {})
/user/zhangyixuan/data/minicpm5/sst_cpm5_0117_merge/math_instruct_for_conversation_gen/math_instruct_for_conversation_gen__20251031/8k_16k defaultdict(<class 'int'>, {})
/user/zhangyixuan/data/minicpm5/sst_cpm5_0117_merge/math_instruct_for_conversation_gen/math_instruct_for_conversation_gen__20251031/0k_4k defaultdict(<class 'int'>, {})
/user/zhangyixuan/data/minicpm5/sst_cpm5_0117_merge/math_instruct_for_conversation_gen/math_instruct_for_conversation_gen__20251031/16k_32k defaultdict(<class 'int'>, {})
/user/zhangyixuan/data/minicpm5/sst_cpm5_0117_merge/math_instruct_for_qa_gen/math_instruct_for_qa_gen__20251031/qa defaultdict(<class 'int'>, {})
/user/zhangyixuan/data/minicpm5/sst_cpm5_0117_merge/math_sft_gen_textbook_250304/en__math_sft_gen_textbook_250304__2025082500/4k_8k defaultdict(<class 'int'>, {})
/user/zhangyixuan/data/minicpm5/sst_cpm5_0117_merge/math_sft_gen_textbook_250304/en__math_sft_gen_textbook_250304__2025082500/8k_16k defaultdict(<class 'int'>, {})
/user/zhangyixuan/data/minicpm5/sst_cpm5_0117_merge/math_sft_gen_textbook_250304/en__math_sft_gen_textbook_250304__2025082500/0k_4k defaultdict(<class 'int'>, {})
/user/zhangyixuan/data/minicpm5/sst_cpm5_0117_merge/megamath_qa_qwen_25/en__megamath_qa_qwen_25__2025102400/0k_4k defaultdict(<class 'int'>, {})
/user/zhangyixuan/data/minicpm5/sst_cpm5_0117_merge/megamath_text_code_block/en__megamath_text_code_block__2025102400/4k_8k defaultdict(<class 'int'>, {0: 2586})
/user/zhangyixuan/data/minicpm5/sst_cpm5_0117_merge/megamath_text_code_block/en__megamath_text_code_block__2025102400/0k_4k defaultdict(<class 'int'>, {0: 12035027})
/user/zhangyixuan/data/minicpm5/sst_cpm5_0117_merge/megamath_translated_code/en__megamath_translated_code__2025102400/4k_8k defaultdict(<class 'int'>, {1: 5, 0: 156})
/user/zhangyixuan/data/minicpm5/sst_cpm5_0117_merge/megamath_translated_code/en__megamath_translated_code__2025102400/0k_4k defaultdict(<class 'int'>, {0: 3628627})
/user/zhangyixuan/data/minicpm5/sst_cpm5_0117_merge/nvidia_Nemotron-CC-Math-v1_new_3/32k_64k defaultdict(<class 'int'>, {0: 12879})
/user/zhangyixuan/data/minicpm5/sst_cpm5_0117_merge/nvidia_Nemotron-CC-Math-v1_new_3/4k_8k defaultdict(<class 'int'>, {0: 906070})
/user/zhangyixuan/data/minicpm5/sst_cpm5_0117_merge/nvidia_Nemotron-CC-Math-v1_new_3/64k_128k defaultdict(<class 'int'>, {0: 5076})
/user/zhangyixuan/data/minicpm5/sst_cpm5_0117_merge/nvidia_Nemotron-CC-Math-v1_new_3/8k_16k defaultdict(<class 'int'>, {0: 326579})
/user/zhangyixuan/data/minicpm5/sst_cpm5_0117_merge/nvidia_Nemotron-CC-Math-v1_new_3/0k_4k defaultdict(<class 'int'>, {0: 27171277})
/user/zhangyixuan/data/minicpm5/sst_cpm5_0117_merge/nvidia_Nemotron-CC-Math-v1_new_3/16k_32k defaultdict(<class 'int'>, {0: 68829})
/user/zhangyixuan/data/minicpm5/sst_cpm5_0117_merge/nvidia_Nemotron-CC-Math-v1_new_3/128k_256k defaultdict(<class 'int'>, {0: 124})
/user/zhangyixuan/data/minicpm5/sst_cpm5_0117_merge/nvidia_Nemotron-CC-Math-v1_new_4plus/32k_64k defaultdict(<class 'int'>, {0: 5227})
/user/zhangyixuan/data/minicpm5/sst_cpm5_0117_merge/nvidia_Nemotron-CC-Math-v1_new_4plus/4k_8k defaultdict(<class 'int'>, {0: 458939})
/user/zhangyixuan/data/minicpm5/sst_cpm5_0117_merge/nvidia_Nemotron-CC-Math-v1_new_4plus/64k_128k defaultdict(<class 'int'>, {0: 3258})
/user/zhangyixuan/data/minicpm5/sst_cpm5_0117_merge/nvidia_Nemotron-CC-Math-v1_new_4plus/8k_16k defaultdict(<class 'int'>, {0: 118276})
/user/zhangyixuan/data/minicpm5/sst_cpm5_0117_merge/nvidia_Nemotron-CC-Math-v1_new_4plus/0k_4k defaultdict(<class 'int'>, {0: 22216815})
/user/zhangyixuan/data/minicpm5/sst_cpm5_0117_merge/nvidia_Nemotron-CC-Math-v1_new_4plus/16k_32k defaultdict(<class 'int'>, {0: 24969})
/user/zhangyixuan/data/minicpm5/sst_cpm5_0117_merge/nvidia_Nemotron-CC-Math-v1_new_4plus/128k_256k defaultdict(<class 'int'>, {})
/user/zhangyixuan/data/minicpm5/sst_cpm5_0117_merge/nvidia_Nemotron-CC-Math-v1_new_4plus_MIND/32k_64k defaultdict(<class 'int'>, {0: 235})
/user/zhangyixuan/data/minicpm5/sst_cpm5_0117_merge/nvidia_Nemotron-CC-Math-v1_new_4plus_MIND/4k_8k defaultdict(<class 'int'>, {0: 75081})
/user/zhangyixuan/data/minicpm5/sst_cpm5_0117_merge/nvidia_Nemotron-CC-Math-v1_new_4plus_MIND/8k_16k defaultdict(<class 'int'>, {0: 29059})
/user/zhangyixuan/data/minicpm5/sst_cpm5_0117_merge/nvidia_Nemotron-CC-Math-v1_new_4plus_MIND/0k_4k defaultdict(<class 'int'>, {0: 45221056})
/user/zhangyixuan/data/minicpm5/sst_cpm5_0117_merge/nvidia_Nemotron-CC-Math-v1_new_4plus_MIND/16k_32k defaultdict(<class 'int'>, {0: 11617})
/user/zhangyixuan/data/minicpm5/sst_cpm5_0117_merge/nvidia_Nemotron-Pretraining-SFT_v1_Nemotron-SFT-MATH/nvidia_Nemotron-Pretraining-SFT_v1_Nemotron-SFT-MATH__2025110100/32k_64k defaultdict(<class 'int'>, {})
/user/zhangyixuan/data/minicpm5/sst_cpm5_0117_merge/nvidia_Nemotron-Pretraining-SFT_v1_Nemotron-SFT-MATH/nvidia_Nemotron-Pretraining-SFT_v1_Nemotron-SFT-MATH__2025110100/4k_8k defaultdict(<class 'int'>, {})
/user/zhangyixuan/data/minicpm5/sst_cpm5_0117_merge/nvidia_Nemotron-Pretraining-SFT_v1_Nemotron-SFT-MATH/nvidia_Nemotron-Pretraining-SFT_v1_Nemotron-SFT-MATH__2025110100/8k_16k defaultdict(<class 'int'>, {})
/user/zhangyixuan/data/minicpm5/sst_cpm5_0117_merge/nvidia_Nemotron-Pretraining-SFT_v1_Nemotron-SFT-MATH/nvidia_Nemotron-Pretraining-SFT_v1_Nemotron-SFT-MATH__2025110100/0k_4k defaultdict(<class 'int'>, {})
/user/zhangyixuan/data/minicpm5/sst_cpm5_0117_merge/nvidia_Nemotron-Pretraining-SFT_v1_Nemotron-SFT-MATH/nvidia_Nemotron-Pretraining-SFT_v1_Nemotron-SFT-MATH__2025110100/16k_32k defaultdict(<class 'int'>, {})
/user/zhangyixuan/data/minicpm5/sst_cpm5_0117_merge/opc_fineweb_math_corpus/en__opc_fineweb_math_corpus__2025082000/4k_8k defaultdict(<class 'int'>, {0: 36586, 1: 2})
/user/zhangyixuan/data/minicpm5/sst_cpm5_0117_merge/opc_fineweb_math_corpus/en__opc_fineweb_math_corpus__2025082000/8k_16k defaultdict(<class 'int'>, {0: 9229, 1: 4})
/user/zhangyixuan/data/minicpm5/sst_cpm5_0117_merge/opc_fineweb_math_corpus/en__opc_fineweb_math_corpus__2025082000/0k_4k defaultdict(<class 'int'>, {0: 2693422})
/user/zhangyixuan/data/minicpm5/sst_cpm5_0117_merge/opc_fineweb_math_corpus/en__opc_fineweb_math_corpus__2025082000/16k_32k defaultdict(<class 'int'>, {0: 3112})
/user/zhangyixuan/data/minicpm5/sst_cpm5_0117_merge/Nemotron-Pretraining-Math-Textbooks/Nemotron-Pretraining-Math-Textbooks__20251219/4k_8k defaultdict(<class 'int'>, {0: 10655})
/user/zhangyixuan/data/minicpm5/sst_cpm5_0117_merge/Nemotron-Pretraining-Math-Textbooks/Nemotron-Pretraining-Math-Textbooks__20251219/0k_4k defaultdict(<class 'int'>, {0: 6534387})
/user/zhangyixuan/data/minicpm5/sst_cpm5_0117_merge/CCI4.0_cot_synthesis_math/en__CCI4.0_cot_synthesis_math__2025103000/32k_64k defaultdict(<class 'int'>, {})
/user/zhangyixuan/data/minicpm5/sst_cpm5_0117_merge/CCI4.0_cot_synthesis_math/en__CCI4.0_cot_synthesis_math__2025103000/4k_8k defaultdict(<class 'int'>, {})
/user/zhangyixuan/data/minicpm5/sst_cpm5_0117_merge/CCI4.0_cot_synthesis_math/en__CCI4.0_cot_synthesis_math__2025103000/8k_16k defaultdict(<class 'int'>, {})
/user/zhangyixuan/data/minicpm5/sst_cpm5_0117_merge/CCI4.0_cot_synthesis_math/en__CCI4.0_cot_synthesis_math__2025103000/0k_4k defaultdict(<class 'int'>, {})
/user/zhangyixuan/data/minicpm5/sst_cpm5_0117_merge/CCI4.0_cot_synthesis_math/en__CCI4.0_cot_synthesis_math__2025103000/16k_32k defaultdict(<class 'int'>, {})
/user/zhangyixuan/data/minicpm5/sst_cpm5_0117_merge/math_from_cc_retriever_all/math_from_cc_retriever_all__20251219/32k_64k defaultdict(<class 'int'>, {0: 25267})
/user/zhangyixuan/data/minicpm5/sst_cpm5_0117_merge/math_from_cc_retriever_all/math_from_cc_retriever_all__20251219/4k_8k defaultdict(<class 'int'>, {0: 781393})
/user/zhangyixuan/data/minicpm5/sst_cpm5_0117_merge/math_from_cc_retriever_all/math_from_cc_retriever_all__20251219/64k_128k defaultdict(<class 'int'>, {0: 10770})
/user/zhangyixuan/data/minicpm5/sst_cpm5_0117_merge/math_from_cc_retriever_all/math_from_cc_retriever_all__20251219/8k_16k defaultdict(<class 'int'>, {0: 333809})
/user/zhangyixuan/data/minicpm5/sst_cpm5_0117_merge/math_from_cc_retriever_all/math_from_cc_retriever_all__20251219/256k_512k defaultdict(<class 'int'>, {0: 1763})
/user/zhangyixuan/data/minicpm5/sst_cpm5_0117_merge/math_from_cc_retriever_all/math_from_cc_retriever_all__20251219/0k_4k defaultdict(<class 'int'>, {0: 12384089})
/user/zhangyixuan/data/minicpm5/sst_cpm5_0117_merge/math_from_cc_retriever_all/math_from_cc_retriever_all__20251219/16k_32k defaultdict(<class 'int'>, {0: 99196})
/user/zhangyixuan/data/minicpm5/sst_cpm5_0117_merge/math_from_cc_retriever_all/math_from_cc_retriever_all__20251219/128k_256k defaultdict(<class 'int'>, {0: 7056})
/user/zhangyixuan/data/minicpm5/sst_cpm5_0117_merge/math_instruct_for_knowledge_point_gen_textbook_exercise/zh__math_instruct_for_knowledge_point_gen_textbook_exercise__20251031/4k_8k defaultdict(<class 'int'>, {0: 9983})
/user/zhangyixuan/data/minicpm5/sst_cpm5_0117_merge/math_instruct_for_knowledge_point_gen_textbook_exercise/zh__math_instruct_for_knowledge_point_gen_textbook_exercise__20251031/8k_16k defaultdict(<class 'int'>, {0: 486})
/user/zhangyixuan/data/minicpm5/sst_cpm5_0117_merge/math_instruct_for_knowledge_point_gen_textbook_exercise/zh__math_instruct_for_knowledge_point_gen_textbook_exercise__20251031/0k_4k defaultdict(<class 'int'>, {0: 22429876})
/user/zhangyixuan/data/minicpm5/sst_cpm5_0117_merge/math_instruct_for_knowledge_point_gen_textbook_exercise/zh__math_instruct_for_knowledge_point_gen_textbook_exercise__20251031/16k_32k defaultdict(<class 'int'>, {0: 11})
/user/zhangyixuan/data/minicpm5/sst_cpm5_0117_merge/math_instruct_for_multi_style_gen/zh__math_instruct_for_multi_style_gen__20251031/4k_8k defaultdict(<class 'int'>, {0: 159638})
/user/zhangyixuan/data/minicpm5/sst_cpm5_0117_merge/math_instruct_for_multi_style_gen/zh__math_instruct_for_multi_style_gen__20251031/8k_16k defaultdict(<class 'int'>, {0: 25900})
/user/zhangyixuan/data/minicpm5/sst_cpm5_0117_merge/math_instruct_for_multi_style_gen/zh__math_instruct_for_multi_style_gen__20251031/0k_4k defaultdict(<class 'int'>, {0: 11795864})
/user/zhangyixuan/data/minicpm5/sst_cpm5_0117_merge/math_instruct_for_multi_style_gen/zh__math_instruct_for_multi_style_gen__20251031/16k_32k defaultdict(<class 'int'>, {0: 3048})
/user/zhangyixuan/data/minicpm5/sst_cpm5_0117_merge/MegaMath-Web-Pro-Max_1/en__MegaMath-Web-Pro-Max_1__2025112200/32k_64k defaultdict(<class 'int'>, {0: 1617})
/user/zhangyixuan/data/minicpm5/sst_cpm5_0117_merge/MegaMath-Web-Pro-Max_1/en__MegaMath-Web-Pro-Max_1__2025112200/4k_8k defaultdict(<class 'int'>, {0: 65815})
/user/zhangyixuan/data/minicpm5/sst_cpm5_0117_merge/MegaMath-Web-Pro-Max_1/en__MegaMath-Web-Pro-Max_1__2025112200/64k_128k defaultdict(<class 'int'>, {0: 384})
/user/zhangyixuan/data/minicpm5/sst_cpm5_0117_merge/MegaMath-Web-Pro-Max_1/en__MegaMath-Web-Pro-Max_1__2025112200/8k_16k defaultdict(<class 'int'>, {0: 22631})
/user/zhangyixuan/data/minicpm5/sst_cpm5_0117_merge/MegaMath-Web-Pro-Max_1/en__MegaMath-Web-Pro-Max_1__2025112200/0k_4k defaultdict(<class 'int'>, {0: 29240306})
/user/zhangyixuan/data/minicpm5/sst_cpm5_0117_merge/MegaMath-Web-Pro-Max_1/en__MegaMath-Web-Pro-Max_1__2025112200/16k_32k defaultdict(<class 'int'>, {0: 4694})
/user/zhangyixuan/data/minicpm5/sst_cpm5_0117_merge/wechat_account/zh__wechat_account__2025112200/4k_8k defaultdict(<class 'int'>, {0: 8144})
/user/zhangyixuan/data/minicpm5/sst_cpm5_0117_merge/wechat_account/zh__wechat_account__2025112200/8k_16k defaultdict(<class 'int'>, {0: 1171})
/user/zhangyixuan/data/minicpm5/sst_cpm5_0117_merge/wechat_account/zh__wechat_account__2025112200/0k_4k defaultdict(<class 'int'>, {0: 379632})
/user/zhangyixuan/data/minicpm5/sst_cpm5_0117_merge/wechat_account/zh__wechat_account__2025112200/16k_32k defaultdict(<class 'int'>, {0: 10})
/user/zhangyixuan/data/minicpm5/sst_cpm5_0117_merge/wechat_account_2025_purchased/zh__wechat_account_2025_purchased__2025112200/32k_64k defaultdict(<class 'int'>, {0: 10})
/user/zhangyixuan/data/minicpm5/sst_cpm5_0117_merge/wechat_account_2025_purchased/zh__wechat_account_2025_purchased__2025112200/4k_8k defaultdict(<class 'int'>, {0: 114330})
/user/zhangyixuan/data/minicpm5/sst_cpm5_0117_merge/wechat_account_2025_purchased/zh__wechat_account_2025_purchased__2025112200/8k_16k defaultdict(<class 'int'>, {0: 24676})
/user/zhangyixuan/data/minicpm5/sst_cpm5_0117_merge/wechat_account_2025_purchased/zh__wechat_account_2025_purchased__2025112200/0k_4k defaultdict(<class 'int'>, {0: 24123202})
/user/zhangyixuan/data/minicpm5/sst_cpm5_0117_merge/wechat_account_2025_purchased/zh__wechat_account_2025_purchased__2025112200/16k_32k defaultdict(<class 'int'>, {0: 4187})
/user/zhangyixuan/data/minicpm5/sst_cpm5_0117_merge/whys/zh__whys__2025112200/0k_4k defaultdict(<class 'int'>, {1: 852, 2: 507, 3: 161, 4: 82, 5: 58, 7: 13, 6: 38, 0: 991, 8: 1})
/user/zhangyixuan/data/minicpm5/sst_cpm5_0117_merge/zh.wikihow/zh__zh.wikihow__2025082500/qa defaultdict(<class 'int'>, {0: 2789, 1: 68, 2: 3})
/user/zhangyixuan/data/minicpm5/sst_cpm5_0117_merge/zh.zhihu-answer_0321/zh__zh.zhihu-answer_0321__2025082500/32k_64k defaultdict(<class 'int'>, {0: 674})
/user/zhangyixuan/data/minicpm5/sst_cpm5_0117_merge/zh.zhihu-answer_0321/zh__zh.zhihu-answer_0321__2025082500/4k_8k defaultdict(<class 'int'>, {0: 77357})
/user/zhangyixuan/data/minicpm5/sst_cpm5_0117_merge/zh.zhihu-answer_0321/zh__zh.zhihu-answer_0321__2025082500/64k_128k defaultdict(<class 'int'>, {0: 56})
/user/zhangyixuan/data/minicpm5/sst_cpm5_0117_merge/zh.zhihu-answer_0321/zh__zh.zhihu-answer_0321__2025082500/8k_16k defaultdict(<class 'int'>, {0: 19215})
/user/zhangyixuan/data/minicpm5/sst_cpm5_0117_merge/zh.zhihu-answer_0321/zh__zh.zhihu-answer_0321__2025082500/0k_4k defaultdict(<class 'int'>, {0: 65777389})
/user/zhangyixuan/data/minicpm5/sst_cpm5_0117_merge/zh.zhihu-answer_0321/zh__zh.zhihu-answer_0321__2025082500/16k_32k defaultdict(<class 'int'>, {0: 3889})
/user/zhangyixuan/data/minicpm5/sst_cpm5_0117_merge/libretext/en__libretext__2025112200/4k_8k defaultdict(<class 'int'>, {0: 1597})
/user/zhangyixuan/data/minicpm5/sst_cpm5_0117_merge/libretext/en__libretext__2025112200/8k_16k defaultdict(<class 'int'>, {0: 115})
/user/zhangyixuan/data/minicpm5/sst_cpm5_0117_merge/libretext/en__libretext__2025112200/0k_4k defaultdict(<class 'int'>, {0: 21661})
/user/zhangyixuan/data/minicpm5/sst_cpm5_0117_merge/reddit/reddit__2025112200/32k_64k defaultdict(<class 'int'>, {0: 13567})
/user/zhangyixuan/data/minicpm5/sst_cpm5_0117_merge/reddit/reddit__2025112200/4k_8k defaultdict(<class 'int'>, {0: 411571})
/user/zhangyixuan/data/minicpm5/sst_cpm5_0117_merge/reddit/reddit__2025112200/64k_128k defaultdict(<class 'int'>, {0: 3014})
/user/zhangyixuan/data/minicpm5/sst_cpm5_0117_merge/reddit/reddit__2025112200/8k_16k defaultdict(<class 'int'>, {0: 139333})
/user/zhangyixuan/data/minicpm5/sst_cpm5_0117_merge/reddit/reddit__2025112200/0k_4k defaultdict(<class 'int'>, {0: 20229790})
/user/zhangyixuan/data/minicpm5/sst_cpm5_0117_merge/reddit/reddit__2025112200/16k_32k defaultdict(<class 'int'>, {0: 45814})
/user/zhangyixuan/data/minicpm5/sst_cpm5_0117_merge/reddit/reddit__2025112200/128k_256k defaultdict(<class 'int'>, {0: 11})
/user/zhangyixuan/data/minicpm5/sst_cpm5_0117_merge/stack_exchange_qa/en__stack_exchange_qa__2025082500/qa defaultdict(<class 'int'>, {0: 876904})
/user/zhangyixuan/data/minicpm5/sst_cpm5_0117_merge/stack_overflow/en__stack_overflow__2025082500/4k_8k defaultdict(<class 'int'>, {0: 130})
/user/zhangyixuan/data/minicpm5/sst_cpm5_0117_merge/stack_overflow/en__stack_overflow__2025082500/0k_4k defaultdict(<class 'int'>, {0: 2388726})
/user/zhangyixuan/data/minicpm5/sst_cpm5_0117_merge/www_ebsco_com/www_ebsco_com__2025112200/4k_8k defaultdict(<class 'int'>, {0: 103})
/user/zhangyixuan/data/minicpm5/sst_cpm5_0117_merge/www_ebsco_com/www_ebsco_com__2025112200/0k_4k defaultdict(<class 'int'>, {0: 7456})
/user/zhangyixuan/data/minicpm5/sst_cpm5_0117_merge/aops_synthesis/aops_synthesis__20251218/4k_8k defaultdict(<class 'int'>, {0: 607, 1: 1})
/user/zhangyixuan/data/minicpm5/sst_cpm5_0117_merge/aops_synthesis/aops_synthesis__20251218/8k_16k defaultdict(<class 'int'>, {0: 67})
/user/zhangyixuan/data/minicpm5/sst_cpm5_0117_merge/aops_synthesis/aops_synthesis__20251218/0k_4k defaultdict(<class 'int'>, {0: 190245})
/user/zhangyixuan/data/minicpm5/sst_cpm5_0117_merge/Chinese_Book_small_merge/32k_64k defaultdict(<class 'int'>, {0: 1563})
/user/zhangyixuan/data/minicpm5/sst_cpm5_0117_merge/Chinese_Book_small_merge/64k_128k defaultdict(<class 'int'>, {0: 2419})
/user/zhangyixuan/data/minicpm5/sst_cpm5_0117_merge/Chinese_Book_small_merge/8k_16k defaultdict(<class 'int'>, {0: 36})
/user/zhangyixuan/data/minicpm5/sst_cpm5_0117_merge/Chinese_Book_small_merge/256k_512k defaultdict(<class 'int'>, {0: 1})
/user/zhangyixuan/data/minicpm5/sst_cpm5_0117_merge/Chinese_Book_small_merge/0k_4k defaultdict(<class 'int'>, {0: 71, 1: 45, 2: 32, 3: 24, 4: 23, 5: 21, 6: 18, 7: 16, 8: 15, 9: 14, 10: 12, 11: 10, 12: 9, 13: 8, 14: 7, 15: 7, 16: 7, 17: 7, 18: 5, 19: 5, 20: 5, 21: 5, 22: 5, 23: 5, 24: 5, 25: 5, 26: 5, 27: 5, 28: 5, 29: 3, 30: 3, 31: 3, 32: 3, 33: 3, 34: 3, 35: 3, 36: 3, 37: 3, 38: 2, 39: 2, 40: 2, 41: 2, 42: 2, 43: 2, 44: 2, 45: 2, 46: 2, 47: 2, 48: 2, 49: 2, 50: 2, 51: 2, 52: 2, 53: 2, 54: 2, 55: 2, 56: 2, 57: 2, 58: 2, 59: 2, 60: 2, 61: 2, 62: 2, 63: 2, 64: 2, 65: 2, 66: 2, 67: 2, 68: 2})
/user/zhangyixuan/data/minicpm5/sst_cpm5_0117_merge/Chinese_Book_small_merge/16k_32k defaultdict(<class 'int'>, {0: 365})
/user/zhangyixuan/data/minicpm5/sst_cpm5_0117_merge/Chinese_Book_small_merge/128k_256k defaultdict(<class 'int'>, {0: 881})
/user/zhangyixuan/data/minicpm5/sst_cpm5_0117_merge/annas_book_zh/zh__annas_book_zh__2025121200/512k_gt defaultdict(<class 'int'>, {})
/user/zhangyixuan/data/minicpm5/sst_cpm5_0117_merge/annas_book_zh/zh__annas_book_zh__2025121200/32k_64k defaultdict(<class 'int'>, {0: 52627})
/user/zhangyixuan/data/minicpm5/sst_cpm5_0117_merge/annas_book_zh/zh__annas_book_zh__2025121200/4k_8k defaultdict(<class 'int'>, {0: 9837})
/user/zhangyixuan/data/minicpm5/sst_cpm5_0117_merge/annas_book_zh/zh__annas_book_zh__2025121200/64k_128k defaultdict(<class 'int'>, {0: 112257})
/user/zhangyixuan/data/minicpm5/sst_cpm5_0117_merge/annas_book_zh/zh__annas_book_zh__2025121200/8k_16k defaultdict(<class 'int'>, {0: 11071})
/user/zhangyixuan/data/minicpm5/sst_cpm5_0117_merge/annas_book_zh/zh__annas_book_zh__2025121200/256k_512k defaultdict(<class 'int'>, {0: 12753})
/user/zhangyixuan/data/minicpm5/sst_cpm5_0117_merge/annas_book_zh/zh__annas_book_zh__2025121200/0k_4k defaultdict(<class 'int'>, {0: 14665})
/user/zhangyixuan/data/minicpm5/sst_cpm5_0117_merge/annas_book_zh/zh__annas_book_zh__2025121200/16k_32k defaultdict(<class 'int'>, {0: 19684})
/user/zhangyixuan/data/minicpm5/sst_cpm5_0117_merge/annas_book_zh/zh__annas_book_zh__2025121200/128k_256k defaultdict(<class 'int'>, {0: 77618})
/user/zhangyixuan/data/minicpm5/sst_cpm5_0117_merge/CCI4.0-M2-Extra-v1-new_books_zh/CCI4.0-M2-Extra-v1-new_books_zh__2025112200/32k_64k defaultdict(<class 'int'>, {0: 1455})
/user/zhangyixuan/data/minicpm5/sst_cpm5_0117_merge/CCI4.0-M2-Extra-v1-new_books_zh/CCI4.0-M2-Extra-v1-new_books_zh__2025112200/64k_128k defaultdict(<class 'int'>, {0: 1994})
/user/zhangyixuan/data/minicpm5/sst_cpm5_0117_merge/CCI4.0-M2-Extra-v1-new_books_zh/CCI4.0-M2-Extra-v1-new_books_zh__2025112200/8k_16k defaultdict(<class 'int'>, {0: 20})
/user/zhangyixuan/data/minicpm5/sst_cpm5_0117_merge/CCI4.0-M2-Extra-v1-new_books_zh/CCI4.0-M2-Extra-v1-new_books_zh__2025112200/256k_512k defaultdict(<class 'int'>, {})
/user/zhangyixuan/data/minicpm5/sst_cpm5_0117_merge/CCI4.0-M2-Extra-v1-new_books_zh/CCI4.0-M2-Extra-v1-new_books_zh__2025112200/16k_32k defaultdict(<class 'int'>, {0: 193})
/user/zhangyixuan/data/minicpm5/sst_cpm5_0117_merge/CCI4.0-M2-Extra-v1-new_books_zh/CCI4.0-M2-Extra-v1-new_books_zh__2025112200/128k_256k defaultdict(<class 'int'>, {0: 454})
/user/zhangyixuan/data/minicpm5/sst_cpm5_0117_merge/chinese_patent_volume/zh__chinese_patent_volume__2025112200/32k_64k defaultdict(<class 'int'>, {0: 1016})
/user/zhangyixuan/data/minicpm5/sst_cpm5_0117_merge/chinese_patent_volume/zh__chinese_patent_volume__2025112200/4k_8k defaultdict(<class 'int'>, {0: 235771})
/user/zhangyixuan/data/minicpm5/sst_cpm5_0117_merge/chinese_patent_volume/zh__chinese_patent_volume__2025112200/64k_128k defaultdict(<class 'int'>, {0: 1})
/user/zhangyixuan/data/minicpm5/sst_cpm5_0117_merge/chinese_patent_volume/zh__chinese_patent_volume__2025112200/8k_16k defaultdict(<class 'int'>, {0: 60115})
/user/zhangyixuan/data/minicpm5/sst_cpm5_0117_merge/chinese_patent_volume/zh__chinese_patent_volume__2025112200/0k_4k defaultdict(<class 'int'>, {0: 545049})
/user/zhangyixuan/data/minicpm5/sst_cpm5_0117_merge/chinese_patent_volume/zh__chinese_patent_volume__2025112200/16k_32k defaultdict(<class 'int'>, {0: 9204})
/user/zhangyixuan/data/minicpm5/sst_cpm5_0117_merge/finepdfs_edu_zh/finepdfs_edu_zh__2025112200/32k_64k defaultdict(<class 'int'>, {0: 4028})
/user/zhangyixuan/data/minicpm5/sst_cpm5_0117_merge/finepdfs_edu_zh/finepdfs_edu_zh__2025112200/4k_8k defaultdict(<class 'int'>, {0: 28393})
/user/zhangyixuan/data/minicpm5/sst_cpm5_0117_merge/finepdfs_edu_zh/finepdfs_edu_zh__2025112200/64k_128k defaultdict(<class 'int'>, {0: 1051})
/user/zhangyixuan/data/minicpm5/sst_cpm5_0117_merge/finepdfs_edu_zh/finepdfs_edu_zh__2025112200/8k_16k defaultdict(<class 'int'>, {0: 13691})
/user/zhangyixuan/data/minicpm5/sst_cpm5_0117_merge/finepdfs_edu_zh/finepdfs_edu_zh__2025112200/0k_4k defaultdict(<class 'int'>, {0: 220795})
/user/zhangyixuan/data/minicpm5/sst_cpm5_0117_merge/finepdfs_edu_zh/finepdfs_edu_zh__2025112200/16k_32k defaultdict(<class 'int'>, {0: 9185})
/user/zhangyixuan/data/minicpm5/sst_cpm5_0117_merge/finepdfs_edu_zh/finepdfs_edu_zh__2025112200/128k_256k defaultdict(<class 'int'>, {0: 98})
/user/zhangyixuan/data/minicpm5/sst_cpm5_0117_merge/finepdfs_zh/zh_finepdfs_zh__2025112200/32k_64k defaultdict(<class 'int'>, {0: 4533})
/user/zhangyixuan/data/minicpm5/sst_cpm5_0117_merge/finepdfs_zh/zh_finepdfs_zh__2025112200/4k_8k defaultdict(<class 'int'>, {0: 43081})
/user/zhangyixuan/data/minicpm5/sst_cpm5_0117_merge/finepdfs_zh/zh_finepdfs_zh__2025112200/64k_128k defaultdict(<class 'int'>, {0: 1854})
/user/zhangyixuan/data/minicpm5/sst_cpm5_0117_merge/finepdfs_zh/zh_finepdfs_zh__2025112200/8k_16k defaultdict(<class 'int'>, {0: 22986})
/user/zhangyixuan/data/minicpm5/sst_cpm5_0117_merge/finepdfs_zh/zh_finepdfs_zh__2025112200/256k_512k defaultdict(<class 'int'>, {})
/user/zhangyixuan/data/minicpm5/sst_cpm5_0117_merge/finepdfs_zh/zh_finepdfs_zh__2025112200/0k_4k defaultdict(<class 'int'>, {0: 358055})
/user/zhangyixuan/data/minicpm5/sst_cpm5_0117_merge/finepdfs_zh/zh_finepdfs_zh__2025112200/16k_32k defaultdict(<class 'int'>, {0: 10676})
/user/zhangyixuan/data/minicpm5/sst_cpm5_0117_merge/finepdfs_zh/zh_finepdfs_zh__2025112200/128k_256k defaultdict(<class 'int'>, {0: 224})
/user/zhangyixuan/data/minicpm5/sst_cpm5_0117_merge/patent_zh/zh__patent_zh__2025120612/32k_64k defaultdict(<class 'int'>, {0: 12605})
/user/zhangyixuan/data/minicpm5/sst_cpm5_0117_merge/patent_zh/zh__patent_zh__2025120612/4k_8k defaultdict(<class 'int'>, {0: 811163})
/user/zhangyixuan/data/minicpm5/sst_cpm5_0117_merge/patent_zh/zh__patent_zh__2025120612/64k_128k defaultdict(<class 'int'>, {0: 1890})
/user/zhangyixuan/data/minicpm5/sst_cpm5_0117_merge/patent_zh/zh__patent_zh__2025120612/8k_16k defaultdict(<class 'int'>, {0: 418614})
/user/zhangyixuan/data/minicpm5/sst_cpm5_0117_merge/patent_zh/zh__patent_zh__2025120612/256k_512k defaultdict(<class 'int'>, {})
/user/zhangyixuan/data/minicpm5/sst_cpm5_0117_merge/patent_zh/zh__patent_zh__2025120612/0k_4k defaultdict(<class 'int'>, {0: 525209})
/user/zhangyixuan/data/minicpm5/sst_cpm5_0117_merge/patent_zh/zh__patent_zh__2025120612/16k_32k defaultdict(<class 'int'>, {0: 79586})
/user/zhangyixuan/data/minicpm5/sst_cpm5_0117_merge/patent_zh/zh__patent_zh__2025120612/128k_256k defaultdict(<class 'int'>, {0: 8})
/user/zhangyixuan/data/minicpm5/sst_cpm5_0117_merge/hangyeyanbao_zh/zh__hangyeyanbao_zh_2025111112/32k_64k defaultdict(<class 'int'>, {})
/user/zhangyixuan/data/minicpm5/sst_cpm5_0117_merge/hangyeyanbao_zh/zh__hangyeyanbao_zh_2025111112/4k_8k defaultdict(<class 'int'>, {0: 5969})
/user/zhangyixuan/data/minicpm5/sst_cpm5_0117_merge/hangyeyanbao_zh/zh__hangyeyanbao_zh_2025111112/8k_16k defaultdict(<class 'int'>, {0: 4772})
/user/zhangyixuan/data/minicpm5/sst_cpm5_0117_merge/hangyeyanbao_zh/zh__hangyeyanbao_zh_2025111112/0k_4k defaultdict(<class 'int'>, {0: 2847})
/user/zhangyixuan/data/minicpm5/sst_cpm5_0117_merge/hangyeyanbao_zh/zh__hangyeyanbao_zh_2025111112/16k_32k defaultdict(<class 'int'>, {0: 716})
/user/zhangyixuan/data/minicpm5/sst_cpm5_0117_merge/annas_book_en/en__annas_book_en__2025120412/512k_gt defaultdict(<class 'int'>, {0: 2586})
/user/zhangyixuan/data/minicpm5/sst_cpm5_0117_merge/annas_book_en/en__annas_book_en__2025120412/32k_64k defaultdict(<class 'int'>, {0: 94779})
/user/zhangyixuan/data/minicpm5/sst_cpm5_0117_merge/annas_book_en/en__annas_book_en__2025120412/4k_8k defaultdict(<class 'int'>, {0: 46442})
/user/zhangyixuan/data/minicpm5/sst_cpm5_0117_merge/annas_book_en/en__annas_book_en__2025120412/64k_128k defaultdict(<class 'int'>, {0: 141636})
/user/zhangyixuan/data/minicpm5/sst_cpm5_0117_merge/annas_book_en/en__annas_book_en__2025120412/8k_16k defaultdict(<class 'int'>, {0: 68570})
/user/zhangyixuan/data/minicpm5/sst_cpm5_0117_merge/annas_book_en/en__annas_book_en__2025120412/256k_512k defaultdict(<class 'int'>, {0: 15510})
/user/zhangyixuan/data/minicpm5/sst_cpm5_0117_merge/annas_book_en/en__annas_book_en__2025120412/0k_4k defaultdict(<class 'int'>, {0: 50213})
/user/zhangyixuan/data/minicpm5/sst_cpm5_0117_merge/annas_book_en/en__annas_book_en__2025120412/16k_32k defaultdict(<class 'int'>, {0: 73180})
/user/zhangyixuan/data/minicpm5/sst_cpm5_0117_merge/annas_book_en/en__annas_book_en__2025120412/128k_256k defaultdict(<class 'int'>, {0: 55397})
/user/zhangyixuan/data/minicpm5/sst_cpm5_0117_merge/annas_en_pdf_2500w/en__annas_en_pdf_2500w__2025090600/512k_gt defaultdict(<class 'int'>, {0: 1713})
/user/zhangyixuan/data/minicpm5/sst_cpm5_0117_merge/annas_en_pdf_2500w/en__annas_en_pdf_2500w__2025090600/32k_64k defaultdict(<class 'int'>, {0: 39820})
/user/zhangyixuan/data/minicpm5/sst_cpm5_0117_merge/annas_en_pdf_2500w/en__annas_en_pdf_2500w__2025090600/4k_8k defaultdict(<class 'int'>, {0: 680263})
/user/zhangyixuan/data/minicpm5/sst_cpm5_0117_merge/annas_en_pdf_2500w/en__annas_en_pdf_2500w__2025090600/64k_128k defaultdict(<class 'int'>, {0: 36794})
/user/zhangyixuan/data/minicpm5/sst_cpm5_0117_merge/annas_en_pdf_2500w/en__annas_en_pdf_2500w__2025090600/8k_16k defaultdict(<class 'int'>, {0: 795839})
/user/zhangyixuan/data/minicpm5/sst_cpm5_0117_merge/annas_en_pdf_2500w/en__annas_en_pdf_2500w__2025090600/256k_512k defaultdict(<class 'int'>, {0: 7620})
/user/zhangyixuan/data/minicpm5/sst_cpm5_0117_merge/annas_en_pdf_2500w/en__annas_en_pdf_2500w__2025090600/0k_4k defaultdict(<class 'int'>, {0: 873840})
/user/zhangyixuan/data/minicpm5/sst_cpm5_0117_merge/annas_en_pdf_2500w/en__annas_en_pdf_2500w__2025090600/16k_32k defaultdict(<class 'int'>, {0: 250453})
/user/zhangyixuan/data/minicpm5/sst_cpm5_0117_merge/annas_en_pdf_2500w/en__annas_en_pdf_2500w__2025090600/128k_256k defaultdict(<class 'int'>, {0: 29179})
/user/zhangyixuan/data/minicpm5/sst_cpm5_0117_merge/CCI4.0-M2-Extra-v1-new_books_en/CCI4.0-M2-Extra-v1-new_books_en__2025112200/32k_64k defaultdict(<class 'int'>, {0: 7423})
/user/zhangyixuan/data/minicpm5/sst_cpm5_0117_merge/CCI4.0-M2-Extra-v1-new_books_en/CCI4.0-M2-Extra-v1-new_books_en__2025112200/4k_8k defaultdict(<class 'int'>, {0: 2331})
/user/zhangyixuan/data/minicpm5/sst_cpm5_0117_merge/CCI4.0-M2-Extra-v1-new_books_en/CCI4.0-M2-Extra-v1-new_books_en__2025112200/64k_128k defaultdict(<class 'int'>, {0: 16686})
/user/zhangyixuan/data/minicpm5/sst_cpm5_0117_merge/CCI4.0-M2-Extra-v1-new_books_en/CCI4.0-M2-Extra-v1-new_books_en__2025112200/8k_16k defaultdict(<class 'int'>, {0: 1876})
/user/zhangyixuan/data/minicpm5/sst_cpm5_0117_merge/CCI4.0-M2-Extra-v1-new_books_en/CCI4.0-M2-Extra-v1-new_books_en__2025112200/0k_4k defaultdict(<class 'int'>, {0: 4035982})
/user/zhangyixuan/data/minicpm5/sst_cpm5_0117_merge/CCI4.0-M2-Extra-v1-new_books_en/CCI4.0-M2-Extra-v1-new_books_en__2025112200/16k_32k defaultdict(<class 'int'>, {0: 3497})
/user/zhangyixuan/data/minicpm5/sst_cpm5_0117_merge/CCI4.0-M2-Extra-v1-new_books_en/CCI4.0-M2-Extra-v1-new_books_en__2025112200/128k_256k defaultdict(<class 'int'>, {0: 4784})
/user/zhangyixuan/data/minicpm5/sst_cpm5_0117_merge/congress/en__congress__2025112200/4k_8k defaultdict(<class 'int'>, {})
/user/zhangyixuan/data/minicpm5/sst_cpm5_0117_merge/congress/en__congress__2025112200/8k_16k defaultdict(<class 'int'>, {})
/user/zhangyixuan/data/minicpm5/sst_cpm5_0117_merge/congress/en__congress__2025112200/0k_4k defaultdict(<class 'int'>, {})
/user/zhangyixuan/data/minicpm5/sst_cpm5_0117_merge/congress/en__congress__2025112200/16k_32k defaultdict(<class 'int'>, {})
/user/zhangyixuan/data/minicpm5/sst_cpm5_0117_merge/finepdfs_edu_en/finepdfs_edu_en__2025112200/32k_64k defaultdict(<class 'int'>, {0: 137512})
/user/zhangyixuan/data/minicpm5/sst_cpm5_0117_merge/finepdfs_edu_en/finepdfs_edu_en__2025112200/4k_8k defaultdict(<class 'int'>, {0: 1312480})
/user/zhangyixuan/data/minicpm5/sst_cpm5_0117_merge/finepdfs_edu_en/finepdfs_edu_en__2025112200/64k_128k defaultdict(<class 'int'>, {0: 58002})
/user/zhangyixuan/data/minicpm5/sst_cpm5_0117_merge/finepdfs_edu_en/finepdfs_edu_en__2025112200/8k_16k defaultdict(<class 'int'>, {0: 698825})
/user/zhangyixuan/data/minicpm5/sst_cpm5_0117_merge/finepdfs_edu_en/finepdfs_edu_en__2025112200/256k_512k defaultdict(<class 'int'>, {})
/user/zhangyixuan/data/minicpm5/sst_cpm5_0117_merge/finepdfs_edu_en/finepdfs_edu_en__2025112200/0k_4k defaultdict(<class 'int'>, {0: 8463158})
/user/zhangyixuan/data/minicpm5/sst_cpm5_0117_merge/finepdfs_edu_en/finepdfs_edu_en__2025112200/16k_32k defaultdict(<class 'int'>, {0: 319920})
/user/zhangyixuan/data/minicpm5/sst_cpm5_0117_merge/finepdfs_edu_en/finepdfs_edu_en__2025112200/128k_256k defaultdict(<class 'int'>, {0: 19060})
/user/zhangyixuan/data/minicpm5/sst_cpm5_0117_merge/finepdfs_en/en_finepdfs_en__2025112200/32k_64k defaultdict(<class 'int'>, {0: 182320})
/user/zhangyixuan/data/minicpm5/sst_cpm5_0117_merge/finepdfs_en/en_finepdfs_en__2025112200/4k_8k defaultdict(<class 'int'>, {0: 1620573})
/user/zhangyixuan/data/minicpm5/sst_cpm5_0117_merge/finepdfs_en/en_finepdfs_en__2025112200/64k_128k defaultdict(<class 'int'>, {0: 77563})
/user/zhangyixuan/data/minicpm5/sst_cpm5_0117_merge/finepdfs_en/en_finepdfs_en__2025112200/8k_16k defaultdict(<class 'int'>, {0: 1027150})
/user/zhangyixuan/data/minicpm5/sst_cpm5_0117_merge/finepdfs_en/en_finepdfs_en__2025112200/256k_512k defaultdict(<class 'int'>, {})
/user/zhangyixuan/data/minicpm5/sst_cpm5_0117_merge/finepdfs_en/en_finepdfs_en__2025112200/0k_4k defaultdict(<class 'int'>, {0: 13248442})
/user/zhangyixuan/data/minicpm5/sst_cpm5_0117_merge/finepdfs_en/en_finepdfs_en__2025112200/16k_32k defaultdict(<class 'int'>, {0: 443980})
/user/zhangyixuan/data/minicpm5/sst_cpm5_0117_merge/finepdfs_en/en_finepdfs_en__2025112200/128k_256k defaultdict(<class 'int'>, {0: 19945})
/user/zhangyixuan/data/minicpm5/sst_cpm5_0117_merge/gaogov/en__gaogov__2025112200/32k_64k defaultdict(<class 'int'>, {})
/user/zhangyixuan/data/minicpm5/sst_cpm5_0117_merge/gaogov/en__gaogov__2025112200/4k_8k defaultdict(<class 'int'>, {})
/user/zhangyixuan/data/minicpm5/sst_cpm5_0117_merge/gaogov/en__gaogov__2025112200/8k_16k defaultdict(<class 'int'>, {})
/user/zhangyixuan/data/minicpm5/sst_cpm5_0117_merge/gaogov/en__gaogov__2025112200/0k_4k defaultdict(<class 'int'>, {})
/user/zhangyixuan/data/minicpm5/sst_cpm5_0117_merge/gaogov/en__gaogov__2025112200/16k_32k defaultdict(<class 'int'>, {})
/user/zhangyixuan/data/minicpm5/sst_cpm5_0117_merge/proquest/en__proquest__2025121200/32k_64k defaultdict(<class 'int'>, {0: 4089})
/user/zhangyixuan/data/minicpm5/sst_cpm5_0117_merge/proquest/en__proquest__2025121200/4k_8k defaultdict(<class 'int'>, {0: 70729})
/user/zhangyixuan/data/minicpm5/sst_cpm5_0117_merge/proquest/en__proquest__2025121200/64k_128k defaultdict(<class 'int'>, {0: 265})
/user/zhangyixuan/data/minicpm5/sst_cpm5_0117_merge/proquest/en__proquest__2025121200/8k_16k defaultdict(<class 'int'>, {0: 120320})
/user/zhangyixuan/data/minicpm5/sst_cpm5_0117_merge/proquest/en__proquest__2025121200/0k_4k defaultdict(<class 'int'>, {0: 172863})
/user/zhangyixuan/data/minicpm5/sst_cpm5_0117_merge/proquest/en__proquest__2025121200/16k_32k defaultdict(<class 'int'>, {0: 50569})
/user/zhangyixuan/data/minicpm5/sst_cpm5_0117_merge/proquest/en__proquest__2025121200/128k_256k defaultdict(<class 'int'>, {})
/user/zhangyixuan/data/minicpm5/sst_cpm5_0117_merge/patent_en/en__patent_en__2025120612/512k_gt defaultdict(<class 'int'>, {})
/user/zhangyixuan/data/minicpm5/sst_cpm5_0117_merge/patent_en/en__patent_en__2025120612/32k_64k defaultdict(<class 'int'>, {0: 54910})
/user/zhangyixuan/data/minicpm5/sst_cpm5_0117_merge/patent_en/en__patent_en__2025120612/4k_8k defaultdict(<class 'int'>, {0: 546043})
/user/zhangyixuan/data/minicpm5/sst_cpm5_0117_merge/patent_en/en__patent_en__2025120612/64k_128k defaultdict(<class 'int'>, {0: 14245})
/user/zhangyixuan/data/minicpm5/sst_cpm5_0117_merge/patent_en/en__patent_en__2025120612/8k_16k defaultdict(<class 'int'>, {0: 513957})
/user/zhangyixuan/data/minicpm5/sst_cpm5_0117_merge/patent_en/en__patent_en__2025120612/256k_512k defaultdict(<class 'int'>, {0: 386})
/user/zhangyixuan/data/minicpm5/sst_cpm5_0117_merge/patent_en/en__patent_en__2025120612/0k_4k defaultdict(<class 'int'>, {0: 655697})
/user/zhangyixuan/data/minicpm5/sst_cpm5_0117_merge/patent_en/en__patent_en__2025120612/16k_32k defaultdict(<class 'int'>, {0: 217740})
/user/zhangyixuan/data/minicpm5/sst_cpm5_0117_merge/patent_en/en__patent_en__2025120612/128k_256k defaultdict(<class 'int'>, {0: 3647})
/user/zhangyixuan/data/minicpm5/sst_cpm5_0117_merge/hangyeyanbao_en/en__hangyeyanbao_en_2025111112/32k_64k defaultdict(<class 'int'>, {})
/user/zhangyixuan/data/minicpm5/sst_cpm5_0117_merge/hangyeyanbao_en/en__hangyeyanbao_en_2025111112/4k_8k defaultdict(<class 'int'>, {0: 260})
/user/zhangyixuan/data/minicpm5/sst_cpm5_0117_merge/hangyeyanbao_en/en__hangyeyanbao_en_2025111112/8k_16k defaultdict(<class 'int'>, {0: 614})
/user/zhangyixuan/data/minicpm5/sst_cpm5_0117_merge/hangyeyanbao_en/en__hangyeyanbao_en_2025111112/0k_4k defaultdict(<class 'int'>, {0: 228, 1: 8})
/user/zhangyixuan/data/minicpm5/sst_cpm5_0117_merge/hangyeyanbao_en/en__hangyeyanbao_en_2025111112/16k_32k defaultdict(<class 'int'>, {0: 72})
/user/zhangyixuan/data/minicpm5/sst_cpm5_0117_merge/zhiwangshuobo_pipeline/zh__zhiwangshuobo_pipeline__2025112200/32k_64k defaultdict(<class 'int'>, {0: 175600})
/user/zhangyixuan/data/minicpm5/sst_cpm5_0117_merge/zhiwangshuobo_pipeline/zh__zhiwangshuobo_pipeline__2025112200/4k_8k defaultdict(<class 'int'>, {0: 1317})
/user/zhangyixuan/data/minicpm5/sst_cpm5_0117_merge/zhiwangshuobo_pipeline/zh__zhiwangshuobo_pipeline__2025112200/64k_128k defaultdict(<class 'int'>, {0: 26538})
/user/zhangyixuan/data/minicpm5/sst_cpm5_0117_merge/zhiwangshuobo_pipeline/zh__zhiwangshuobo_pipeline__2025112200/8k_16k defaultdict(<class 'int'>, {0: 16624})
/user/zhangyixuan/data/minicpm5/sst_cpm5_0117_merge/zhiwangshuobo_pipeline/zh__zhiwangshuobo_pipeline__2025112200/16k_32k defaultdict(<class 'int'>, {0: 209567})
/user/zhangyixuan/data/minicpm5/sst_cpm5_0117_merge/zhiwangshuobo_pipeline/zh__zhiwangshuobo_pipeline__2025112200/128k_256k defaultdict(<class 'int'>, {0: 1771})
/user/zhangyixuan/data/minicpm5/sst_cpm5_0117_merge/zhiwangshuobo_vlm/zh__zhiwangshuobo_vlm__2025112200/32k_64k defaultdict(<class 'int'>, {0: 251802})
/user/zhangyixuan/data/minicpm5/sst_cpm5_0117_merge/zhiwangshuobo_vlm/zh__zhiwangshuobo_vlm__2025112200/4k_8k defaultdict(<class 'int'>, {0: 1987})
/user/zhangyixuan/data/minicpm5/sst_cpm5_0117_merge/zhiwangshuobo_vlm/zh__zhiwangshuobo_vlm__2025112200/64k_128k defaultdict(<class 'int'>, {0: 30909})
/user/zhangyixuan/data/minicpm5/sst_cpm5_0117_merge/zhiwangshuobo_vlm/zh__zhiwangshuobo_vlm__2025112200/8k_16k defaultdict(<class 'int'>, {0: 24323})
/user/zhangyixuan/data/minicpm5/sst_cpm5_0117_merge/zhiwangshuobo_vlm/zh__zhiwangshuobo_vlm__2025112200/16k_32k defaultdict(<class 'int'>, {0: 320212})
/user/zhangyixuan/data/minicpm5/sst_cpm5_0117_merge/zhiwangshuobo_vlm/zh__zhiwangshuobo_vlm__2025112200/128k_256k defaultdict(<class 'int'>, {0: 1935})
/user/zhangyixuan/data/minicpm5/sst_cpm5_0117_merge/ChineseJournal/zh__ChineseJournal__2025120612/32k_64k defaultdict(<class 'int'>, {0: 2368})
/user/zhangyixuan/data/minicpm5/sst_cpm5_0117_merge/ChineseJournal/zh__ChineseJournal__2025120612/4k_8k defaultdict(<class 'int'>, {0: 2723695})
/user/zhangyixuan/data/minicpm5/sst_cpm5_0117_merge/ChineseJournal/zh__ChineseJournal__2025120612/64k_128k defaultdict(<class 'int'>, {0: 13})
/user/zhangyixuan/data/minicpm5/sst_cpm5_0117_merge/ChineseJournal/zh__ChineseJournal__2025120612/8k_16k defaultdict(<class 'int'>, {0: 559920})
/user/zhangyixuan/data/minicpm5/sst_cpm5_0117_merge/ChineseJournal/zh__ChineseJournal__2025120612/0k_4k defaultdict(<class 'int'>, {0: 13670426})
/user/zhangyixuan/data/minicpm5/sst_cpm5_0117_merge/ChineseJournal/zh__ChineseJournal__2025120612/16k_32k defaultdict(<class 'int'>, {0: 47145})
/user/zhangyixuan/data/minicpm5/sst_cpm5_0117_merge/google-scholar_merge/32k_64k defaultdict(<class 'int'>, {0: 328467})
/user/zhangyixuan/data/minicpm5/sst_cpm5_0117_merge/google-scholar_merge/4k_8k defaultdict(<class 'int'>, {0: 2431857})
/user/zhangyixuan/data/minicpm5/sst_cpm5_0117_merge/google-scholar_merge/64k_128k defaultdict(<class 'int'>, {0: 141835})
/user/zhangyixuan/data/minicpm5/sst_cpm5_0117_merge/google-scholar_merge/8k_16k defaultdict(<class 'int'>, {0: 2905034})
/user/zhangyixuan/data/minicpm5/sst_cpm5_0117_merge/google-scholar_merge/256k_512k defaultdict(<class 'int'>, {0: 3562})
/user/zhangyixuan/data/minicpm5/sst_cpm5_0117_merge/google-scholar_merge/0k_4k defaultdict(<class 'int'>, {0: 1833186})
/user/zhangyixuan/data/minicpm5/sst_cpm5_0117_merge/google-scholar_merge/16k_32k defaultdict(<class 'int'>, {0: 1191906})
/user/zhangyixuan/data/minicpm5/sst_cpm5_0117_merge/google-scholar_merge/128k_256k defaultdict(<class 'int'>, {0: 45588})
/user/zhangyixuan/data/minicpm5/sst_cpm5_0117_merge/annas_qikan/en__annas_qikan__2025112200/32k_64k defaultdict(<class 'int'>, {0: 96731})
/user/zhangyixuan/data/minicpm5/sst_cpm5_0117_merge/annas_qikan/en__annas_qikan__2025112200/4k_8k defaultdict(<class 'int'>, {0: 2391930})
/user/zhangyixuan/data/minicpm5/sst_cpm5_0117_merge/annas_qikan/en__annas_qikan__2025112200/64k_128k defaultdict(<class 'int'>, {0: 18960})
/user/zhangyixuan/data/minicpm5/sst_cpm5_0117_merge/annas_qikan/en__annas_qikan__2025112200/8k_16k defaultdict(<class 'int'>, {0: 2662722})
/user/zhangyixuan/data/minicpm5/sst_cpm5_0117_merge/annas_qikan/en__annas_qikan__2025112200/256k_512k defaultdict(<class 'int'>, {})
/user/zhangyixuan/data/minicpm5/sst_cpm5_0117_merge/annas_qikan/en__annas_qikan__2025112200/0k_4k defaultdict(<class 'int'>, {0: 4023449})
/user/zhangyixuan/data/minicpm5/sst_cpm5_0117_merge/annas_qikan/en__annas_qikan__2025112200/16k_32k defaultdict(<class 'int'>, {0: 806581})
/user/zhangyixuan/data/minicpm5/sst_cpm5_0117_merge/annas_qikan/en__annas_qikan__2025112200/128k_256k defaultdict(<class 'int'>, {0: 9096})
/user/zhangyixuan/data/minicpm5/sst_cpm5_0117_merge/arxiv_ocr/en__arxiv_ocr__2025112200/32k_64k defaultdict(<class 'int'>, {0: 18831})
/user/zhangyixuan/data/minicpm5/sst_cpm5_0117_merge/arxiv_ocr/en__arxiv_ocr__2025112200/4k_8k defaultdict(<class 'int'>, {0: 34782})
/user/zhangyixuan/data/minicpm5/sst_cpm5_0117_merge/arxiv_ocr/en__arxiv_ocr__2025112200/64k_128k defaultdict(<class 'int'>, {0: 3185})
/user/zhangyixuan/data/minicpm5/sst_cpm5_0117_merge/arxiv_ocr/en__arxiv_ocr__2025112200/8k_16k defaultdict(<class 'int'>, {0: 64466})
/user/zhangyixuan/data/minicpm5/sst_cpm5_0117_merge/arxiv_ocr/en__arxiv_ocr__2025112200/0k_4k defaultdict(<class 'int'>, {0: 8385})
/user/zhangyixuan/data/minicpm5/sst_cpm5_0117_merge/arxiv_ocr/en__arxiv_ocr__2025112200/16k_32k defaultdict(<class 'int'>, {0: 54003})
/user/zhangyixuan/data/minicpm5/sst_cpm5_0117_merge/arxiv_ocr/en__arxiv_ocr__2025112200/128k_256k defaultdict(<class 'int'>, {0: 4})
/user/zhangyixuan/data/minicpm5/sst_cpm5_0117_merge/CCI4.0-M2-Extra-v1-new_arxiv/CCI4.0-M2-Extra-v1-new_arxiv__2025111200/32k_64k defaultdict(<class 'int'>, {0: 2755})
/user/zhangyixuan/data/minicpm5/sst_cpm5_0117_merge/CCI4.0-M2-Extra-v1-new_arxiv/CCI4.0-M2-Extra-v1-new_arxiv__2025111200/4k_8k defaultdict(<class 'int'>, {0: 13733})
/user/zhangyixuan/data/minicpm5/sst_cpm5_0117_merge/CCI4.0-M2-Extra-v1-new_arxiv/CCI4.0-M2-Extra-v1-new_arxiv__2025111200/64k_128k defaultdict(<class 'int'>, {})
/user/zhangyixuan/data/minicpm5/sst_cpm5_0117_merge/CCI4.0-M2-Extra-v1-new_arxiv/CCI4.0-M2-Extra-v1-new_arxiv__2025111200/8k_16k defaultdict(<class 'int'>, {0: 19466})
/user/zhangyixuan/data/minicpm5/sst_cpm5_0117_merge/CCI4.0-M2-Extra-v1-new_arxiv/CCI4.0-M2-Extra-v1-new_arxiv__2025111200/0k_4k defaultdict(<class 'int'>, {0: 6122})
/user/zhangyixuan/data/minicpm5/sst_cpm5_0117_merge/CCI4.0-M2-Extra-v1-new_arxiv/CCI4.0-M2-Extra-v1-new_arxiv__2025111200/16k_32k defaultdict(<class 'int'>, {0: 11742})
/user/zhangyixuan/data/minicpm5/sst_cpm5_0117_merge/CCI4.0-M2-Extra-v1-new_arxiv/CCI4.0-M2-Extra-v1-new_arxiv__2025111200/128k_256k defaultdict(<class 'int'>, {})
/user/zhangyixuan/data/minicpm5/sst_cpm5_0117_merge/CCI4.0_cot_synthesis_arxiv/en__CCI4.0_cot_synthesis_arxiv__2025103000/32k_64k defaultdict(<class 'int'>, {0: 6447})
/user/zhangyixuan/data/minicpm5/sst_cpm5_0117_merge/CCI4.0_cot_synthesis_arxiv/en__CCI4.0_cot_synthesis_arxiv__2025103000/4k_8k defaultdict(<class 'int'>, {0: 27877})
/user/zhangyixuan/data/minicpm5/sst_cpm5_0117_merge/CCI4.0_cot_synthesis_arxiv/en__CCI4.0_cot_synthesis_arxiv__2025103000/64k_128k defaultdict(<class 'int'>, {0: 310})
/user/zhangyixuan/data/minicpm5/sst_cpm5_0117_merge/CCI4.0_cot_synthesis_arxiv/en__CCI4.0_cot_synthesis_arxiv__2025103000/8k_16k defaultdict(<class 'int'>, {0: 40182})
/user/zhangyixuan/data/minicpm5/sst_cpm5_0117_merge/CCI4.0_cot_synthesis_arxiv/en__CCI4.0_cot_synthesis_arxiv__2025103000/0k_4k defaultdict(<class 'int'>, {0: 11397})
/user/zhangyixuan/data/minicpm5/sst_cpm5_0117_merge/CCI4.0_cot_synthesis_arxiv/en__CCI4.0_cot_synthesis_arxiv__2025103000/16k_32k defaultdict(<class 'int'>, {0: 24823})
/user/zhangyixuan/data/minicpm5/sst_cpm5_0117_merge/CCI4.0_cot_synthesis_arxiv/en__CCI4.0_cot_synthesis_arxiv__2025103000/128k_256k defaultdict(<class 'int'>, {})
/user/zhangyixuan/data/minicpm5/sst_cpm5_0117_merge/arxiv_tex/en__arxiv_tex__2025120412/32k_64k defaultdict(<class 'int'>, {0: 16176})
/user/zhangyixuan/data/minicpm5/sst_cpm5_0117_merge/arxiv_tex/en__arxiv_tex__2025120412/4k_8k defaultdict(<class 'int'>, {0: 30609})
/user/zhangyixuan/data/minicpm5/sst_cpm5_0117_merge/arxiv_tex/en__arxiv_tex__2025120412/64k_128k defaultdict(<class 'int'>, {0: 2118})
/user/zhangyixuan/data/minicpm5/sst_cpm5_0117_merge/arxiv_tex/en__arxiv_tex__2025120412/8k_16k defaultdict(<class 'int'>, {0: 58807})
/user/zhangyixuan/data/minicpm5/sst_cpm5_0117_merge/arxiv_tex/en__arxiv_tex__2025120412/256k_512k defaultdict(<class 'int'>, {})
/user/zhangyixuan/data/minicpm5/sst_cpm5_0117_merge/arxiv_tex/en__arxiv_tex__2025120412/0k_4k defaultdict(<class 'int'>, {0: 6334})
/user/zhangyixuan/data/minicpm5/sst_cpm5_0117_merge/arxiv_tex/en__arxiv_tex__2025120412/16k_32k defaultdict(<class 'int'>, {0: 50453})
/user/zhangyixuan/data/minicpm5/sst_cpm5_0117_merge/arxiv_tex/en__arxiv_tex__2025120412/128k_256k defaultdict(<class 'int'>, {})
/user/zhangyixuan/data/minicpm5/sst_cpm5_0117_merge/annas_qikan_1000w/en__annas_qikan_1000w__2025090600/32k_64k defaultdict(<class 'int'>, {0: 13320})
/user/zhangyixuan/data/minicpm5/sst_cpm5_0117_merge/annas_qikan_1000w/en__annas_qikan_1000w__2025090600/4k_8k defaultdict(<class 'int'>, {0: 288596})
/user/zhangyixuan/data/minicpm5/sst_cpm5_0117_merge/annas_qikan_1000w/en__annas_qikan_1000w__2025090600/64k_128k defaultdict(<class 'int'>, {0: 2079})
/user/zhangyixuan/data/minicpm5/sst_cpm5_0117_merge/annas_qikan_1000w/en__annas_qikan_1000w__2025090600/8k_16k defaultdict(<class 'int'>, {0: 335750})
/user/zhangyixuan/data/minicpm5/sst_cpm5_0117_merge/annas_qikan_1000w/en__annas_qikan_1000w__2025090600/256k_512k defaultdict(<class 'int'>, {})
/user/zhangyixuan/data/minicpm5/sst_cpm5_0117_merge/annas_qikan_1000w/en__annas_qikan_1000w__2025090600/0k_4k defaultdict(<class 'int'>, {0: 560136})
/user/zhangyixuan/data/minicpm5/sst_cpm5_0117_merge/annas_qikan_1000w/en__annas_qikan_1000w__2025090600/16k_32k defaultdict(<class 'int'>, {0: 109944})
/user/zhangyixuan/data/minicpm5/sst_cpm5_0117_merge/annas_qikan_1000w/en__annas_qikan_1000w__2025090600/128k_256k defaultdict(<class 'int'>, {0: 565})
/user/zhangyixuan/data/minicpm5/sst_cpm5_0117_merge/mnbvc_law/zh__mnbvc_law__2025082000/0k_4k defaultdict(<class 'int'>, {0: 17731681})
/user/zhangyixuan/data/minicpm5/sst_cpm5_0117_merge/ancient_chinese_poetry_clean/zh__ancient_chinese_poetry_clean__2025082500/0k_4k defaultdict(<class 'int'>, {0: 374658})
/user/zhangyixuan/data/minicpm5/sst_cpm5_0117_merge/baike_chinese_new_all/zh__baike_chinese_new_all__2025082500/4k_8k defaultdict(<class 'int'>, {0: 43554})
/user/zhangyixuan/data/minicpm5/sst_cpm5_0117_merge/baike_chinese_new_all/zh__baike_chinese_new_all__2025082500/8k_16k defaultdict(<class 'int'>, {0: 9537})
/user/zhangyixuan/data/minicpm5/sst_cpm5_0117_merge/baike_chinese_new_all/zh__baike_chinese_new_all__2025082500/0k_4k defaultdict(<class 'int'>, {0: 5036350})
/user/zhangyixuan/data/minicpm5/sst_cpm5_0117_merge/chinese-knowledge/zh__chinese-knowledge__2025082500/0k_4k defaultdict(<class 'int'>, {})
/user/zhangyixuan/data/minicpm5/sst_cpm5_0117_merge/chn_dic/zh__chn_dic__2025082000/4k_8k defaultdict(<class 'int'>, {0: 73, 1: 3})
/user/zhangyixuan/data/minicpm5/sst_cpm5_0117_merge/chn_dic/zh__chn_dic__2025082000/0k_4k defaultdict(<class 'int'>, {0: 682240})
/user/zhangyixuan/data/minicpm5/sst_cpm5_0117_merge/classical_chinese_full_new_0712/zh__classical_chinese_full_new_0712__2025082500/qa defaultdict(<class 'int'>, {})
/user/zhangyixuan/data/minicpm5/sst_cpm5_0117_merge/couplet_full_new_0712/zh__couplet_full_new_0712__2025082500/qa defaultdict(<class 'int'>, {})
/user/zhangyixuan/data/minicpm5/sst_cpm5_0117_merge/moshadong/zh__moshadong__2025082000/0k_4k defaultdict(<class 'int'>, {0: 1690, 1: 150, 2: 25, 3: 1})
/user/zhangyixuan/data/minicpm5/sst_cpm5_0117_merge/poem/zh__poem__2025103000/qa defaultdict(<class 'int'>, {1: 419, 0: 5740, 2: 3})
/user/zhangyixuan/data/minicpm5/sst_cpm5_0117_merge/souyun/zh__souyun__2025082000/0k_4k defaultdict(<class 'int'>, {})
/user/zhangyixuan/data/minicpm5/sst_cpm5_0117_merge/wikivoyage_chinese/wikivoyage_chinese__2025123000/0k_4k defaultdict(<class 'int'>, {0: 96, 1: 89, 2: 82, 3: 68, 4: 59, 5: 47, 6: 34, 7: 30, 8: 29, 9: 26, 10: 25, 11: 17, 12: 12, 13: 10, 14: 9, 15: 9, 16: 9, 17: 8, 18: 7, 19: 4, 20: 4, 21: 4, 22: 4, 23: 4, 24: 4, 25: 5, 26: 4, 27: 4, 28: 4, 29: 3, 30: 3, 31: 3, 32: 1, 33: 1, 34: 1, 35: 1, 36: 1, 37: 1, 38: 1, 39: 1, 40: 1, 41: 1, 42: 1, 43: 1, 44: 1, 45: 1, 46: 1, 47: 1, 48: 1})
/user/zhangyixuan/data/minicpm5/sst_cpm5_0117_merge/hsjy/zh__hsjy__2025112012/4k_8k defaultdict(<class 'int'>, {})
/user/zhangyixuan/data/minicpm5/sst_cpm5_0117_merge/hsjy/zh__hsjy__2025112012/8k_16k defaultdict(<class 'int'>, {})
/user/zhangyixuan/data/minicpm5/sst_cpm5_0117_merge/hsjy/zh__hsjy__2025112012/0k_4k defaultdict(<class 'int'>, {})
/user/zhangyixuan/data/minicpm5/sst_cpm5_0117_merge/hsjy/zh__hsjy__2025112012/16k_32k defaultdict(<class 'int'>, {})
/user/zhangyixuan/data/minicpm5/sst_cpm5_0117_merge/zh_stem_from_cc_retriever_2024_synthetic_diverse_qa/zh_stem_from_cc_retriever_2024_synthetic_diverse_qa__20260110/0k_4k defaultdict(<class 'int'>, {})
/user/zhangyixuan/data/minicpm5/sst_cpm5_0117_merge/finewiki_zh/zh__finewiki_zh__2025112200/4k_8k defaultdict(<class 'int'>, {0: 7230, 1: 195})
/user/zhangyixuan/data/minicpm5/sst_cpm5_0117_merge/finewiki_zh/zh__finewiki_zh__2025112200/8k_16k defaultdict(<class 'int'>, {0: 1586, 1: 93})
/user/zhangyixuan/data/minicpm5/sst_cpm5_0117_merge/finewiki_zh/zh__finewiki_zh__2025112200/0k_4k defaultdict(<class 'int'>, {0: 736615, 1: 7225})
/user/zhangyixuan/data/minicpm5/sst_cpm5_0117_merge/weikao/zh__weikao__20260106/0k_4k defaultdict(<class 'int'>, {})
/user/zhangyixuan/data/minicpm5/sst_cpm5_0117_merge/poem_new_250511/poem_new_250511__20260110/32k_64k defaultdict(<class 'int'>, {0: 1349})
/user/zhangyixuan/data/minicpm5/sst_cpm5_0117_merge/poem_new_250511/poem_new_250511__20260110/4k_8k defaultdict(<class 'int'>, {0: 30808})
/user/zhangyixuan/data/minicpm5/sst_cpm5_0117_merge/poem_new_250511/poem_new_250511__20260110/64k_128k defaultdict(<class 'int'>, {0: 8})
/user/zhangyixuan/data/minicpm5/sst_cpm5_0117_merge/poem_new_250511/poem_new_250511__20260110/8k_16k defaultdict(<class 'int'>, {0: 21373})
/user/zhangyixuan/data/minicpm5/sst_cpm5_0117_merge/poem_new_250511/poem_new_250511__20260110/0k_4k defaultdict(<class 'int'>, {0: 986300})
/user/zhangyixuan/data/minicpm5/sst_cpm5_0117_merge/poem_new_250511/poem_new_250511__20260110/16k_32k defaultdict(<class 'int'>, {0: 7020})
/user/zhangyixuan/data/minicpm5/sst_cpm5_0117_merge/fandom/en__fandom__2025112200/32k_64k defaultdict(<class 'int'>, {0: 756})
/user/zhangyixuan/data/minicpm5/sst_cpm5_0117_merge/fandom/en__fandom__2025112200/4k_8k defaultdict(<class 'int'>, {0: 57544})
/user/zhangyixuan/data/minicpm5/sst_cpm5_0117_merge/fandom/en__fandom__2025112200/64k_128k defaultdict(<class 'int'>, {})
/user/zhangyixuan/data/minicpm5/sst_cpm5_0117_merge/fandom/en__fandom__2025112200/8k_16k defaultdict(<class 'int'>, {0: 18657})
/user/zhangyixuan/data/minicpm5/sst_cpm5_0117_merge/fandom/en__fandom__2025112200/0k_4k defaultdict(<class 'int'>, {0: 4635344})
/user/zhangyixuan/data/minicpm5/sst_cpm5_0117_merge/fandom/en__fandom__2025112200/16k_32k defaultdict(<class 'int'>, {0: 4733})
/user/zhangyixuan/data/minicpm5/sst_cpm5_0117_merge/fandom_by_purchasing/fandom_by_purchasing__20251220/32k_64k defaultdict(<class 'int'>, {0: 2399})
/user/zhangyixuan/data/minicpm5/sst_cpm5_0117_merge/fandom_by_purchasing/fandom_by_purchasing__20251220/4k_8k defaultdict(<class 'int'>, {0: 107156})
/user/zhangyixuan/data/minicpm5/sst_cpm5_0117_merge/fandom_by_purchasing/fandom_by_purchasing__20251220/64k_128k defaultdict(<class 'int'>, {0: 54})
/user/zhangyixuan/data/minicpm5/sst_cpm5_0117_merge/fandom_by_purchasing/fandom_by_purchasing__20251220/8k_16k defaultdict(<class 'int'>, {0: 38666})
/user/zhangyixuan/data/minicpm5/sst_cpm5_0117_merge/fandom_by_purchasing/fandom_by_purchasing__20251220/0k_4k defaultdict(<class 'int'>, {0: 6833310})
/user/zhangyixuan/data/minicpm5/sst_cpm5_0117_merge/fandom_by_purchasing/fandom_by_purchasing__20251220/16k_32k defaultdict(<class 'int'>, {0: 11165})
/user/zhangyixuan/data/minicpm5/sst_cpm5_0117_merge/finewiki_en/finewiki_en__2025112200/4k_8k defaultdict(<class 'int'>, {0: 77010, 1: 3})
/user/zhangyixuan/data/minicpm5/sst_cpm5_0117_merge/finewiki_en/finewiki_en__2025112200/8k_16k defaultdict(<class 'int'>, {0: 16959, 1: 393})
/user/zhangyixuan/data/minicpm5/sst_cpm5_0117_merge/finewiki_en/finewiki_en__2025112200/0k_4k defaultdict(<class 'int'>, {0: 3347872})
/user/zhangyixuan/data/minicpm5/sst_cpm5_0117_merge/finewiki_en/finewiki_en__2025112200/16k_32k defaultdict(<class 'int'>, {0: 3640, 1: 1})
/user/zhangyixuan/data/minicpm5/sst_cpm5_0117_merge/olympics_wiki_corpus/zh__olympics_wiki_corpus__2025080100/qa defaultdict(<class 'int'>, {9: 52, 6: 388, 7: 221, 5: 466, 8: 121, 4: 524, 13: 10, 0: 512, 1: 512, 2: 512, 3: 512})
/user/zhangyixuan/data/minicpm5/sst_cpm5_0117_merge/wikipedia/en__wikipedia__2025082500/4k_8k defaultdict(<class 'int'>, {})
/user/zhangyixuan/data/minicpm5/sst_cpm5_0117_merge/wikipedia/en__wikipedia__2025082500/8k_16k defaultdict(<class 'int'>, {})
/user/zhangyixuan/data/minicpm5/sst_cpm5_0117_merge/wikipedia/en__wikipedia__2025082500/0k_4k defaultdict(<class 'int'>, {})
/user/zhangyixuan/data/minicpm5/sst_cpm5_0117_merge/wikipedia/en__wikipedia__2025082500/16k_32k defaultdict(<class 'int'>, {})
/user/zhangyixuan/data/minicpm5/sst_cpm5_0117_merge/wikivoyage_english/wikivoyage_english__2025112200/4k_8k defaultdict(<class 'int'>, {0: 380, 1: 3})
/user/zhangyixuan/data/minicpm5/sst_cpm5_0117_merge/wikivoyage_english/wikivoyage_english__2025112200/0k_4k defaultdict(<class 'int'>, {0: 9821, 1: 93, 2: 2})
/user/zhangyixuan/data/minicpm5/sst_cpm5_0117_merge/wikibooks_new_english/wikibooks_new_english__2025123000/4k_8k defaultdict(<class 'int'>, {0: 603, 1: 2})
/user/zhangyixuan/data/minicpm5/sst_cpm5_0117_merge/wikibooks_new_english/wikibooks_new_english__2025123000/8k_16k defaultdict(<class 'int'>, {0: 66, 1: 1})
/user/zhangyixuan/data/minicpm5/sst_cpm5_0117_merge/wikibooks_new_english/wikibooks_new_english__2025123000/0k_4k defaultdict(<class 'int'>, {0: 23982, 1: 138})
/user/zhangyixuan/data/minicpm5/sst_cpm5_0117_merge/Nemotron-Pretraining-Wiki-Rewrite/Nemotron-Pretraining-Wiki-Rewrite__20251219/32k_64k defaultdict(<class 'int'>, {0: 864})
/user/zhangyixuan/data/minicpm5/sst_cpm5_0117_merge/Nemotron-Pretraining-Wiki-Rewrite/Nemotron-Pretraining-Wiki-Rewrite__20251219/4k_8k defaultdict(<class 'int'>, {0: 110736})
/user/zhangyixuan/data/minicpm5/sst_cpm5_0117_merge/Nemotron-Pretraining-Wiki-Rewrite/Nemotron-Pretraining-Wiki-Rewrite__20251219/8k_16k defaultdict(<class 'int'>, {0: 39241, 1: 2})
/user/zhangyixuan/data/minicpm5/sst_cpm5_0117_merge/Nemotron-Pretraining-Wiki-Rewrite/Nemotron-Pretraining-Wiki-Rewrite__20251219/0k_4k defaultdict(<class 'int'>, {0: 5823706})
/user/zhangyixuan/data/minicpm5/sst_cpm5_0117_merge/Nemotron-Pretraining-Wiki-Rewrite/Nemotron-Pretraining-Wiki-Rewrite__20251219/16k_32k defaultdict(<class 'int'>, {0: 8112})
/user/zhangyixuan/data/minicpm5/sst_cpm5_0117_merge/CCI4.0_cot_synthesis_wiki/en__CCI4.0_cot_synthesis_wiki__2025112100/32k_64k defaultdict(<class 'int'>, {0: 36})
/user/zhangyixuan/data/minicpm5/sst_cpm5_0117_merge/CCI4.0_cot_synthesis_wiki/en__CCI4.0_cot_synthesis_wiki__2025112100/4k_8k defaultdict(<class 'int'>, {0: 96073, 1: 573})
/user/zhangyixuan/data/minicpm5/sst_cpm5_0117_merge/CCI4.0_cot_synthesis_wiki/en__CCI4.0_cot_synthesis_wiki__2025112100/8k_16k defaultdict(<class 'int'>, {0: 18015, 1: 1120})
/user/zhangyixuan/data/minicpm5/sst_cpm5_0117_merge/CCI4.0_cot_synthesis_wiki/en__CCI4.0_cot_synthesis_wiki__2025112100/0k_4k defaultdict(<class 'int'>, {0: 5717425})
/user/zhangyixuan/data/minicpm5/sst_cpm5_0117_merge/CCI4.0_cot_synthesis_wiki/en__CCI4.0_cot_synthesis_wiki__2025112100/16k_32k defaultdict(<class 'int'>, {0: 3300})
/user/zhangyixuan/data/minicpm5/sst_cpm5_0117_merge/chegg-text/en__chegg-text__2025112012/4k_8k defaultdict(<class 'int'>, {})
/user/zhangyixuan/data/minicpm5/sst_cpm5_0117_merge/chegg-text/en__chegg-text__2025112012/0k_4k defaultdict(<class 'int'>, {})
/user/zhangyixuan/data/minicpm5/sst_cpm5_0117_merge/finewiki_en_synthetic_conversation/finewiki_en_synthetic_conversation__20260110/4k_8k defaultdict(<class 'int'>, {})
/user/zhangyixuan/data/minicpm5/sst_cpm5_0117_merge/finewiki_en_synthetic_conversation/finewiki_en_synthetic_conversation__20260110/0k_4k defaultdict(<class 'int'>, {})
/user/zhangyixuan/data/minicpm5/sst_cpm5_0117_merge/finewiki_en_synthetic_fact_qa/finewiki_en_synthetic_fact_qa__20260110/32k_64k defaultdict(<class 'int'>, {})
/user/zhangyixuan/data/minicpm5/sst_cpm5_0117_merge/finewiki_en_synthetic_fact_qa/finewiki_en_synthetic_fact_qa__20260110/4k_8k defaultdict(<class 'int'>, {})
/user/zhangyixuan/data/minicpm5/sst_cpm5_0117_merge/finewiki_en_synthetic_fact_qa/finewiki_en_synthetic_fact_qa__20260110/8k_16k defaultdict(<class 'int'>, {})
/user/zhangyixuan/data/minicpm5/sst_cpm5_0117_merge/finewiki_en_synthetic_fact_qa/finewiki_en_synthetic_fact_qa__20260110/0k_4k defaultdict(<class 'int'>, {})
/user/zhangyixuan/data/minicpm5/sst_cpm5_0117_merge/finewiki_en_synthetic_fact_qa/finewiki_en_synthetic_fact_qa__20260110/16k_32k defaultdict(<class 'int'>, {})
/user/zhangyixuan/data/minicpm5/sst_cpm5_0117_merge/finewiki_en_synthetic_textbook/finewiki_en_synthetic_textbook__20260110/4k_8k defaultdict(<class 'int'>, {})
/user/zhangyixuan/data/minicpm5/sst_cpm5_0117_merge/finewiki_en_synthetic_textbook/finewiki_en_synthetic_textbook__20260110/0k_4k defaultdict(<class 'int'>, {})
/user/zhangyixuan/data/minicpm5/sst_cpm5_0117_merge/eq_1103/zh__eq_1103__2025082500/qa defaultdict(<class 'int'>, {})
/user/zhangyixuan/data/minicpm5/sst_cpm5_0117_merge/math_college_cnq_trans-from-enq/zh__math_college_cnq_trans-from-enq__2025082500/qa defaultdict(<class 'int'>, {})
/user/zhangyixuan/data/minicpm5/sst_cpm5_0117_merge/math_college_en/en__math_college_en__2025082500/qa defaultdict(<class 'int'>, {})
/user/zhangyixuan/data/minicpm5/sst_cpm5_0117_merge/math_k12_1103/zh__math_k12_1103__2025082000/0k_4k defaultdict(<class 'int'>, {})
/user/zhangyixuan/data/minicpm5/sst_cpm5_0117_merge/math_k12_cn/zh__math_k12_cn__2025082500/qa defaultdict(<class 'int'>, {})
/user/zhangyixuan/data/minicpm5/sst_cpm5_0117_merge/math_k12_knowledge_wenku/zh__math_k12_knowledge_wenku__2025082500/qa defaultdict(<class 'int'>, {})
/user/zhangyixuan/data/minicpm5/sst_cpm5_0117_merge/math_k12_trans-to-en/en__math_k12_trans-to-en__2025082500/qa defaultdict(<class 'int'>, {})
/user/zhangyixuan/data/minicpm5/sst_cpm5_0117_merge/math_k12en_numina_stepwise/en__math_k12en_numina_stepwise__2025082500/qa defaultdict(<class 'int'>, {})
/user/zhangyixuan/data/minicpm5/sst_cpm5_0117_merge/math_k12en_numina_stepwise_error_recovery/en__math_k12en_numina_stepwise_error_recovery__2025082500/qa defaultdict(<class 'int'>, {})
/user/zhangyixuan/data/minicpm5/sst_cpm5_0117_merge/math_merge_meta_instruct_plus/en__math_merge_meta_instruct_plus__2025082500/qa defaultdict(<class 'int'>, {})
/user/zhangyixuan/data/minicpm5/sst_cpm5_0117_merge/math_numina/en__math_numina__2025082500/qa defaultdict(<class 'int'>, {})
/user/zhangyixuan/data/minicpm5/sst_cpm5_0117_merge/math_primary_mwp/zh__math_primary_mwp__2025082500/qa defaultdict(<class 'int'>, {})
/user/zhangyixuan/data/minicpm5/sst_cpm5_0117_merge/math_trans-from-en/zh__math_trans-from-en__2025082500/qa defaultdict(<class 'int'>, {})
/user/zhangyixuan/data/minicpm5/sst_cpm5_0117_merge/math_webinstructsub/en__math_webinstructsub__2025082500/qa defaultdict(<class 'int'>, {})
/user/zhangyixuan/data/minicpm5/sst_cpm5_0117_merge/size_math/none__size_math__2025082500/qa defaultdict(<class 'int'>, {})
/user/zhangyixuan/data/minicpm5/sst_cpm5_0117_merge/wordproblem_1013/zh__wordproblem_1013__2025082500/qa defaultdict(<class 'int'>, {})
/user/zhangyixuan/data/minicpm5/sst_cpm5_0117_merge/bbh_improve_0829_v9/en__bbh_improve_0829_v9__2025082500/qa defaultdict(<class 'int'>, {})
/user/zhangyixuan/data/minicpm5/sst_cpm5_0117_merge/close_llm_instruct/en__close_llm_instruct__2025082000/0k_4k defaultdict(<class 'int'>, {})
/user/zhangyixuan/data/minicpm5/sst_cpm5_0117_merge/CoT_collection_en/en__CoT_collection_en__2025082000/0k_4k defaultdict(<class 'int'>, {})
/user/zhangyixuan/data/minicpm5/sst_cpm5_0117_merge/decay_en_if_081602_chatml/en__decay_en_if_081602_chatml__2025082500/qa defaultdict(<class 'int'>, {})
/user/zhangyixuan/data/minicpm5/sst_cpm5_0117_merge/fbdata_v40/en__fbdata_v40__2025082500/qa defaultdict(<class 'int'>, {})
/user/zhangyixuan/data/minicpm5/sst_cpm5_0117_merge/gaokao_essay/zh__gaokao_essay__2025082500/qa defaultdict(<class 'int'>, {})
/user/zhangyixuan/data/minicpm5/sst_cpm5_0117_merge/guowuyuan_qa/zh__guowuyuan_qa__2025082500/qa defaultdict(<class 'int'>, {})
/user/zhangyixuan/data/minicpm5/sst_cpm5_0117_merge/k12_icl_no_sys/zh__k12_icl_no_sys__2025082500/qa defaultdict(<class 'int'>, {})
/user/zhangyixuan/data/minicpm5/sst_cpm5_0117_merge/knowledge_rewrite_no_sys/zh__knowledge_rewrite_no_sys__2025082500/qa defaultdict(<class 'int'>, {})
/user/zhangyixuan/data/minicpm5/sst_cpm5_0117_merge/logi_merge_no_sys/en__logi_merge_no_sys__2025082500/qa defaultdict(<class 'int'>, {})
/user/zhangyixuan/data/minicpm5/sst_cpm5_0117_merge/magpie/en__magpie__2025082500/0k_4k defaultdict(<class 'int'>, {})
/user/zhangyixuan/data/minicpm5/sst_cpm5_0117_merge/magpie_gp/en__magpie_gp__2025082500/0k_4k defaultdict(<class 'int'>, {})
/user/zhangyixuan/data/minicpm5/sst_cpm5_0117_merge/mtbench_like_no_sys/en__mtbench_like_no_sys__2025082500/qa defaultdict(<class 'int'>, {})
/user/zhangyixuan/data/minicpm5/sst_cpm5_0117_merge/multifaceted_collection_sft/en__multifaceted_collection_sft__2025082500/0k_4k defaultdict(<class 'int'>, {})
/user/zhangyixuan/data/minicpm5/sst_cpm5_0117_merge/Nemotron-Instruction-Following-Chat-v1/Nemotron-Instruction-Following-Chat-v1__20251220/qa defaultdict(<class 'int'>, {})
/user/zhangyixuan/data/minicpm5/sst_cpm5_0117_merge/num_format_task_0715_280k_wo_sys/zh__num_format_task_0715_280k_wo_sys__2025082000/0k_4k defaultdict(<class 'int'>, {})
/user/zhangyixuan/data/minicpm5/sst_cpm5_0117_merge/nvidia_Nemotron-Pretraining-SFT_v1_Nemotron-SFT-General/4k_8k defaultdict(<class 'int'>, {0: 346572})
/user/zhangyixuan/data/minicpm5/sst_cpm5_0117_merge/nvidia_Nemotron-Pretraining-SFT_v1_Nemotron-SFT-General/8k_16k defaultdict(<class 'int'>, {0: 80620})
/user/zhangyixuan/data/minicpm5/sst_cpm5_0117_merge/nvidia_Nemotron-Pretraining-SFT_v1_Nemotron-SFT-General/0k_4k defaultdict(<class 'int'>, {0: 6507263})
/user/zhangyixuan/data/minicpm5/sst_cpm5_0117_merge/nvidia_Nemotron-Pretraining-SFT_v1_Nemotron-SFT-General/16k_32k defaultdict(<class 'int'>, {0: 15401})
/user/zhangyixuan/data/minicpm5/sst_cpm5_0117_merge/openassistant_best_replies_train/en__openassistant_best_replies_train__2025082000/0k_4k defaultdict(<class 'int'>, {})
/user/zhangyixuan/data/minicpm5/sst_cpm5_0117_merge/openhermes2_5/en__openhermes2_5__2025082000/0k_4k defaultdict(<class 'int'>, {})
/user/zhangyixuan/data/minicpm5/sst_cpm5_0117_merge/reasoning_0730/en__reasoning_0730__2025082000/0k_4k defaultdict(<class 'int'>, {})
/user/zhangyixuan/data/minicpm5/sst_cpm5_0117_merge/sft_old_rewrite_no_sys/zh__sft_old_rewrite_no_sys__2025082500/qa defaultdict(<class 'int'>, {})
/user/zhangyixuan/data/minicpm5/sst_cpm5_0117_merge/ultrainteract_0813/en__ultrainteract_0813__2025082500/qa defaultdict(<class 'int'>, {})
/user/zhangyixuan/data/minicpm5/sst_cpm5_0117_merge/waijiaobu_qa/zh__waijiaobu_qa__2025082500/qa defaultdict(<class 'int'>, {})
/user/zhangyixuan/data/minicpm5/sst_cpm5_0117_merge/zhengfu_qa/zh__zhengfu_qa__2025082500/qa defaultdict(<class 'int'>, {})
/user/zhangyixuan/data/minicpm5/sst_cpm5_0117_merge/Nemotron-Pretraining-STEM-SFT/Nemotron-Pretraining-STEM-SFT__20251219/32k_64k defaultdict(<class 'int'>, {0: 1})
/user/zhangyixuan/data/minicpm5/sst_cpm5_0117_merge/Nemotron-Pretraining-STEM-SFT/Nemotron-Pretraining-STEM-SFT__20251219/4k_8k defaultdict(<class 'int'>, {0: 548756})
/user/zhangyixuan/data/minicpm5/sst_cpm5_0117_merge/Nemotron-Pretraining-STEM-SFT/Nemotron-Pretraining-STEM-SFT__20251219/8k_16k defaultdict(<class 'int'>, {0: 191736})
/user/zhangyixuan/data/minicpm5/sst_cpm5_0117_merge/Nemotron-Pretraining-STEM-SFT/Nemotron-Pretraining-STEM-SFT__20251219/0k_4k defaultdict(<class 'int'>, {0: 2244607})
/user/zhangyixuan/data/minicpm5/sst_cpm5_0117_merge/Nemotron-Pretraining-STEM-SFT/Nemotron-Pretraining-STEM-SFT__20251219/16k_32k defaultdict(<class 'int'>, {0: 54333})
/user/zhangyixuan/data/minicpm5/sst_cpm5_0117_merge/CCI4.0_cot_synthesis_CC/en__CCI4.0_cot_synthesis_CC__2025103000/4k_8k defaultdict(<class 'int'>, {0: 3453})
/user/zhangyixuan/data/minicpm5/sst_cpm5_0117_merge/CCI4.0_cot_synthesis_CC/en__CCI4.0_cot_synthesis_CC__2025103000/8k_16k defaultdict(<class 'int'>, {0: 1638})
/user/zhangyixuan/data/minicpm5/sst_cpm5_0117_merge/CCI4.0_cot_synthesis_CC/en__CCI4.0_cot_synthesis_CC__2025103000/0k_4k defaultdict(<class 'int'>, {0: 22158028})
/user/zhangyixuan/data/minicpm5/sst_cpm5_0117_merge/CCI4.0_cot_synthesis_CC/en__CCI4.0_cot_synthesis_CC__2025103000/16k_32k defaultdict(<class 'int'>, {0: 20})
/user/zhangyixuan/data/minicpm5/sst_cpm5_0117_merge/fineweb2_hq_top9/32k_64k defaultdict(<class 'int'>, {0: 16382})
/user/zhangyixuan/data/minicpm5/sst_cpm5_0117_merge/fineweb2_hq_top9/4k_8k defaultdict(<class 'int'>, {0: 544503})
/user/zhangyixuan/data/minicpm5/sst_cpm5_0117_merge/fineweb2_hq_top9/64k_128k defaultdict(<class 'int'>, {0: 3392})
/user/zhangyixuan/data/minicpm5/sst_cpm5_0117_merge/fineweb2_hq_top9/8k_16k defaultdict(<class 'int'>, {0: 225969})
/user/zhangyixuan/data/minicpm5/sst_cpm5_0117_merge/fineweb2_hq_top9/0k_4k defaultdict(<class 'int'>, {0: 24412320})
/user/zhangyixuan/data/minicpm5/sst_cpm5_0117_merge/fineweb2_hq_top9/16k_32k defaultdict(<class 'int'>, {0: 69458})
/user/zhangyixuan/data/minicpm5/sst_cpm5_0117_merge/fineweb2_hq_top9/128k_256k defaultdict(<class 'int'>, {0: 739})
/user/zhangyixuan/data/minicpm5/sst_cpm5_0117_merge/fineweb2_top9/32k_64k defaultdict(<class 'int'>, {0: 14526})
/user/zhangyixuan/data/minicpm5/sst_cpm5_0117_merge/fineweb2_top9/4k_8k defaultdict(<class 'int'>, {0: 550862})
/user/zhangyixuan/data/minicpm5/sst_cpm5_0117_merge/fineweb2_top9/64k_128k defaultdict(<class 'int'>, {0: 2054})
/user/zhangyixuan/data/minicpm5/sst_cpm5_0117_merge/fineweb2_top9/8k_16k defaultdict(<class 'int'>, {0: 236752})
/user/zhangyixuan/data/minicpm5/sst_cpm5_0117_merge/fineweb2_top9/0k_4k defaultdict(<class 'int'>, {0: 26450982})
/user/zhangyixuan/data/minicpm5/sst_cpm5_0117_merge/fineweb2_top9/16k_32k defaultdict(<class 'int'>, {0: 61673})
/user/zhangyixuan/data/minicpm5/sst_cpm5_0117_merge/fineweb2_top9/128k_256k defaultdict(<class 'int'>, {0: 53})
/user/zhangyixuan/data/minicpm5/sst_cpm5_0117_merge/finewiki_top9/32k_64k defaultdict(<class 'int'>, {0: 913})
/user/zhangyixuan/data/minicpm5/sst_cpm5_0117_merge/finewiki_top9/4k_8k defaultdict(<class 'int'>, {0: 94357})
/user/zhangyixuan/data/minicpm5/sst_cpm5_0117_merge/finewiki_top9/64k_128k defaultdict(<class 'int'>, {})
/user/zhangyixuan/data/minicpm5/sst_cpm5_0117_merge/finewiki_top9/8k_16k defaultdict(<class 'int'>, {0: 31583})
/user/zhangyixuan/data/minicpm5/sst_cpm5_0117_merge/finewiki_top9/0k_4k defaultdict(<class 'int'>, {0: 2749020})
/user/zhangyixuan/data/minicpm5/sst_cpm5_0117_merge/finewiki_top9/16k_32k defaultdict(<class 'int'>, {0: 8506})
/user/zhangyixuan/data/minicpm5/sst_cpm5_0117_merge/opendatalab_aicc_top9/32k_64k defaultdict(<class 'int'>, {0: 7383})
/user/zhangyixuan/data/minicpm5/sst_cpm5_0117_merge/opendatalab_aicc_top9/4k_8k defaultdict(<class 'int'>, {0: 467003})
/user/zhangyixuan/data/minicpm5/sst_cpm5_0117_merge/opendatalab_aicc_top9/64k_128k defaultdict(<class 'int'>, {0: 1057})
/user/zhangyixuan/data/minicpm5/sst_cpm5_0117_merge/opendatalab_aicc_top9/8k_16k defaultdict(<class 'int'>, {0: 114309})
/user/zhangyixuan/data/minicpm5/sst_cpm5_0117_merge/opendatalab_aicc_top9/256k_512k defaultdict(<class 'int'>, {})
/user/zhangyixuan/data/minicpm5/sst_cpm5_0117_merge/opendatalab_aicc_top9/0k_4k defaultdict(<class 'int'>, {0: 19695235})
/user/zhangyixuan/data/minicpm5/sst_cpm5_0117_merge/opendatalab_aicc_top9/16k_32k defaultdict(<class 'int'>, {0: 25293})
/user/zhangyixuan/data/minicpm5/sst_cpm5_0117_merge/opendatalab_aicc_top9/128k_256k defaultdict(<class 'int'>, {})
/user/zhangyixuan/data/minicpm5/sst_cpm5_0117_merge/wikibooks_new_top9/4k_8k defaultdict(<class 'int'>, {0: 33})
/user/zhangyixuan/data/minicpm5/sst_cpm5_0117_merge/wikibooks_new_top9/8k_16k defaultdict(<class 'int'>, {0: 1})
/user/zhangyixuan/data/minicpm5/sst_cpm5_0117_merge/wikibooks_new_top9/0k_4k defaultdict(<class 'int'>, {0: 3058})
/user/zhangyixuan/data/minicpm5/sst_cpm5_0117_merge/wikivoyage_top9/4k_8k defaultdict(<class 'int'>, {0: 39})
/user/zhangyixuan/data/minicpm5/sst_cpm5_0117_merge/wikivoyage_top9/8k_16k defaultdict(<class 'int'>, {0: 2})
/user/zhangyixuan/data/minicpm5/sst_cpm5_0117_merge/wikivoyage_top9/0k_4k defaultdict(<class 'int'>, {0: 1543})
/user/zhangyixuan/data/minicpm5/sst_cpm5_0117_merge/wikivoyage_other/wikivoyage_other__2025121600/0k_4k defaultdict(<class 'int'>, {1: 6, 0: 46, 5: 1, 2: 2, 3: 2, 4: 2})
/user/zhangyixuan/data/minicpm5/sst_cpm5_0117_merge/wikibooks_new_other/wikibooks_new_other__2025121600/4k_8k defaultdict(<class 'int'>, {0: 2})
/user/zhangyixuan/data/minicpm5/sst_cpm5_0117_merge/wikibooks_new_other/wikibooks_new_other__2025121600/0k_4k defaultdict(<class 'int'>, {0: 327})
/user/zhangyixuan/data/minicpm5/sst_cpm5_0117_merge/wikinews_other/wikinews_other__2025112200/0k_4k defaultdict(<class 'int'>, {0: 7753})
/user/zhangyixuan/data/minicpm5/sst_cpm5_0117_merge/wikinews_russian/wikinews_russian__2025112200/4k_8k defaultdict(<class 'int'>, {0: 149})
/user/zhangyixuan/data/minicpm5/sst_cpm5_0117_merge/wikinews_russian/wikinews_russian__2025112200/0k_4k defaultdict(<class 'int'>, {0: 47227})
/user/zhangyixuan/data/minicpm5/sst_cpm5_0117_merge/finepdfs_edu_other/finepdfs_edu_other__20251113/512k_gt defaultdict(<class 'int'>, {})
/user/zhangyixuan/data/minicpm5/sst_cpm5_0117_merge/finepdfs_edu_other/finepdfs_edu_other__20251113/32k_64k defaultdict(<class 'int'>, {0: 11452})
/user/zhangyixuan/data/minicpm5/sst_cpm5_0117_merge/finepdfs_edu_other/finepdfs_edu_other__20251113/4k_8k defaultdict(<class 'int'>, {0: 36803})
/user/zhangyixuan/data/minicpm5/sst_cpm5_0117_merge/finepdfs_edu_other/finepdfs_edu_other__20251113/64k_128k defaultdict(<class 'int'>, {0: 5175})
/user/zhangyixuan/data/minicpm5/sst_cpm5_0117_merge/finepdfs_edu_other/finepdfs_edu_other__20251113/8k_16k defaultdict(<class 'int'>, {0: 32890})
/user/zhangyixuan/data/minicpm5/sst_cpm5_0117_merge/finepdfs_edu_other/finepdfs_edu_other__20251113/256k_512k defaultdict(<class 'int'>, {0: 447})
/user/zhangyixuan/data/minicpm5/sst_cpm5_0117_merge/finepdfs_edu_other/finepdfs_edu_other__20251113/0k_4k defaultdict(<class 'int'>, {0: 177448})
/user/zhangyixuan/data/minicpm5/sst_cpm5_0117_merge/finepdfs_edu_other/finepdfs_edu_other__20251113/16k_32k defaultdict(<class 'int'>, {0: 21784})
/user/zhangyixuan/data/minicpm5/sst_cpm5_0117_merge/finepdfs_edu_other/finepdfs_edu_other__20251113/128k_256k defaultdict(<class 'int'>, {0: 2254})
/user/zhangyixuan/data/minicpm5/sst_cpm5_0117_merge/fineweb2_hq_other/fineweb2_hq_other__20251122/32k_64k defaultdict(<class 'int'>, {0: 3776})
/user/zhangyixuan/data/minicpm5/sst_cpm5_0117_merge/fineweb2_hq_other/fineweb2_hq_other__20251122/4k_8k defaultdict(<class 'int'>, {0: 119970})
/user/zhangyixuan/data/minicpm5/sst_cpm5_0117_merge/fineweb2_hq_other/fineweb2_hq_other__20251122/64k_128k defaultdict(<class 'int'>, {0: 65})
/user/zhangyixuan/data/minicpm5/sst_cpm5_0117_merge/fineweb2_hq_other/fineweb2_hq_other__20251122/8k_16k defaultdict(<class 'int'>, {0: 33640})
/user/zhangyixuan/data/minicpm5/sst_cpm5_0117_merge/fineweb2_hq_other/fineweb2_hq_other__20251122/256k_512k defaultdict(<class 'int'>, {})
/user/zhangyixuan/data/minicpm5/sst_cpm5_0117_merge/fineweb2_hq_other/fineweb2_hq_other__20251122/0k_4k defaultdict(<class 'int'>, {0: 2711478})
/user/zhangyixuan/data/minicpm5/sst_cpm5_0117_merge/fineweb2_hq_other/fineweb2_hq_other__20251122/16k_32k defaultdict(<class 'int'>, {0: 20932})
/user/zhangyixuan/data/minicpm5/sst_cpm5_0117_merge/fineweb2_hq_other/fineweb2_hq_other__20251122/128k_256k defaultdict(<class 'int'>, {})
/user/zhangyixuan/data/minicpm5/sst_cpm5_0117_merge/finewiki_other/finewiki_other__20251028/32k_64k defaultdict(<class 'int'>, {0: 1446})
/user/zhangyixuan/data/minicpm5/sst_cpm5_0117_merge/finewiki_other/finewiki_other__20251028/4k_8k defaultdict(<class 'int'>, {0: 100707})
/user/zhangyixuan/data/minicpm5/sst_cpm5_0117_merge/finewiki_other/finewiki_other__20251028/64k_128k defaultdict(<class 'int'>, {})
/user/zhangyixuan/data/minicpm5/sst_cpm5_0117_merge/finewiki_other/finewiki_other__20251028/8k_16k defaultdict(<class 'int'>, {0: 35262})
/user/zhangyixuan/data/minicpm5/sst_cpm5_0117_merge/finewiki_other/finewiki_other__20251028/0k_4k defaultdict(<class 'int'>, {0: 3922721})
/user/zhangyixuan/data/minicpm5/sst_cpm5_0117_merge/finewiki_other/finewiki_other__20251028/16k_32k defaultdict(<class 'int'>, {0: 9541})
/user/zhangyixuan/data/minicpm5/sst_cpm5_0117_merge/finewiki_other/finewiki_other__20251028/128k_256k defaultdict(<class 'int'>, {})
/user/zhangyixuan/data/minicpm5/sst_cpm5_0117_merge/opendatalab_aicc_other/opendatalab_aicc_other__20251203/512k_gt defaultdict(<class 'int'>, {})
/user/zhangyixuan/data/minicpm5/sst_cpm5_0117_merge/opendatalab_aicc_other/opendatalab_aicc_other__20251203/32k_64k defaultdict(<class 'int'>, {0: 21534})
/user/zhangyixuan/data/minicpm5/sst_cpm5_0117_merge/opendatalab_aicc_other/opendatalab_aicc_other__20251203/4k_8k defaultdict(<class 'int'>, {0: 252624})
/user/zhangyixuan/data/minicpm5/sst_cpm5_0117_merge/opendatalab_aicc_other/opendatalab_aicc_other__20251203/64k_128k defaultdict(<class 'int'>, {0: 7593})
/user/zhangyixuan/data/minicpm5/sst_cpm5_0117_merge/opendatalab_aicc_other/opendatalab_aicc_other__20251203/8k_16k defaultdict(<class 'int'>, {0: 88790})
/user/zhangyixuan/data/minicpm5/sst_cpm5_0117_merge/opendatalab_aicc_other/opendatalab_aicc_other__20251203/256k_512k defaultdict(<class 'int'>, {0: 2152})
/user/zhangyixuan/data/minicpm5/sst_cpm5_0117_merge/opendatalab_aicc_other/opendatalab_aicc_other__20251203/0k_4k defaultdict(<class 'int'>, {0: 5242237})
/user/zhangyixuan/data/minicpm5/sst_cpm5_0117_merge/opendatalab_aicc_other/opendatalab_aicc_other__20251203/16k_32k defaultdict(<class 'int'>, {0: 30458})
/user/zhangyixuan/data/minicpm5/sst_cpm5_0117_merge/opendatalab_aicc_other/opendatalab_aicc_other__20251203/128k_256k defaultdict(<class 'int'>, {0: 4543})
/user/zhangyixuan/data/minicpm5/sst_cpm5_0117_merge/fineweb2_other/fineweb2_other__20251117/512k_gt defaultdict(<class 'int'>, {})
/user/zhangyixuan/data/minicpm5/sst_cpm5_0117_merge/fineweb2_other/fineweb2_other__20251117/32k_64k defaultdict(<class 'int'>, {0: 3251})
/user/zhangyixuan/data/minicpm5/sst_cpm5_0117_merge/fineweb2_other/fineweb2_other__20251117/4k_8k defaultdict(<class 'int'>, {0: 220183})
/user/zhangyixuan/data/minicpm5/sst_cpm5_0117_merge/fineweb2_other/fineweb2_other__20251117/64k_128k defaultdict(<class 'int'>, {0: 173})
/user/zhangyixuan/data/minicpm5/sst_cpm5_0117_merge/fineweb2_other/fineweb2_other__20251117/8k_16k defaultdict(<class 'int'>, {0: 61741})
/user/zhangyixuan/data/minicpm5/sst_cpm5_0117_merge/fineweb2_other/fineweb2_other__20251117/256k_512k defaultdict(<class 'int'>, {})
/user/zhangyixuan/data/minicpm5/sst_cpm5_0117_merge/fineweb2_other/fineweb2_other__20251117/0k_4k defaultdict(<class 'int'>, {0: 4503368})
/user/zhangyixuan/data/minicpm5/sst_cpm5_0117_merge/fineweb2_other/fineweb2_other__20251117/16k_32k defaultdict(<class 'int'>, {0: 22552})
/user/zhangyixuan/data/minicpm5/sst_cpm5_0117_merge/fineweb2_other/fineweb2_other__20251117/128k_256k defaultdict(<class 'int'>, {})
/user/zhangyixuan/data/minicpm5/sst_cpm5_0117_merge/finepdfs_other/finepdfs_other__20260106/512k_gt defaultdict(<class 'int'>, {})
/user/zhangyixuan/data/minicpm5/sst_cpm5_0117_merge/finepdfs_other/finepdfs_other__20260106/32k_64k defaultdict(<class 'int'>, {0: 6262})
/user/zhangyixuan/data/minicpm5/sst_cpm5_0117_merge/finepdfs_other/finepdfs_other__20260106/4k_8k defaultdict(<class 'int'>, {0: 26671})
/user/zhangyixuan/data/minicpm5/sst_cpm5_0117_merge/finepdfs_other/finepdfs_other__20260106/64k_128k defaultdict(<class 'int'>, {0: 2562})
/user/zhangyixuan/data/minicpm5/sst_cpm5_0117_merge/finepdfs_other/finepdfs_other__20260106/8k_16k defaultdict(<class 'int'>, {0: 19202})
/user/zhangyixuan/data/minicpm5/sst_cpm5_0117_merge/finepdfs_other/finepdfs_other__20260106/256k_512k defaultdict(<class 'int'>, {0: 3})
/user/zhangyixuan/data/minicpm5/sst_cpm5_0117_merge/finepdfs_other/finepdfs_other__20260106/0k_4k defaultdict(<class 'int'>, {0: 239081})
/user/zhangyixuan/data/minicpm5/sst_cpm5_0117_merge/finepdfs_other/finepdfs_other__20260106/16k_32k defaultdict(<class 'int'>, {0: 11851})
/user/zhangyixuan/data/minicpm5/sst_cpm5_0117_merge/finepdfs_other/finepdfs_other__20260106/128k_256k defaultdict(<class 'int'>, {0: 686})
/user/zhangyixuan/data/minicpm5/sst_cpm5_0117_merge/finepdfs_top9/finepdfs_top9__20260106/512k_gt defaultdict(<class 'int'>, {0: 3})
/user/zhangyixuan/data/minicpm5/sst_cpm5_0117_merge/finepdfs_top9/finepdfs_top9__20260106/32k_64k defaultdict(<class 'int'>, {0: 23151})
/user/zhangyixuan/data/minicpm5/sst_cpm5_0117_merge/finepdfs_top9/finepdfs_top9__20260106/4k_8k defaultdict(<class 'int'>, {0: 152138})
/user/zhangyixuan/data/minicpm5/sst_cpm5_0117_merge/finepdfs_top9/finepdfs_top9__20260106/64k_128k defaultdict(<class 'int'>, {0: 10766})
/user/zhangyixuan/data/minicpm5/sst_cpm5_0117_merge/finepdfs_top9/finepdfs_top9__20260106/8k_16k defaultdict(<class 'int'>, {0: 95639})
/user/zhangyixuan/data/minicpm5/sst_cpm5_0117_merge/finepdfs_top9/finepdfs_top9__20260106/256k_512k defaultdict(<class 'int'>, {0: 882})
/user/zhangyixuan/data/minicpm5/sst_cpm5_0117_merge/finepdfs_top9/finepdfs_top9__20260106/0k_4k defaultdict(<class 'int'>, {0: 1363709})
/user/zhangyixuan/data/minicpm5/sst_cpm5_0117_merge/finepdfs_top9/finepdfs_top9__20260106/16k_32k defaultdict(<class 'int'>, {0: 49087})
/user/zhangyixuan/data/minicpm5/sst_cpm5_0117_merge/finepdfs_top9/finepdfs_top9__20260106/128k_256k defaultdict(<class 'int'>, {0: 4235})
/user/zhangyixuan/data/minicpm5/sst_cpm5_0117_merge/nllb/multi__nllb__2025080100/qa defaultdict(<class 'int'>, {0: 198803449})
/user/zhangyixuan/data/minicpm5/sst_cpm5_0117_merge/merge_small/260113.stable1/0k_4k defaultdict(<class 'int'>, {0: 264, 1: 51, 2: 16, 4: 6, 6: 2, 3: 9, 5: 4})
/user/zhangyixuan/data/minicpm5/sst_cpm5_0117_merge/merge_small/260113.stable1/4k_8k defaultdict(<class 'int'>, {0: 190, 1: 1})
/user/zhangyixuan/data/minicpm5/sst_cpm5_0117_merge/merge_small/260113.stable1/8k_16k defaultdict(<class 'int'>, {0: 345})
/user/zhangyixuan/data/minicpm5/sst_cpm5_0117_merge/merge_small/260113.stable1/16k_32k defaultdict(<class 'int'>, {0: 874})
/user/zhangyixuan/data/minicpm5/sst_cpm5_0117_merge/merge_small/260113.stable1/32k_64k defaultdict(<class 'int'>, {0: 618})
/user/zhangyixuan/data/minicpm5/sst_cpm5_0117_merge/merge_small/260113.stable1/64k_128k defaultdict(<class 'int'>, {0: 1180})
/user/zhangyixuan/data/minicpm5/sst_cpm5_0117_merge/merge_small/260113.stable1/128k_256k defaultdict(<class 'int'>, {0: 1152})
/user/zhangyixuan/data/minicpm5/sst_cpm5_0117_merge/merge_small/260113.stable1/256k_512k defaultdict(<class 'int'>, {0: 1139})
/user/zhangyixuan/data/minicpm5/sst_cpm5_0117_merge/merge_small/260113.stable1/512k_gt defaultdict(<class 'int'>, {0: 357})
