文本,语言,类别,类型,MiniCPM5 token 量,MiniCPM5 token 量（B）,MiniCPM5-128k obs 路径（merge）,MiniCPM3-74k obs 路径（merge）,MiniCPM5-128k cybertron 路径（merge-link）,MiniCPM3-74k cybertron 路径（merge）,宏观 stable 配比,stable 内部比例,stable 加权,stable 加权配比,宏观二阶段 stable 配比,二阶段 stable 内部比例,二阶段 stable 加权,二阶段 stable 加权配比,宏观三阶段 stable 配比,三阶段 stable 内部比例,三阶段 stable 加权,三阶段 stable 加权配比,宏观 decay 配比,decay 内部比例,decay 加权,decay 加权配比,宏观longdecay 配比,longdecay 内部比例,longdecay 加权,longdecay 加权配比,宏观 midtrain-1 配比,midtrain-1 内部比例,midtrain-1 加权,midtrain-1 加权配比,merge info,需要上采样,分割线,stable 12T 过的 epoch 数量,stable 12T + 二阶段 stable 6T 过的 epoch 数量,stable 12T + 二阶段 stable 6T + decay 2T 过的 epoch 数量,MiniCPM5-128k cybertron 路径（merge-raw）,2+2+1 过的 epoch,上取整
Config_DSL_DevOps,代码,代码,pretrain,4.89943647193e+11,489.943647,obs://mb-datasets/sst_dedup_0105_merge/Config_DSL_DevOps/,obs://mb-datasets/sst_dedup_old_token_0108_merge/Config_DSL_DevOps/,/user/zhangyixuan/data/minicpm5/minicpm5_tokenizer.128k.dedup_link_all/Config_DSL_DevOps,,0.285000000,0.2,97.99,0.003410809,0.295000000,0.2,97.99,0.002068108,0.300000000,0.2,97.99,0.002103161,0.350000000,0.2,97.989,0.002946770,0.3,0.2,97.989,0.002525803,0.250000000,0.2,97.989,0.002104836,ultradata_code_Batchfile_bat ｜ ultradata_code_Batchfile_cmd ｜ ultradata_code_CMake_CMakeLists.txt ｜ ultradata_code_CMake_cmake ｜ ultradata_code_Dockerfile_Dockerfile ｜ ultradata_code_Dockerfile_dockerfile ｜ ultradata_code_Makefile_Makefile ｜ ultradata_code_Makefile_mak ｜ ultradata_code_Makefile_mk ｜ ultradata_code_PowerShell_ps1 ｜ ultradata_code_PowerShell_psd1 ｜ ultradata_code_PowerShell_psm1 ｜ ultradata_code_SQL_sql ｜ ultradata_code_Shell_bash ｜ ultradata_code_Shell_sh ｜ ultradata_code_Shell_zsh ｜ ultradata_code_Dhall_dhall ｜ ultradata_code_GraphQL_gql ｜ ultradata_code_GraphQL_graphql ｜ ultradata_code_Groovy_gradle ｜ ultradata_code_Groovy_groovy ｜ ultradata_code_HCL_hcl ｜ ultradata_code_JSON_geojson ｜ ultradata_code_JSON_json ｜ ultradata_code_JSON_jsonl ｜ ultradata_code_Nix_nix ｜ ultradata_code_Prolog_pro ｜ ultradata_code_Protobuf_proto ｜ ultradata_code_Puppet_pp ｜ ultradata_code_TOML_toml ｜ ultradata_code_Terraform_tf ｜ ultradata_code_Terraform_tfvars ｜ ultradata_code_VimScript_vim ｜ ultradata_code_XML_dtd ｜ ultradata_code_XML_xml ｜ ultradata_code_XML_xsd ｜ ultradata_code_XML_xsl ｜ ultradata_code_XML_xslt ｜ ultradata_code_YAML_yaml ｜ ultradata_code_YAML_yml,否,,0.08554457982400446,0.11147910577362814,0.12379682013459509,,0.02906112913435878,0.02906112913435878
Chinese_CC_merge,中文,中文 CC,pretrain,6.77753616455e+11,677.753616,obs://mb-datasets/sst_dedup_0104_merge/Chinese_CC_merge/,obs://mb-datasets/sst_dedup_old_token_0108_merge/Chinese_CC_merge/,/user/zhangyixuan/data/minicpm5/minicpm5_tokenizer.128k.dedup_link_all/Chinese_CC_merge,,0.006000000,1,677.75,0.003039580,0.000000000,1e-05,0.01,0.000000000,0.000000000,1e-05,0.01,0.000000000,0.000000000,1,677.754,0.000000000,0,1,677.754,0.000000000,0.000000000,1,677.754,0.000000000,cci3_all ｜ mb_zh_250113 ｜ tele ｜ wanjuan_chinese_web ｜ zh.yayi ｜ zh_cc_hm ｜ zh_cwp_head_transformed ｜ zh_cwp_mid_transformed,否,,0.05510904529356482,0.05510904529356482,0.05510904529356482,,0.009184840882260804,0.009184840882260804
cw_en,英文,英文 CC,pretrain,8.7982539084e+10,87.982539,obs://mb-datasets/sst_dedup_0104_merge/cw_en/cw_en__2025112200/,obs://mb-datasets/sst_dedup_old_token_0108_merge/cw_en/cw_en__2025112200/,/user/zhangyixuan/data/minicpm5/minicpm5_tokenizer.128k.dedup_link_all/cw_en,,0.006000000,0.1,8.80,0.000016140,0.000000000,1e-05,0.00,0.000000000,0.000000000,1e-05,0.00,0.000000000,0.000000000,0.1,8.798,0.000000000,0,0.1,8.798,0.000000000,0.000000000,0.1,8.798,0.000000000,None,否,,0.0022542249559057027,0.0022542249559057027,0.0022542249559057027,,0.00037570415931761713,0.00037570415931761713
Chinese_CC_HQ_TextCNN_merge,中文,中文精筛 CC,pretrain,4.0542893034e+10,40.542893,obs://mb-datasets/sst_dedup_0104_merge/Chinese_CC_HQ_TextCNN_merge/,obs://mb-datasets/sst_dedup_old_token_0108_merge/Chinese_CC_HQ_TextCNN_merge/,/user/zhangyixuan/data/minicpm5/minicpm5_tokenizer.128k.dedup_link_all/Chinese_CC_HQ_TextCNN_merge,,0.070000000,0.5,20.27,0.004991963,0.025000000,0.5,20.27,0.001782844,0.000000000,0.5,20.27,0.000000000,0.000000000,0.5,20.271,0.000000000,0,0.5,20.271,0.000000000,0.000000000,0.5,20.271,0.000000000,cc_hm_clean_pos_transformed ｜ cwp_clean_head_pos_transformed_new ｜ cwp_clean_mid_pos_transformed_new ｜ cwp_clean_tail_pos_transformed_new ｜ yayi_pos_transformed ｜ zh_common_crawl_pos_transformed,否,,1.5129961582281362,1.7831740436260175,1.7831740436260175,,0.34222532150398316,0.34222532150398316
Chinese_HQ_Web_merge,中文,中文网页,pretrain,8.276258477e+10,82.762585,obs://mb-datasets/sst_dedup_0104_merge/Chinese_HQ_Web_merge/,obs://mb-datasets/sst_dedup_old_token_0108_merge/Chinese_HQ_Web_merge/,/user/zhangyixuan/data/minicpm5/minicpm5_tokenizer.128k.dedup_link_all/Chinese_HQ_Web_merge,,0.010000000,1,82.76,0.003143323,0.001000000,1,82.76,0.000314332,0.000000000,1,82.76,0.000000000,0.000200000,1,82.763,0.000062842,0.0002,1,82.763,0.000062842,0.000000000,1,82.763,0.000000000,1905_film ｜ 360_doc_personal_library ｜ csdn_parse_filter ｜ ctrip_trave_v1_clean ｜ douban ｜ economic_information_daily_clean ｜ jianshu ｜ people_daily ｜ refined-anime-text ｜ tianya_forum ｜ what_is_worth_buying ｜ xiaohongshu ｜ zh.baijiahao ｜ zh.linux_cn ｜ zh.q4_news_0_10 ｜ zh.q4_news_10_100 ｜ zh.q4_news_gt_100 ｜ zh.weibo_0320 ｜ zh.zhihu-article ｜ zh.zhihu_0320 ｜ zh_kara_netease_cloud_reading ｜ zhihu_qa,否,,0.46669825837354784,0.49003317129222523,0.4915882258335133,,0.08633887463912782,0.08633887463912782
imdb_json,英文,英文网页,pretrain,1.903508082e+09,1.903508,obs://mb-datasets/sst_dedup_0104_merge/imdb_json/imdb_json__2025110101/,obs://mb-datasets/sst_dedup_old_token_0108_merge/imdb_json/imdb_json__2025110101/,/user/zhangyixuan/data/minicpm5/minicpm5_tokenizer.128k.dedup_link_all/imdb_json,,0.005000000,5,9.52,0.000132231,0.000200000,5,9.52,0.000005289,0.000000000,5,9.52,0.000000000,0.000100000,5,9.518,0.000002645,0.0001,5,9.518,0.000002645,0.000000000,5,9.518,0.000000000,None,否,,0.8536094748199823,0.8706816643163819,0.8735270292324485,,0.1493816580934969,0.1493816580934969
Chinese_Novel_merge,中文,中文小说,pretrain,1.36630079581e+11,136.630080,obs://mb-datasets/sst_dedup_0104_merge/Chinese_Novel_merge/,obs://mb-datasets/sst_dedup_old_token_0108_merge/Chinese_Novel_merge/,/user/zhangyixuan/data/minicpm5/minicpm5_tokenizer.128k.dedup_link_all/Chinese_Novel_merge,,0.007000000,1,136.63,0.007000000,0.002000000,1e-05,0.00,0.002000000,0.000000000,1e-05,0.00,0.000000000,0.000000000,1,136.630,0.000000000,0,1,136.630,0.000000000,0.000000000,1,136.630,0.000000000,aiqu_27txt ｜ feilu ｜ novel.17k ｜ novel.yd_baidu ｜ novel8080 ｜ qinkan_long_context ｜ starting_point_chinese_website ｜ xiaoxiang_academy_data ｜ zh.kara_jinjiang_literature_city ｜ zh.novel.c ｜ zh.novel.ijjxsw ｜ zh.novel.pan_baidu ｜ zh.novel.pan_jinjiang ｜ zh.novel.taobao ｜ zh.novel.zzdxss ｜ zongheng_chinese_network ｜ zxcs_long_context,是,,0.6295539039703635,0.7194901759661297,0.7194901759661297,,0.13490440799364933,0.13490440799364933
English_Academic_merge,英文,英文论文,pretrain,4.6402368636e+10,46.402369,obs://mb-datasets/sst_dedup_0104_merge/English_Academic_merge/,obs://mb-datasets/sst_dedup_old_token_0108_merge/English_Academic_merge/,/user/zhangyixuan/data/minicpm5/minicpm5_tokenizer.128k.dedup_link_all/English_Academic_merge,,0.060000000,1,46.40,0.001666388,0.060000000,1,46.40,0.001666388,0.060000000,1,46.40,0.001666388,0.020000000,1,46.402,0.000555463,0.02,1,46.402,0.000555463,0.010000000,1,46.402,0.000277731,peS2o ｜ ultratextbook,是,,0.44128303449384954,0.6619245517407742,0.6864402758793214,,0.15935220690055676,0.15935220690055676
Chinese_Book_large_merge,中文,中文 PDF,pretrain,5.7774236622e+10,57.774237,obs://mb-datasets/sst_dedup_0104_merge/Chinese_Book_large_merge/,obs://mb-datasets/sst_dedup_old_token_0108_merge/Chinese_Book_large_merge/,/user/zhangyixuan/data/minicpm5/minicpm5_tokenizer.128k.dedup_link_all/Chinese_Book_large_merge,,0.020000000,1,57.77,0.003002119,0.020000000,1,57.77,0.003002119,0.005000000,1,57.77,0.000750530,0.002000000,1,57.774,0.000300212,0.002,1,57.774,0.000300212,0.001000000,1,57.774,0.000150106,qikan_chinese ｜ zh.chineseall_epub ｜ zh.epubee ｜ zh.magazine.1 ｜ zh.sj_txt ｜ zh.zp_ebook,是,,0.6385205343317752,0.957780801497663,0.9684228104031924,,0.21816118256335654,0.21816118256335654
English_Book_merge,英文,英文 PDF,pretrain,2.115146868e+10,21.151469,obs://mb-datasets/sst_dedup_0104_merge/English_Book_merge/,obs://mb-datasets/sst_dedup_old_token_0108_merge/English_Book_merge/,/user/zhangyixuan/data/minicpm5/minicpm5_tokenizer.128k.dedup_link_all/English_Book_merge,,0.050000000,1,21.15,0.000697430,0.050000000,1,21.15,0.000697430,0.025000000,1,21.15,0.000348715,0.010000000,1,21.151,0.000139486,0.01,1,21.151,0.000139486,0.001000000,1,21.151,0.000013949,books1_long_context ｜ books3_long_context ｜ en.boke_kindle_mobi,是,,0.40517368090667594,0.6077605213600139,0.6212663107235697,,0.1418107883173366,0.1418107883173366
hi138_data,中文,中文论文,pretrain,5.56131965e+08,0.556132,obs://mb-datasets/sst_dedup_0104_merge/hi138_data/zh__hi138_data__2025082000/,obs://mb-datasets/sst_dedup_old_token_0108_merge/hi138_data/zh__hi138_data__2025082000/,/user/zhangyixuan/data/minicpm5/minicpm5_tokenizer.128k.dedup_link_all/hi138_data,,0.030000000,1,0.56,0.000037650,0.030000000,1,0.56,0.000037650,0.030000000,1,0.56,0.000037650,0.015000000,1,0.556,0.000018825,0.015,1,0.556,0.000018825,0.010000000,1,0.556,0.000012550,None,是,,0.8318865627019244,1.2478298440528868,1.3171537242780471,,0.3119574610132217,0.3119574610132217
Chinese_Law_merge,中文,中文法律,pretrain,1.53402033e+10,15.340203,obs://mb-datasets/sst_dedup_0104_merge/Chinese_Law_merge/,obs://mb-datasets/sst_dedup_old_token_0108_merge/Chinese_Law_merge/,/user/zhangyixuan/data/minicpm5/minicpm5_tokenizer.128k.dedup_link_all/Chinese_Law_merge,,0.005000000,1,15.34,0.001731095,0.005000000,1,15.34,0.001731095,0.007000000,1,15.34,0.002423533,0.001000000,1,15.340,0.000346219,0.001,1,15.340,0.000346219,0.001000000,1,15.340,0.000346219,2_qa_sst ｜ 3_book_sst ｜ 4_faxinma_sst ｜ 5_falvyange_sst ｜ 6_tiantongma_sst ｜ 8_xingzhengchufa_sst ｜ alk_sst ｜ dffl_clean_sst ｜ law_sst ｜ law_sst_amk ｜ law_sst_cpws ｜ law_sst_flqk ｜ law_sst_flsy ｜ law_sst_gjty ｜ law_sst_lf ｜ law_sst_sf ｜ law_sst_twk ｜ law_sst_twsy ｜ law_sst_xgk ｜ law_sst_zyfl,是,,1.386663407280624,2.0799951109209363,2.126217224496957,,0.4853321925482185,0.4853321925482185
10w_why,中文,中文知识,pretrain,3.8092624e+07,0.038093,obs://mb-datasets/sst_dedup_0104_merge/10w_why/zh__10w_why__2025112200/,obs://mb-datasets/sst_dedup_old_token_0108_merge/10w_why/zh__10w_why__2025112200/,/user/zhangyixuan/data/minicpm5/minicpm5_tokenizer.128k.dedup_link_all/10w_why,,0.001000000,1,0.04,0.000003848,0.002000000,1,0.04,0.000005323,0.002000000,1,0.04,0.000005229,0.001000000,1,0.038,0.000001752,0.001,1,0.038,0.000001418,0.001000000,1,0.038,0.000001103,None,否,,1.2414119739940968,2.0999134112183535,2.1941268646827066,,0.5401758681392783,0.5401758681392783
nemotron_zh_synthetic_all,中文,中文预训练合成,pretrain,3.180943827e+09,3.180944,obs://mb-datasets/sst_dedup_0106_merge/nemotron_zh_synthetic_all/nemotron_zh_synthetic_all__20260110/,obs://mb-datasets/sst_dedup_0108_merge/nemotron_zh_synthetic_all/nemotron_zh_synthetic_all__20260110/,/user/zhangyixuan/data/minicpm5/minicpm5_tokenizer.128k.dedup_link_all/nemotron_zh_synthetic_all,,0.080000000,1,3.18,0.001003148,0.140000000,1,3.18,0.001755509,0.165000000,1,3.18,0.002068993,0.160000000,1,3.181,0.002583972,0.11,1,3.181,0.001379328,0.100000000,1,3.181,0.001027358,None,否,,3.8751647245695477,7.265933858567903,8.929582824026063,,2.60794164815679,1
English_CC_Synthetic_merge,英文,英文预训练合成,pretrain,1.358358599034e+12,1358.358599,obs://mb-datasets/sst_dedup_0104_merge/English_CC_Synthetic_merge/,obs://mb-datasets/sst_dedup_old_token_0108_merge/English_CC_Synthetic_merge/,/user/zhangyixuan/data/minicpm5/minicpm5_tokenizer.128k.dedup_link_all/English_CC_Synthetic_merge,,0.200000000,1,1358.36,0.025926653,0.210000000,1,1358.36,0.027222986,0.230000000,1,1358.36,0.028501085,0.160000000,1,1358.359,0.016244295,0.11,1,1358.359,0.011167953,0.100000000,1,1358.359,0.010526227,Nemotron_quality_high_kind_synthetic_kind2_distill ｜ Nemotron_quality_high_kind_synthetic_kind2_diverse_qa_pairs ｜ Nemotron_quality_high_kind_synthetic_kind2_extract_knowledge ｜ Nemotron_quality_high_kind_synthetic_kind2_knowledge_list ｜ Nemotron_quality_high_kind_synthetic_kind2_wrap_medium,否,,0.23453800496607827,0.3576704575732694,0.3821620138202175,,0.09237959648688415,0.09237959648688415
Chinese_Socialist_Values_merge,中文,中文价值观,pretrain,2.01941141e+08,0.201941,obs://mb-datasets/sst_dedup_0104_merge/Chinese_Socialist_Values_merge/,obs://mb-datasets/sst_dedup_old_token_0108_merge/Chinese_Socialist_Values_merge/,/user/zhangyixuan/data/minicpm5/minicpm5_tokenizer.128k.dedup_link_all/Chinese_Socialist_Values_merge,,0.000010000,1,0.20,0.000010000,0.000010000,1,0.20,0.000010000,0.000010000,1,0.20,0.000010000,0.000100000,1,0.202,0.000100000,0.0001,1,0.202,0.000100000,0.000100000,1,0.202,0.000100000,gov_safety ｜ xuexiqiangguo,否,,0.6084941354273126,0.912741203140969,1.926898095519823,,0.7099098246651979,0.7099098246651979
finepdfs_edu_top9,多语言,多语言,pretrain,1.16351583653e+11,116.351584,obs://mb-datasets/sst_dedup_0105_merge/finepdfs_edu_top9/,obs://mb-datasets/sst_dedup_old_token_0108_merge/finepdfs_edu_top9/,/user/zhangyixuan/data/minicpm5/minicpm5_tokenizer.128k.dedup_link_all/finepdfs_edu_top9,,0.030000000,3,349.05,0.002654043,0.030000000,6,698.11,0.004284242,0.020000000,6,698.11,0.002856161,0.020000000,6,698.110,0.002856161,0.02,6,698.110,0.002856161,0.020000000,6,698.110,0.002856161,finepdfs_edu_kor ｜ finepdfs_edu_th ｜ finepdfs_edu_pt ｜ finepdfs_edu_ru ｜ finepdfs_edu_it ｜ finepdfs_edu_es ｜ finepdfs_edu_fr ｜ finepdfs_edu_ja ｜ finepdfs_edu_de,否,,0.2802959406333749,0.5065273306618128,0.5568009728903545,,0.14726327456264596,0.14726327456264596
Chinese_Finance_merge,中文,中文金融,pretrain,1.2014906057e+10,12.014906,obs://mb-datasets/sst_dedup_0104_merge/Chinese_Finance_merge/,obs://mb-datasets/sst_dedup_old_token_0108_merge/Chinese_Finance_merge/,/user/zhangyixuan/data/minicpm5/minicpm5_tokenizer.128k.dedup_link_all/Chinese_Finance_merge,,0.000500000,1,12.01,0.000500000,0.001000000,1,12.01,0.001000000,0.000000000,1,12.01,0.000000000,0.000100000,1,12.015,0.000100000,0.0001,1,12.015,0.000100000,0.000000000,1,12.015,0.000000000,mbalib_data_clean ｜ shenqing_news_20231109 ｜ shenqing_xingguang_new ｜ shenqing_yuqing ｜ shenqingbaike_sq,是,,0.5113647972653474,1.022729594530695,1.0397750877728733,,0.2642051452537629,0.2642051452537629
Math_General_3p_merge,数学 CC,数学 CC,pretrain,8.6198146514e+10,86.198147,obs://mb-datasets/sst_dedup_0104_merge/Math_General_3p_merge/,obs://mb-datasets/sst_dedup_old_token_0108_merge/Math_General_3p_merge/,/user/zhangyixuan/data/minicpm5/minicpm5_tokenizer.128k.dedup_link_all/Math_General_3p_merge,,0.075000000,1,86.20,0.009900688,0.095000000,0,0.00,0.000000000,0.145000000,0,0.00,0.000000000,0.150000000,0,0.000,0.000000000,0.11,0,0.000,0.000000000,0.100000000,0,0.000,0.000000000,cc_math_transformed ｜ finemath-3plus ｜ infiwebmath-3plus ｜ proof-pile-algebraic-stack_transformed ｜ proof-pile-arxiv_transformed ｜ proof-pile-open-web-math_transformed,否,,1.4113952165080925,1.4113952165080925,1.4113952165080925,,0.2352325360846821,0.2352325360846821
Config_DSL_DevOps_fim_v1,代码,代码,pretrain,6.4055070511e+10,64.055071,obs://mb-datasets/sst_dedup_0106_merge/Config_DSL_DevOps_fim_v1/,obs://mb-datasets/sst_dedup_old_token_0108_merge/Config_DSL_DevOps_fim_v1/,/user/zhangyixuan/data/minicpm5/minicpm5_tokenizer.128k.dedup_link_all/Config_DSL_DevOps_fim_v1,,0.285000000,0.02,1.28,0.000044593,0.295000000,0.02,1.28,0.000027038,0.300000000,0.02,1.28,0.000027497,0.350000000,0.02,1.281,0.000038526,0.3,0.02,1.281,0.000033022,0.250000000,0.02,1.281,0.000027519,ultradata_code_fim_v1_Batchfile_bat ｜ ultradata_code_fim_v1_Batchfile_cmd ｜ ultradata_code_fim_v1_CMake_CMakeLists.txt ｜ ultradata_code_fim_v1_CMake_cmake ｜ ultradata_code_fim_v1_Dockerfile_Dockerfile ｜ ultradata_code_fim_v1_Dockerfile_dockerfile ｜ ultradata_code_fim_v1_Makefile_Makefile ｜ ultradata_code_fim_v1_Makefile_mak ｜ ultradata_code_fim_v1_Makefile_mk ｜ ultradata_code_fim_v1_PowerShell_ps1 ｜ ultradata_code_fim_v1_PowerShell_psd1 ｜ ultradata_code_fim_v1_PowerShell_psm1 ｜ ultradata_code_fim_v1_SQL_sql ｜ ultradata_code_fim_v1_Shell_bash ｜ ultradata_code_fim_v1_Shell_sh ｜ ultradata_code_fim_v1_Shell_zsh,否,,0.008554457982400449,0.011147910577362818,0.012379682013459513,,0.0029061129134358783,0.0029061129134358783
Config_DSL_DevOps_fim_v1_supp,代码,代码,pretrain,1.044682527e+10,10.446825,obs://mb-datasets/sst_dedup_0106_merge/Config_DSL_DevOps_fim_v1_supp/,obs://mb-datasets/sst_dedup_old_token_0108_merge/Config_DSL_DevOps_fim_v1_supp/,/user/zhangyixuan/data/minicpm5/minicpm5_tokenizer.128k.dedup_link_all/Config_DSL_DevOps_fim_v1_supp,,0.285000000,0.02,0.21,0.000007273,0.295000000,0.02,0.21,0.000004410,0.300000000,0.02,0.21,0.000004484,0.350000000,0.02,0.209,0.000006283,0.3,0.02,0.209,0.000005386,0.250000000,0.02,0.209,0.000004488,ultradata_code_fim_v1_supp_Groovy_gradle ｜ ultradata_code_fim_v1_supp_Groovy_groovy ｜ ultradata_code_fim_v1_supp_Nix_nix ｜ ultradata_code_fim_v1_supp_Prolog_pro ｜ ultradata_code_fim_v1_supp_Protobuf_proto ｜ ultradata_code_fim_v1_supp_Puppet_pp ｜ ultradata_code_fim_v1_supp_TOML_toml ｜ ultradata_code_fim_v1_supp_Terraform_tf ｜ ultradata_code_fim_v1_supp_VimScript_vim,否,,0.008554457982400447,0.011147910577362814,0.012379682013459509,,0.0029061129134358783,0.0029061129134358783
Functional_Formal,代码,代码,pretrain,4.9460482842e+10,49.460483,obs://mb-datasets/sst_dedup_0105_merge/Functional_Formal/,obs://mb-datasets/sst_dedup_old_token_0108_merge/Functional_Formal/,/user/zhangyixuan/data/minicpm5/minicpm5_tokenizer.128k.dedup_link_all/Functional_Formal,,0.285000000,1,49.46,0.001721629,0.295000000,1,49.46,0.001043892,0.300000000,1,49.46,0.001061585,0.350000000,1,49.460,0.001487403,0.3,1,49.460,0.001274917,0.250000000,1,49.460,0.001062430,ultradata_code_Haskell_hs ｜ ultradata_code_Haskell_lhs ｜ ultradata_code_Agda_agda ｜ ultradata_code_Clojure_clj ｜ ultradata_code_Clojure_cljc ｜ ultradata_code_Clojure_cljs ｜ ultradata_code_Clojure_edn ｜ ultradata_code_CommonLisp_cl ｜ ultradata_code_CommonLisp_lisp ｜ ultradata_code_CommonLisp_lsp ｜ ultradata_code_Coq_v ｜ ultradata_code_Elixir_ex ｜ ultradata_code_Elixir_exs ｜ ultradata_code_EmacsLisp_el ｜ ultradata_code_Erlang_erl ｜ ultradata_code_Erlang_hrl ｜ ultradata_code_FSharp_fs ｜ ultradata_code_Idris_idr ｜ ultradata_code_Isabelle_thy ｜ ultradata_code_Lean_lean ｜ ultradata_code_Mathematica_nb ｜ ultradata_code_Matlab_m ｜ ultradata_code_OCaml_ml ｜ ultradata_code_OCaml_mli ｜ ultradata_code_Racket_rkt ｜ ultradata_code_SageMath_sage ｜ ultradata_code_Scheme_scm ｜ ultradata_code_Scheme_ss,否,,0.4277228991200223,0.5573955288681407,0.6189841006729755,,0.1453056456717939,0.1453056456717939
Functional_Formal_fim_v1,代码,代码,pretrain,1.346144127e+09,1.346144,obs://mb-datasets/sst_dedup_0106_merge/Functional_Formal_fim_v1/,obs://mb-datasets/sst_dedup_old_token_0108_merge/Functional_Formal_fim_v1/,/user/zhangyixuan/data/minicpm5/minicpm5_tokenizer.128k.dedup_link_all/Functional_Formal_fim_v1,,0.285000000,0.1,0.13,0.000004686,0.295000000,0.1,0.13,0.000002841,0.300000000,0.1,0.13,0.000002889,0.350000000,0.1,0.135,0.000004048,0.3,0.1,0.135,0.000003470,0.250000000,0.1,0.135,0.000002892,ultradata_code_fim_v1_Haskell_hs ｜ ultradata_code_fim_v1_Haskell_lhs,否,,0.042772289912002236,0.05573955288681407,0.06189841006729755,,0.014530564567179393,0.014530564567179393
Functional_Formal_fim_v1_supp,代码,代码,pretrain,4.5899248772e+10,45.899249,obs://mb-datasets/sst_dedup_0106_merge/Functional_Formal_fim_v1_supp/,obs://mb-datasets/sst_dedup_old_token_0108_merge/Functional_Formal_fim_v1_supp/,/user/zhangyixuan/data/minicpm5/minicpm5_tokenizer.128k.dedup_link_all/Functional_Formal_fim_v1_supp,,0.285000000,0.1,4.59,0.000159767,0.295000000,0.1,4.59,0.000096873,0.300000000,0.1,4.59,0.000098515,0.350000000,0.1,4.590,0.000138031,0.3,0.1,4.590,0.000118312,0.250000000,0.1,4.590,0.000098593,ultradata_code_fim_v1_supp_CommonLisp_lisp ｜ ultradata_code_fim_v1_supp_Coq_v ｜ ultradata_code_fim_v1_supp_Elixir_ex ｜ ultradata_code_fim_v1_supp_EmacsLisp_el ｜ ultradata_code_fim_v1_supp_Erlang_erl ｜ ultradata_code_fim_v1_supp_Lean_lean ｜ ultradata_code_fim_v1_supp_Mathematica_nb ｜ ultradata_code_fim_v1_supp_Matlab_m ｜ ultradata_code_fim_v1_supp_OCaml_ml ｜ ultradata_code_fim_v1_supp_Scheme_scm,否,,0.042772289912002236,0.05573955288681408,0.06189841006729755,,0.014530564567179393,0.014530564567179393
Hardware_Lowlevel,代码,代码,pretrain,8.7813312926e+10,87.813313,obs://mb-datasets/sst_dedup_0105_merge/Hardware_Lowlevel/,obs://mb-datasets/sst_dedup_old_token_0108_merge/Hardware_Lowlevel/,/user/zhangyixuan/data/minicpm5/minicpm5_tokenizer.128k.dedup_link_all/Hardware_Lowlevel,,0.285000000,1,87.81,0.003056621,0.295000000,1,87.81,0.001853350,0.300000000,1,87.81,0.001884763,0.350000000,1,87.813,0.002640770,0.3,1,87.813,0.002263517,0.250000000,1,87.813,0.001886264,ultradata_code_Assembly_asm ｜ ultradata_code_Assembly_s ｜ ultradata_code_CUDA_cu ｜ ultradata_code_CUDA_cuh ｜ ultradata_code_VHDL_vhd ｜ ultradata_code_VHDL_vhdl ｜ ultradata_code_Verilog_sv ｜ ultradata_code_Verilog_svh ｜ ultradata_code_Verilog_vh ｜ ultradata_code_WebAssembly_wast ｜ ultradata_code_WebAssembly_wat,否,,0.42772289912002237,0.5573955288681408,0.6189841006729755,,0.14530564567179388,0.14530564567179388
Hardware_Lowlevel_fim_v1,代码,代码,pretrain,8.0284170689e+10,80.284171,obs://mb-datasets/sst_dedup_0106_merge/Hardware_Lowlevel_fim_v1/,obs://mb-datasets/sst_dedup_old_token_0108_merge/Hardware_Lowlevel_fim_v1/,/user/zhangyixuan/data/minicpm5/minicpm5_tokenizer.128k.dedup_link_all/Hardware_Lowlevel_fim_v1,,0.285000000,0.1,8.03,0.000279455,0.295000000,0.1,8.03,0.000169444,0.300000000,0.1,8.03,0.000172316,0.350000000,0.1,8.028,0.000241435,0.3,0.1,8.028,0.000206944,0.250000000,0.1,8.028,0.000172454,ultradata_code_fim_v1_Assembly_asm ｜ ultradata_code_fim_v1_Assembly_s,否,,0.042772289912002236,0.05573955288681408,0.06189841006729756,,0.014530564567179391,0.014530564567179391
Hardware_Lowlevel_fim_v1_supp,代码,代码,pretrain,1.285048218e+10,12.850482,obs://mb-datasets/sst_dedup_0106_merge/Hardware_Lowlevel_fim_v1_supp/,obs://mb-datasets/sst_dedup_old_token_0108_merge/Hardware_Lowlevel_fim_v1_supp/,/user/zhangyixuan/data/minicpm5/minicpm5_tokenizer.128k.dedup_link_all/Hardware_Lowlevel_fim_v1_supp,,0.285000000,0.1,1.29,0.000044730,0.295000000,0.1,1.29,0.000027122,0.300000000,0.1,1.29,0.000027581,0.350000000,0.1,1.285,0.000038645,0.3,0.1,1.285,0.000033124,0.250000000,0.1,1.285,0.000027603,ultradata_code_fim_v1_supp_CUDA_cu ｜ ultradata_code_fim_v1_supp_VHDL_vhd ｜ ultradata_code_fim_v1_supp_VHDL_vhdl ｜ ultradata_code_fim_v1_supp_Verilog_sv,否,,0.042772289912002236,0.05573955288681408,0.06189841006729756,,0.01453056456717939,0.01453056456717939
MultiPL_E,代码,代码,pretrain,3.613307069064e+12,3613.307069,obs://mb-datasets/sst_dedup_0105_merge/MultiPL_E/,obs://mb-datasets/sst_dedup_old_token_0108_merge/MultiPL_E/,/user/zhangyixuan/data/minicpm5/minicpm5_tokenizer.128k.dedup_link_all/MultiPL_E,,0.285000000,1,3613.31,0.125772638,0.295000000,1,3613.31,0.076260910,0.300000000,1,3613.31,0.077553468,0.350000000,1,3613.307,0.108661339,0.3,1,3613.307,0.093138290,0.250000000,1,3613.307,0.077615242,ultradata_code_CPP_cc ｜ ultradata_code_CPP_cpp ｜ ultradata_code_CPP_cxx ｜ ultradata_code_CPP_hh ｜ ultradata_code_CPP_hpp ｜ ultradata_code_CPP_hxx ｜ ultradata_code_CPP_inl ｜ ultradata_code_CSharp_cs ｜ ultradata_code_CSharp_csx ｜ ultradata_code_Go_go ｜ ultradata_code_Java_java ｜ ultradata_code_JavaScript_cjs ｜ ultradata_code_JavaScript_js ｜ ultradata_code_JavaScript_jsx ｜ ultradata_code_JavaScript_mjs ｜ ultradata_code_Julia_jl ｜ ultradata_code_Lua_lua ｜ ultradata_code_PHP_php ｜ ultradata_code_PHP_phtml ｜ ultradata_code_Perl_pl ｜ ultradata_code_Perl_pm ｜ ultradata_code_Perl_t ｜ ultradata_code_Python_py ｜ ultradata_code_Python_pyi ｜ ultradata_code_R_r ｜ ultradata_code_Ruby_Gemfile ｜ ultradata_code_Ruby_Rakefile ｜ ultradata_code_Ruby_rb ｜ ultradata_code_Rust_rs ｜ ultradata_code_Scala_sc ｜ ultradata_code_Scala_scala ｜ ultradata_code_Swift_swift ｜ ultradata_code_TypeScript_ts ｜ ultradata_code_TypeScript_tsx,否,,0.4277228991200223,0.5573955288681407,0.6189841006729755,,0.1453056456717939,0.1453056456717939
MultiPL_E_fim_v1,代码,代码,pretrain,3.827601176871e+12,3827.601177,obs://mb-datasets/sst_dedup_0106_merge/MultiPL_E_fim_v1/,obs://mb-datasets/sst_dedup_old_token_0108_merge/MultiPL_E_fim_v1/,/user/zhangyixuan/data/minicpm5/minicpm5_tokenizer.128k.dedup_link_all/MultiPL_E_fim_v1,,0.285000000,0.1,382.76,0.013323183,0.295000000,0.1,382.76,0.008078371,0.300000000,0.1,382.76,0.008215292,0.350000000,0.1,382.760,0.011510571,0.3,0.1,382.760,0.009866204,0.250000000,0.1,382.760,0.008221836,ultradata_code_fim_v1_CPP_cc ｜ ultradata_code_fim_v1_CPP_cpp ｜ ultradata_code_fim_v1_CPP_cxx ｜ ultradata_code_fim_v1_CPP_hh ｜ ultradata_code_fim_v1_CPP_hpp ｜ ultradata_code_fim_v1_CPP_hxx ｜ ultradata_code_fim_v1_CPP_inl ｜ ultradata_code_fim_v1_CSharp_cs ｜ ultradata_code_fim_v1_CSharp_csx ｜ ultradata_code_fim_v1_Go_go ｜ ultradata_code_fim_v1_Java_java ｜ ultradata_code_fim_v1_JavaScript_cjs ｜ ultradata_code_fim_v1_JavaScript_js ｜ ultradata_code_fim_v1_JavaScript_jsx ｜ ultradata_code_fim_v1_JavaScript_mjs ｜ ultradata_code_fim_v1_Julia_jl ｜ ultradata_code_fim_v1_Lua_lua ｜ ultradata_code_fim_v1_PHP_php ｜ ultradata_code_fim_v1_PHP_phtml ｜ ultradata_code_fim_v1_Perl_pl ｜ ultradata_code_fim_v1_Perl_pm ｜ ultradata_code_fim_v1_Perl_t ｜ ultradata_code_fim_v1_Python_py ｜ ultradata_code_fim_v1_Python_pyi ｜ ultradata_code_fim_v1_R_r ｜ ultradata_code_fim_v1_Ruby_rb ｜ ultradata_code_fim_v1_Rust_rs ｜ ultradata_code_fim_v1_Scala_sc ｜ ultradata_code_fim_v1_Scala_scala ｜ ultradata_code_fim_v1_Swift_swift ｜ ultradata_code_fim_v1_TypeScript_ts ｜ ultradata_code_fim_v1_TypeScript_tsx,否,,0.042772289912002236,0.05573955288681407,0.06189841006729755,,0.01453056456717939,0.01453056456717939
Other_Programming,代码,代码,pretrain,2.856200300956e+12,2856.200301,obs://mb-datasets/sst_dedup_0105_merge/Other_Programming/,obs://mb-datasets/sst_dedup_old_token_0108_merge/Other_Programming/,/user/zhangyixuan/data/minicpm5/minicpm5_tokenizer.128k.dedup_link_all/Other_Programming,,0.285000000,0.8,2284.96,0.079535304,0.295000000,0.8,2284.96,0.048225391,0.300000000,0.8,2284.96,0.049042771,0.350000000,0.8,2284.960,0.068714569,0.3,0.8,2284.960,0.058898202,0.250000000,0.8,2284.960,0.049081835,ultradata_code_C_c ｜ ultradata_code_C_h ｜ ultradata_code_Fortran_f ｜ ultradata_code_Fortran_f77 ｜ ultradata_code_Fortran_f90 ｜ ultradata_code_Fortran_for ｜ ultradata_code_VisualBasic_bas ｜ ultradata_code_VisualBasic_vb ｜ ultradata_code_VisualBasic_vbs ｜ ultradata_code_Ada_ada ｜ ultradata_code_Ada_adb ｜ ultradata_code_Ada_ads ｜ ultradata_code_Crystal_cr ｜ ultradata_code_D_d ｜ ultradata_code_Dart_dart ｜ ultradata_code_Kotlin_kt ｜ ultradata_code_Kotlin_kts ｜ ultradata_code_Nim_nim ｜ ultradata_code_ObjectiveC_mm ｜ ultradata_code_Pascal_dpr ｜ ultradata_code_Pascal_pas ｜ ultradata_code_Solidity_sol ｜ ultradata_code_Zig_zig,否,,0.3421783192960178,0.44591642309451257,0.4951872805383804,,0.11624451653743512,0.11624451653743512
Other_Programming_fim_v1,代码,代码,pretrain,2.220739016252e+12,2220.739016,obs://mb-datasets/sst_dedup_0106_merge/Other_Programming_fim_v1/,obs://mb-datasets/sst_dedup_old_token_0108_merge/Other_Programming_fim_v1/,/user/zhangyixuan/data/minicpm5/minicpm5_tokenizer.128k.dedup_link_all/Other_Programming_fim_v1,,0.285000000,0.08,177.66,0.006183990,0.295000000,0.08,177.66,0.003749597,0.300000000,0.08,177.66,0.003813150,0.350000000,0.08,177.659,0.005342662,0.3,0.08,177.659,0.004579424,0.250000000,0.08,177.659,0.003816187,ultradata_code_fim_v1_C_c ｜ ultradata_code_fim_v1_C_h ｜ ultradata_code_fim_v1_Fortran_f ｜ ultradata_code_fim_v1_Fortran_f77 ｜ ultradata_code_fim_v1_Fortran_f90 ｜ ultradata_code_fim_v1_Fortran_for ｜ ultradata_code_fim_v1_VisualBasic_bas ｜ ultradata_code_fim_v1_VisualBasic_vb ｜ ultradata_code_fim_v1_VisualBasic_vbs,否,,0.03421783192960179,0.044591642309451264,0.04951872805383804,,0.011624451653743512,0.011624451653743512
Other_Programming_fim_v1_supp,代码,代码,pretrain,7.0657020476e+10,70.657020,obs://mb-datasets/sst_dedup_0106_merge/Other_Programming_fim_v1_supp/,obs://mb-datasets/sst_dedup_old_token_0108_merge/Other_Programming_fim_v1_supp/,/user/zhangyixuan/data/minicpm5/minicpm5_tokenizer.128k.dedup_link_all/Other_Programming_fim_v1_supp,,0.285000000,0.08,5.65,0.000196755,0.295000000,0.08,5.65,0.000119301,0.300000000,0.08,5.65,0.000121323,0.350000000,0.08,5.653,0.000169987,0.3,0.08,5.653,0.000145703,0.250000000,0.08,5.653,0.000121419,ultradata_code_fim_v1_supp_Ada_adb ｜ ultradata_code_fim_v1_supp_Ada_ads ｜ ultradata_code_fim_v1_supp_D_d ｜ ultradata_code_fim_v1_supp_Dart_dart ｜ ultradata_code_fim_v1_supp_Kotlin_kt ｜ ultradata_code_fim_v1_supp_Kotlin_kts ｜ ultradata_code_fim_v1_supp_ObjectiveC_mm ｜ ultradata_code_fim_v1_supp_Pascal_pas ｜ ultradata_code_fim_v1_supp_Solidity_sol,否,,0.03421783192960178,0.04459164230945125,0.04951872805383803,,0.011624451653743512,0.011624451653743512
Text_Documentation,代码,代码,pretrain,2.71175556731e+11,271.175557,obs://mb-datasets/sst_dedup_0105_merge/Text_Documentation/,obs://mb-datasets/sst_dedup_old_token_0108_merge/Text_Documentation/,/user/zhangyixuan/data/minicpm5/minicpm5_tokenizer.128k.dedup_link_all/Text_Documentation,,0.285000000,2,542.35,0.018878254,0.295000000,2,542.35,0.011446630,0.300000000,2,542.35,0.011640641,0.350000000,2,542.351,0.016309878,0.3,2,542.351,0.013979896,0.250000000,2,542.351,0.011649913,ultradata_code_Markdown_markdown ｜ ultradata_code_Markdown_md ｜ ultradata_code_TeX_cls ｜ ultradata_code_TeX_sty ｜ ultradata_code_TeX_tex ｜ ultradata_code_DiffPatch_diff ｜ ultradata_code_DiffPatch_patch ｜ ultradata_code_Documentation_adoc ｜ ultradata_code_Documentation_asc ｜ ultradata_code_Documentation_asciidoc ｜ ultradata_code_Documentation_org ｜ ultradata_code_Documentation_pod ｜ ultradata_code_Documentation_rest ｜ ultradata_code_Documentation_rst ｜ ultradata_code_Documentation_textile ｜ ultradata_code_Text_text ｜ ultradata_code_Text_txt,否,,0.8554457982400446,1.1147910577362814,1.237968201345951,,0.2906112913435878,0.2906112913435878
Web_Frontend,代码,代码,pretrain,5.91515368171e+11,591.515368,obs://mb-datasets/sst_dedup_0105_merge/Web_Frontend/,obs://mb-datasets/sst_dedup_old_token_0108_merge/Web_Frontend/,/user/zhangyixuan/data/minicpm5/minicpm5_tokenizer.128k.dedup_link_all/Web_Frontend,,0.285000000,0.2,118.30,0.004117915,0.295000000,0.2,118.30,0.002496854,0.300000000,0.2,118.30,0.002539174,0.350000000,0.2,118.303,0.003557674,0.3,0.2,118.303,0.003049435,0.250000000,0.2,118.303,0.002541196,ultradata_code_CSS_css ｜ ultradata_code_CSS_less ｜ ultradata_code_CSS_sass ｜ ultradata_code_CSS_scss ｜ ultradata_code_HTML_htm ｜ ultradata_code_HTML_html,否,,0.08554457982400447,0.11147910577362816,0.1237968201345951,,0.029061129134358783,0.029061129134358783
Web_Frontend_fim_v1,代码,代码,pretrain,6.10856052931e+11,610.856053,obs://mb-datasets/sst_dedup_0106_merge/Web_Frontend_fim_v1/,obs://mb-datasets/sst_dedup_old_token_0108_merge/Web_Frontend_fim_v1/,/user/zhangyixuan/data/minicpm5/minicpm5_tokenizer.128k.dedup_link_all/Web_Frontend_fim_v1,,0.285000000,0.02,12.22,0.000425256,0.295000000,0.02,12.22,0.000257849,0.300000000,0.02,12.22,0.000262220,0.350000000,0.02,12.217,0.000367400,0.3,0.02,12.217,0.000314914,0.250000000,0.02,12.217,0.000262429,ultradata_code_fim_v1_CSS_css ｜ ultradata_code_fim_v1_CSS_less ｜ ultradata_code_fim_v1_CSS_sass ｜ ultradata_code_fim_v1_CSS_scss ｜ ultradata_code_fim_v1_HTML_htm ｜ ultradata_code_fim_v1_HTML_html,否,,0.008554457982400447,0.011147910577362814,0.01237968201345951,,0.002906112913435878,0.002906112913435878
RefineCode-code-corpus,代码,代码,pretrain,1.75786047287e+11,175.786047,obs://mb-datasets/sst_dedup_0104_merge/RefineCode-code-corpus/en__RefineCode-code-corpus__2025082500/,obs://mb-datasets/sst_dedup_old_token_0108_merge/RefineCode-code-corpus/en__RefineCode-code-corpus__2025082500/,/user/zhangyixuan/data/minicpm5/minicpm5_tokenizer.128k.dedup_link_all/RefineCode-code-corpus,,0.285000000,4,703.14,0.024475169,0.295000000,4,703.14,0.014840260,0.300000000,4,703.14,0.015091790,0.350000000,4,703.144,0.021145335,0.3,4,703.144,0.018124573,0.250000000,4,703.144,0.015103811,None,否,,1.7108915964800893,2.2295821154725632,2.4759364026919024,,0.5812225826871755,0.5812225826871755
stack_v2_full_not_code_transformed,代码,代码,pretrain,6.9309067702e+10,69.309068,obs://mb-datasets/sst_dedup_0104_merge/stack_v2_full_not_code_transformed/zh__stack_v2_full_not_code_transformed__2025082500/,obs://mb-datasets/sst_dedup_old_token_0108_merge/stack_v2_full_not_code_transformed/zh__stack_v2_full_not_code_transformed__2025082500/,/user/zhangyixuan/data/minicpm5/minicpm5_tokenizer.128k.dedup_link_all/stack_v2_full_not_code_transformed,,0.285000000,1,69.31,0.002412522,0.295000000,0.5,34.65,0.000731404,0.300000000,0.5,34.65,0.000743800,0.350000000,0.5,34.655,0.001042150,0.3,0.5,34.655,0.000893271,0.250000000,0.5,34.655,0.000744393,None,否,,0.42772289912002226,0.4925592139940814,0.5233534998964988,,0.10829639776256547,0.10829639776256547
CCI4.0_cot_synthesis_code,代码,代码,pretrain,7.536145442e+09,7.536145,obs://mb-datasets/sst_dedup_0105_merge/CCI4.0_cot_synthesis_code/en__CCI4.0_cot_synthesis_code__2025103000/,obs://mb-datasets/sst_dedup_old_token_0108_merge/CCI4.0_cot_synthesis_code/en__CCI4.0_cot_synthesis_code__2025103000/,/user/zhangyixuan/data/minicpm5/minicpm5_tokenizer.128k.dedup_link_all/CCI4.0_cot_synthesis_code,,0.285000000,3,22.61,0.000786958,0.295000000,1,7.54,0.000159055,0.300000000,1,7.54,0.000161750,0.350000000,1,7.536,0.000226631,0.3,1,7.536,0.000194255,0.250000000,1,7.536,0.000161879,None,否,,1.2831686973600671,1.4128413271081854,1.4744298989130202,,0.287879945378468,0.287879945378468
CCI4.0_code,代码,代码,pretrain,1.556075249e+09,1.556075,obs://mb-datasets/sst_dedup_0105_merge/CCI4.0_code/en__CCI4.0_code__2025103000/,obs://mb-datasets/sst_dedup_old_token_0108_merge/CCI4.0_code/en__CCI4.0_code__2025103000/,/user/zhangyixuan/data/minicpm5/minicpm5_tokenizer.128k.dedup_link_all/CCI4.0_code,,0.285000000,3,4.67,0.000162492,0.295000000,1,1.56,0.000032842,0.300000000,1,1.56,0.000033398,0.350000000,1,1.556,0.000046795,0.3,1,1.556,0.000040110,0.250000000,1,1.556,0.000033425,None,否,,1.283168697360067,1.4128413271081854,1.47442989891302,,0.287879945378468,0.287879945378468
CCI4.0_zh_cc,,中文 CC,pretrain,3.89319444853e+11,389.319445,obs://mb-datasets/sst_dedup_0104_merge/CCI4.0_zh_cc/zh__CCI4.0_zh_cc__2025112200/,obs://mb-datasets/sst_dedup_old_token_0108_merge/CCI4.0_zh_cc/zh__CCI4.0_zh_cc__2025112200/,/user/zhangyixuan/data/minicpm5/minicpm5_tokenizer.128k.dedup_link_all/CCI4.0_zh_cc,,0.006000000,1,389.32,0.001746014,0.000000000,1e-05,0.00,0.000000000,0.000000000,1e-05,0.00,0.000000000,0.000000000,1,389.319,0.000000000,0,1,389.319,0.000000000,0.000000000,1,389.319,0.000000000,None,否,,0.05510904529356482,0.05510904529356482,0.05510904529356482,,0.009184840882260804,0.009184840882260804
cw_zh,,中文 CC,pretrain,2.585613077e+10,25.856131,obs://mb-datasets/sst_dedup_0104_merge/cw_zh/cw_zh__2025112200/,obs://mb-datasets/sst_dedup_old_token_0108_merge/cw_zh/cw_zh__2025112200/,/user/zhangyixuan/data/minicpm5/minicpm5_tokenizer.128k.dedup_link_all/cw_zh,,0.006000000,1,25.86,0.000115959,0.000000000,1e-05,0.00,0.000000000,0.000000000,1e-05,0.00,0.000000000,0.000000000,1,25.856,0.000000000,0,1,25.856,0.000000000,0.000000000,1,25.856,0.000000000,None,否,,0.055109045293564814,0.055109045293564814,0.055109045293564814,,0.009184840882260802,0.009184840882260802
fineweb2_zh,,中文 CC,pretrain,3.87462580727e+11,387.462581,obs://mb-datasets/sst_dedup_0104_merge/fineweb2_zh/fineweb2_zh__2025112200/,obs://mb-datasets/sst_dedup_old_token_0108_merge/fineweb2_zh/fineweb2_zh__2025112200/,/user/zhangyixuan/data/minicpm5/minicpm5_tokenizer.128k.dedup_link_all/fineweb2_zh,,0.006000000,0.5,193.73,0.000868843,0.000000000,1e-05,0.00,0.000000000,0.000000000,1e-05,0.00,0.000000000,0.000000000,0.5,193.731,0.000000000,0,0.5,193.731,0.000000000,0.000000000,0.5,193.731,0.000000000,None,否,,0.02755452264678241,0.02755452264678241,0.02755452264678241,,0.004592420441130402,0.004592420441130402
zwjcylk_wxb,,中文 CC,pretrain,5.1196118181e+10,51.196118,obs://mb-datasets/sst_dedup_0104_merge/zwjcylk_wxb/zh__zwjcylk_wxb__2025112200/,obs://mb-datasets/sst_dedup_old_token_0108_merge/zwjcylk_wxb/zh__zwjcylk_wxb__2025112200/,/user/zhangyixuan/data/minicpm5/minicpm5_tokenizer.128k.dedup_link_all/zwjcylk_wxb,,0.006000000,1,51.20,0.000229604,0.000000000,1e-05,0.00,0.000000000,0.000000000,1e-05,0.00,0.000000000,0.000000000,1,51.196,0.000000000,0,1,51.196,0.000000000,0.000000000,1,51.196,0.000000000,None,否,,0.05510904529356482,0.05510904529356482,0.05510904529356482,,0.009184840882260802,0.009184840882260802
mlfoundations_dclm-baseline-1.0,,英文 CC,pretrain,5.77684787421e+11,577.684787,obs://mb-datasets/sst_dedup_0104_merge/mlfoundations_dclm-baseline-1.0/en__mlfoundations_dclm-baseline-1.0__2025112200/,obs://mb-datasets/sst_dedup_old_token_0108_merge/mlfoundations_dclm-baseline-1.0/en__mlfoundations_dclm-baseline-1.0__2025112200/,/user/zhangyixuan/data/minicpm5/minicpm5_tokenizer.128k.dedup_link_all/mlfoundations_dclm-baseline-1.0,,0.006000000,1,577.68,0.001059759,0.000000000,1e-05,0.01,0.000000000,0.000000000,1e-05,0.01,0.000000000,0.000000000,1,577.685,0.000000000,0,1,577.685,0.000000000,0.000000000,1,577.685,0.000000000,None,否,,0.02254224955905703,0.02254224955905703,0.02254224955905703,,0.0037570415931761714,0.0037570415931761714
nemotron-medium,,英文 CC,pretrain,1.736338221739e+12,1736.338222,obs://mb-datasets/sst_dedup_0104_merge/nemotron-medium/en__nemotron-medium__2025112200/,obs://mb-datasets/sst_dedup_old_token_0108_merge/nemotron-medium/en__nemotron-medium__2025112200/,/user/zhangyixuan/data/minicpm5/minicpm5_tokenizer.128k.dedup_link_all/nemotron-medium,,0.006000000,0.5,868.17,0.001592650,0.000000000,1e-05,0.02,0.000000000,0.000000000,1e-05,0.02,0.000000000,0.000000000,0.5,868.169,0.000000000,0,0.5,868.169,0.000000000,0.000000000,0.5,868.169,0.000000000,None,否,,0.011271124779528515,0.011271124779528515,0.011271124779528515,,0.001878520796588086,0.001878520796588086
nemotron-medium-high,,英文 CC,pretrain,4.33967260409e+11,433.967260,obs://mb-datasets/sst_dedup_0104_merge/nemotron-medium-high/en__nemotron-medium-high__2025112200/,obs://mb-datasets/sst_dedup_old_token_0108_merge/nemotron-medium-high/en__nemotron-medium-high__2025112200/,/user/zhangyixuan/data/minicpm5/minicpm5_tokenizer.128k.dedup_link_all/nemotron-medium-high,,0.006000000,1,433.97,0.000796110,0.000000000,1e-05,0.00,0.000000000,0.000000000,1e-05,0.00,0.000000000,0.000000000,1,433.967,0.000000000,0,1,433.967,0.000000000,0.000000000,1,433.967,0.000000000,None,否,,0.022542249559057027,0.022542249559057027,0.022542249559057027,,0.003757041593176172,0.003757041593176172
nvidia_Nemotron_CC-v2_Medium-High-Quality,,英文 CC,pretrain,4.18885236722e+11,418.885237,obs://mb-datasets/sst_dedup_0105_merge/nvidia_Nemotron_CC-v2_Medium-High-Quality/nvidia_Nemotron_CC-v2_Medium-High-Quality__2025112200/,obs://mb-datasets/sst_dedup_old_token_0108_merge/nvidia_Nemotron_CC-v2_Medium-High-Quality/nvidia_Nemotron_CC-v2_Medium-High-Quality__2025112200/,/user/zhangyixuan/data/minicpm5/minicpm5_tokenizer.128k.dedup_link_all/nvidia_Nemotron_CC-v2_Medium-High-Quality,,0.006000000,1,418.89,0.000768442,0.000000000,1e-05,0.00,0.000000000,0.000000000,1e-05,0.00,0.000000000,0.000000000,1,418.885,0.000000000,0,1,418.885,0.000000000,0.000000000,1,418.885,0.000000000,None,否,,0.022542249559057027,0.022542249559057027,0.022542249559057027,,0.0037570415931761714,0.0037570415931761714
nvidia_Nemotron_CC-v2_Medium-Quality,,英文 CC,pretrain,1.841577488626e+12,1841.577489,obs://mb-datasets/sst_dedup_0105_merge/nvidia_Nemotron_CC-v2_Medium-Quality/nvidia_Nemotron_CC-v2_Medium-Quality__2025112200/,obs://mb-datasets/sst_dedup_old_token_0108_merge/nvidia_Nemotron_CC-v2_Medium-Quality/nvidia_Nemotron_CC-v2_Medium-Quality__2025112200/,/user/zhangyixuan/data/minicpm5/minicpm5_tokenizer.128k.dedup_link_all/nvidia_Nemotron_CC-v2_Medium-Quality,,0.006000000,0.5,920.79,0.001689180,0.000000000,1e-05,0.02,0.000000000,0.000000000,1e-05,0.02,0.000000000,0.000000000,0.5,920.789,0.000000000,0,0.5,920.789,0.000000000,0.000000000,0.5,920.789,0.000000000,None,否,,0.011271124779528515,0.011271124779528515,0.011271124779528515,,0.0018785207965880857,0.0018785207965880857
Nemotron-CC-v2.1_Medium-High-Quality,,英文 CC,pretrain,1.6411240936e+10,16.411241,obs://mb-datasets/sst_dedup_0106_merge/Nemotron-CC-v2.1_Medium-High-Quality/Nemotron-CC-v2.1_Medium-High-Quality__20260109/,obs://mb-datasets/sst_dedup_old_token_0108_merge/Nemotron-CC-v2.1_Medium-High-Quality/Nemotron-CC-v2.1_Medium-High-Quality__20260109/,/user/zhangyixuan/data/minicpm5/minicpm5_tokenizer.128k.dedup_link_all/Nemotron-CC-v2.1_Medium-High-Quality,,0.006000000,1,16.41,0.000030106,0.000000000,1e-05,0.00,0.000000000,0.000000000,1e-05,0.00,0.000000000,0.000000000,1,16.411,0.000000000,0,1,16.411,0.000000000,0.000000000,1,16.411,0.000000000,None,否,,0.02254224955905703,0.02254224955905703,0.02254224955905703,,0.0037570415931761714,0.0037570415931761714
Nemotron-CC-v2.1_Medium-Quality,,英文 CC,pretrain,5.1907719357e+10,51.907719,obs://mb-datasets/sst_dedup_0106_merge/Nemotron-CC-v2.1_Medium-Quality/Nemotron-CC-v2.1_Medium-Quality__20260109/,obs://mb-datasets/sst_dedup_old_token_0108_merge/Nemotron-CC-v2.1_Medium-Quality/Nemotron-CC-v2.1_Medium-Quality__20260109/,/user/zhangyixuan/data/minicpm5/minicpm5_tokenizer.128k.dedup_link_all/Nemotron-CC-v2.1_Medium-Quality,,0.006000000,0.5,25.95,0.000047612,0.000000000,1e-05,0.00,0.000000000,0.000000000,1e-05,0.00,0.000000000,0.000000000,0.5,25.954,0.000000000,0,0.5,25.954,0.000000000,0.000000000,0.5,25.954,0.000000000,None,否,,0.011271124779528517,0.011271124779528517,0.011271124779528517,,0.001878520796588086,0.001878520796588086
chinese_fineweb_edu_v2,,中文精筛 CC,pretrain,1.11027060764e+11,111.027061,obs://mb-datasets/sst_dedup_0104_merge/chinese_fineweb_edu_v2/zh__chinese_fineweb_edu_v2__2025112200/,obs://mb-datasets/sst_dedup_old_token_0108_merge/chinese_fineweb_edu_v2/zh__chinese_fineweb_edu_v2__2025112200/,/user/zhangyixuan/data/minicpm5/minicpm5_tokenizer.128k.dedup_link_all/chinese_fineweb_edu_v2,,0.070000000,0.5,55.51,0.013670534,0.025000000,0.5,55.51,0.004882333,0.000000000,0.5,55.51,0.000000000,0.000000000,0.5,55.514,0.000000000,0,0.5,55.514,0.000000000,0.000000000,0.5,55.514,0.000000000,None,否,,1.5129961582281362,1.7831740436260177,1.7831740436260177,,0.3422253215039832,0.3422253215039832
chinesewebtext_pos_transformed,,中文精筛 CC,pretrain,6.020104492e+09,6.020104,obs://mb-datasets/sst_dedup_0104_merge/chinesewebtext_pos_transformed/zh__chinesewebtext_pos_transformed__2025112200/,obs://mb-datasets/sst_dedup_old_token_0108_merge/chinesewebtext_pos_transformed/zh__chinesewebtext_pos_transformed__2025112200/,/user/zhangyixuan/data/minicpm5/minicpm5_tokenizer.128k.dedup_link_all/chinesewebtext_pos_transformed,,0.070000000,0.5,3.01,0.000741243,0.025000000,0.5,3.01,0.000264730,0.000000000,0.5,3.01,0.000000000,0.000000000,0.5,3.010,0.000000000,0,0.5,3.010,0.000000000,0.000000000,0.5,3.010,0.000000000,None,否,,1.5129961582281362,1.7831740436260177,1.7831740436260177,,0.34222532150398316,0.34222532150398316
fineweb2_hq_zh,,中文精筛 CC,pretrain,3.5962169947e+10,35.962170,obs://mb-datasets/sst_dedup_0104_merge/fineweb2_hq_zh/fineweb2_hq_zh__2025112200/,obs://mb-datasets/sst_dedup_old_token_0108_merge/fineweb2_hq_zh/fineweb2_hq_zh__2025112200/,/user/zhangyixuan/data/minicpm5/minicpm5_tokenizer.128k.dedup_link_all/fineweb2_hq_zh,,0.070000000,0.2,7.19,0.001771179,0.025000000,0.2,7.19,0.000632564,0.000000000,0.2,7.19,0.000000000,0.000000000,0.2,7.192,0.000000000,0,0.2,7.192,0.000000000,0.000000000,0.2,7.192,0.000000000,None,否,,0.6051984632912546,0.7132696174504072,0.7132696174504072,,0.13689012860159328,0.13689012860159328
zh_hqdata_v3,,中文精筛 CC,pretrain,7.4139089683e+10,74.139090,obs://mb-datasets/sst_dedup_0104_merge/zh_hqdata_v3/zh__zh_hqdata_v3__2025112200/,obs://mb-datasets/sst_dedup_old_token_0108_merge/zh_hqdata_v3/zh__zh_hqdata_v3__2025112200/,/user/zhangyixuan/data/minicpm5/minicpm5_tokenizer.128k.dedup_link_all/zh_hqdata_v3,,0.070000000,1,74.14,0.018257187,0.025000000,1,74.14,0.006520424,0.000000000,1,74.14,0.000000000,0.000000000,1,74.139,0.000000000,0,1,74.139,0.000000000,0.000000000,1,74.139,0.000000000,None,否,,3.025992316456272,3.5663480872520346,3.5663480872520346,,0.6844506430079663,0.6844506430079663
cw_zh_score,,中文精筛 CC,pretrain,9.882040099e+09,9.882040,obs://mb-datasets/sst_dedup_0105_merge/cw_zh_score/cw_zh_score__2025112200/,obs://mb-datasets/sst_dedup_old_token_0108_merge/cw_zh_score/cw_zh_score__2025112200/,/user/zhangyixuan/data/minicpm5/minicpm5_tokenizer.128k.dedup_link_all/cw_zh_score,,0.070000000,1,9.88,0.002433511,0.025000000,1,9.88,0.000869111,0.000000000,1,9.88,0.000000000,0.000000000,1,9.882,0.000000000,0,1,9.882,0.000000000,0.000000000,1,9.882,0.000000000,None,否,,3.0259923164562723,3.5663480872520354,3.5663480872520354,,0.6844506430079663,0.6844506430079663
opendatalab_aicc_zh_score,,中文精筛 CC,pretrain,3.5922566077e+10,35.922566,obs://mb-datasets/sst_dedup_0105_merge/opendatalab_aicc_zh_score/opendatalab_aicc_zh_score_2025121200/,obs://mb-datasets/sst_dedup_old_token_0108_merge/opendatalab_aicc_zh_score/opendatalab_aicc_zh_score_2025121200/,/user/zhangyixuan/data/minicpm5/minicpm5_tokenizer.128k.dedup_link_all/opendatalab_aicc_zh_score,,0.070000000,1,35.92,0.008846143,0.025000000,1,35.92,0.003159337,0.000000000,1,35.92,0.000000000,0.000000000,1,35.923,0.000000000,0,1,35.923,0.000000000,0.000000000,1,35.923,0.000000000,None,否,,3.0259923164562723,3.5663480872520354,3.5663480872520354,,0.6844506430079663,0.6844506430079663
hplt_3_zh_score,,中文精筛 CC,pretrain,7.8326006936e+10,78.326007,obs://mb-datasets/sst_dedup_0105_merge/hplt_3_zh_score/hplt_3_zh_score_2025121200/,obs://mb-datasets/sst_dedup_old_token_0108_merge/hplt_3_zh_score/hplt_3_zh_score_2025121200/,/user/zhangyixuan/data/minicpm5/minicpm5_tokenizer.128k.dedup_link_all/hplt_3_zh_score,,0.070000000,1,78.33,0.019288240,0.025000000,1,78.33,0.006888657,0.000000000,1,78.33,0.000000000,0.000000000,1,78.326,0.000000000,0,1,78.326,0.000000000,0.000000000,1,78.326,0.000000000,None,否,,3.0259923164562728,3.566348087252035,3.566348087252035,,0.6844506430079663,0.6844506430079663
ClimbMix,,英文精筛 CC,pretrain,2.7747597e+11,277.475970,obs://mb-datasets/sst_dedup_0104_merge/ClimbMix/en__ClimbMix__2025112200/,obs://mb-datasets/sst_dedup_old_token_0108_merge/ClimbMix/en__ClimbMix__2025112200/,/user/zhangyixuan/data/minicpm5/minicpm5_tokenizer.128k.dedup_link_all/ClimbMix,,0.050000000,1,277.48,0.004793595,0.020000000,1,277.48,0.001917438,0.000000000,1,277.48,0.000000000,0.000000000,1,277.476,0.000000000,0,1,277.476,0.000000000,0.000000000,1,277.476,0.000000000,None,否,,0.21228395052139443,0.2547407406256733,0.2547407406256733,,0.049532921788325364,0.049532921788325364
EssentialAI_essential-web-v1.0_score,,英文精筛 CC,pretrain,1.06333411506e+11,106.333412,obs://mb-datasets/sst_dedup_0104_merge/EssentialAI_essential-web-v1.0_score/en__EssentialAI_essential-web-v1.0_score__2025112200/,obs://mb-datasets/sst_dedup_old_token_0108_merge/EssentialAI_essential-web-v1.0_score/en__EssentialAI_essential-web-v1.0_score__2025112200/,/user/zhangyixuan/data/minicpm5/minicpm5_tokenizer.128k.dedup_link_all/EssentialAI_essential-web-v1.0_score,,0.050000000,1,106.33,0.001836985,0.020000000,1,106.33,0.000734794,0.000000000,1,106.33,0.000000000,0.000000000,1,106.333,0.000000000,0,1,106.333,0.000000000,0.000000000,1,106.333,0.000000000,None,否,,0.21228395052139443,0.2547407406256733,0.2547407406256733,,0.049532921788325364,0.049532921788325364
mlfoundations_dclm-baseline-1.0_score,,英文精筛 CC,pretrain,1.24365174265e+11,124.365174,obs://mb-datasets/sst_dedup_0104_merge/mlfoundations_dclm-baseline-1.0_score/en__mlfoundations_dclm-baseline-1.0_score__2025112200/,obs://mb-datasets/sst_dedup_old_token_0108_merge/mlfoundations_dclm-baseline-1.0_score/en__mlfoundations_dclm-baseline-1.0_score__2025112200/,/user/zhangyixuan/data/minicpm5/minicpm5_tokenizer.128k.dedup_link_all/mlfoundations_dclm-baseline-1.0_score,,0.050000000,1,124.37,0.002148497,0.020000000,1,124.37,0.000859399,0.000000000,1,124.37,0.000000000,0.000000000,1,124.365,0.000000000,0,1,124.365,0.000000000,0.000000000,1,124.365,0.000000000,None,否,,0.21228395052139443,0.2547407406256733,0.2547407406256733,,0.04953292178832537,0.04953292178832537
Nemotron_quality_high_kind_actual_kind2_actual,,英文精筛 CC,pretrain,3.7907553987e+11,379.075540,obs://mb-datasets/sst_dedup_0104_merge/Nemotron_quality_high_kind_actual_kind2_actual/en__Nemotron_quality_high_kind_actual_kind2_actual__2025112200/,obs://mb-datasets/sst_dedup_old_token_0108_merge/Nemotron_quality_high_kind_actual_kind2_actual/en__Nemotron_quality_high_kind_actual_kind2_actual__2025112200/,/user/zhangyixuan/data/minicpm5/minicpm5_tokenizer.128k.dedup_link_all/Nemotron_quality_high_kind_actual_kind2_actual,,0.050000000,1.5,568.61,0.009823200,0.020000000,1.5,568.61,0.003929280,0.000000000,1.5,568.61,0.000000000,0.000000000,1.5,568.613,0.000000000,0,1.5,568.613,0.000000000,0.000000000,1.5,568.613,0.000000000,None,否,,0.3184259257820916,0.3821111109385099,0.3821111109385099,,0.07429938268248805,0.07429938268248805
ultra_fineweb_en,,英文精筛 CC,pretrain,4.56910892533e+11,456.910893,obs://mb-datasets/sst_dedup_0104_merge/ultra_fineweb_en/en__ultra_fineweb_en__2025112200/,obs://mb-datasets/sst_dedup_old_token_0108_merge/ultra_fineweb_en/en__ultra_fineweb_en__2025112200/,/user/zhangyixuan/data/minicpm5/minicpm5_tokenizer.128k.dedup_link_all/ultra_fineweb_en,,0.050000000,1,456.91,0.007893461,0.020000000,1,456.91,0.003157384,0.000000000,1,456.91,0.000000000,0.000000000,1,456.911,0.000000000,0,1,456.911,0.000000000,0.000000000,1,456.911,0.000000000,None,否,,0.21228395052139445,0.2547407406256733,0.2547407406256733,,0.04953292178832537,0.04953292178832537
cw_en_score,,英文精筛 CC,pretrain,6.787295214e+09,6.787295,obs://mb-datasets/sst_dedup_0105_merge/cw_en_score/cw_en_score__2025112200/,obs://mb-datasets/sst_dedup_old_token_0108_merge/cw_en_score/cw_en_score__2025112200/,/user/zhangyixuan/data/minicpm5/minicpm5_tokenizer.128k.dedup_link_all/cw_en_score,,0.050000000,1,6.79,0.000117255,0.020000000,1,6.79,0.000046902,0.000000000,1,6.79,0.000000000,0.000000000,1,6.787,0.000000000,0,1,6.787,0.000000000,0.000000000,1,6.787,0.000000000,None,否,,0.21228395052139443,0.2547407406256733,0.2547407406256733,,0.049532921788325364,0.049532921788325364
ultra-redpajama-pro,,英文精筛 CC,pretrain,6.468396193e+09,6.468396,obs://mb-datasets/sst_dedup_0105_merge/ultra-redpajama-pro/ultra-redpajama-pro__20251201/,obs://mb-datasets/sst_dedup_old_token_0108_merge/ultra-redpajama-pro/ultra-redpajama-pro__20251201/,/user/zhangyixuan/data/minicpm5/minicpm5_tokenizer.128k.dedup_link_all/ultra-redpajama-pro,,0.050000000,2,12.94,0.000223492,0.020000000,2,12.94,0.000089397,0.000000000,2,12.94,0.000000000,0.000000000,2,12.937,0.000000000,0,2,12.937,0.000000000,0.000000000,2,12.937,0.000000000,None,否,,0.4245679010427889,0.5094814812513466,0.5094814812513466,,0.09906584357665074,0.09906584357665074
ultra-c4-pro,,英文精筛 CC,pretrain,1.4199529204e+10,14.199529,obs://mb-datasets/sst_dedup_0105_merge/ultra-c4-pro/ultra-c4-pro__20251201/,obs://mb-datasets/sst_dedup_old_token_0108_merge/ultra-c4-pro/ultra-c4-pro__20251201/,/user/zhangyixuan/data/minicpm5/minicpm5_tokenizer.128k.dedup_link_all/ultra-c4-pro,,0.050000000,2,28.40,0.000490614,0.020000000,2,28.40,0.000196246,0.000000000,2,28.40,0.000000000,0.000000000,2,28.399,0.000000000,0,2,28.399,0.000000000,0.000000000,2,28.399,0.000000000,None,否,,0.42456790104278885,0.5094814812513466,0.5094814812513466,,0.09906584357665073,0.09906584357665073
ultra-fineweb-pro,,英文精筛 CC,pretrain,1.9001492529e+10,19.001493,obs://mb-datasets/sst_dedup_0105_merge/ultra-fineweb-pro/ultra-fineweb-pro__20251201/,obs://mb-datasets/sst_dedup_old_token_0108_merge/ultra-fineweb-pro/ultra-fineweb-pro__20251201/,/user/zhangyixuan/data/minicpm5/minicpm5_tokenizer.128k.dedup_link_all/ultra-fineweb-pro,,0.050000000,2,38.00,0.000656529,0.020000000,2,38.00,0.000262611,0.000000000,2,38.00,0.000000000,0.000000000,2,38.003,0.000000000,0,2,38.003,0.000000000,0.000000000,2,38.003,0.000000000,None,否,,0.42456790104278885,0.5094814812513466,0.5094814812513466,,0.09906584357665073,0.09906584357665073
opendatalab_aicc_en_score,,英文精筛 CC,pretrain,7.3801644397e+10,73.801644,obs://mb-datasets/sst_dedup_0105_merge/opendatalab_aicc_en_score/opendatalab_aicc_en_score_2025121200/,obs://mb-datasets/sst_dedup_old_token_0108_merge/opendatalab_aicc_en_score/opendatalab_aicc_en_score_2025121200/,/user/zhangyixuan/data/minicpm5/minicpm5_tokenizer.128k.dedup_link_all/opendatalab_aicc_en_score,,0.050000000,1,73.80,0.001274976,0.020000000,1,73.80,0.000509990,0.000000000,1,73.80,0.000000000,0.000000000,0,0.000,0.000000000,0,0,0.000,0.000000000,0.000000000,0,0.000,0.000000000,None,否,,0.21228395052139445,0.25474074062567337,0.25474074062567337,,0.04953292178832537,0.04953292178832537
nvidia_Nemotron_CC-v2_High-Quality,,英文精筛 CC,pretrain,4.73593338219e+11,473.593338,obs://mb-datasets/sst_dedup_0105_merge/nvidia_Nemotron_CC-v2_High-Quality/nvidia_Nemotron_CC-v2_High-Quality__2025112200/,obs://mb-datasets/sst_dedup_old_token_0108_merge/nvidia_Nemotron_CC-v2_High-Quality/nvidia_Nemotron_CC-v2_High-Quality__2025112200/,/user/zhangyixuan/data/minicpm5/minicpm5_tokenizer.128k.dedup_link_all/nvidia_Nemotron_CC-v2_High-Quality,,0.050000000,1.5,710.39,0.012272493,0.020000000,1.5,710.39,0.004908997,0.000000000,1.5,710.39,0.000000000,0.000000000,1.5,710.390,0.000000000,0,1.5,710.390,0.000000000,0.000000000,1.5,710.390,0.000000000,None,否,,0.3184259257820916,0.3821111109385099,0.3821111109385099,,0.07429938268248804,0.07429938268248804
hplt_3_en_score,,英文精筛 CC,pretrain,4.52357189521e+11,452.357190,obs://mb-datasets/sst_dedup_0105_merge/hplt_3_en_score/hplt_3_en_score_2025121200/,obs://mb-datasets/sst_dedup_old_token_0108_merge/hplt_3_en_score/hplt_3_en_score_2025121200/,/user/zhangyixuan/data/minicpm5/minicpm5_tokenizer.128k.dedup_link_all/hplt_3_en_score,,0.050000000,1,452.36,0.007814793,0.020000000,1,452.36,0.003125917,0.000000000,1,452.36,0.000000000,0.000000000,1,452.357,0.000000000,0,1,452.357,0.000000000,0.000000000,1,452.357,0.000000000,None,否,,0.21228395052139443,0.2547407406256733,0.2547407406256733,,0.049532921788325364,0.049532921788325364
Nemotron-CC-v2.1_HQ,,英文精筛 CC,pretrain,2.52419784e+10,25.241978,obs://mb-datasets/sst_dedup_0106_merge/Nemotron-CC-v2.1_HQ/Nemotron-CC-v2.1_HQ__20260109/,obs://mb-datasets/sst_dedup_old_token_0108_merge/Nemotron-CC-v2.1_HQ/Nemotron-CC-v2.1_HQ__20260109/,/user/zhangyixuan/data/minicpm5/minicpm5_tokenizer.128k.dedup_link_all/Nemotron-CC-v2.1_HQ,,0.050000000,1.5,37.86,0.000654110,0.020000000,1.5,37.86,0.000261644,0.000000000,1.5,37.86,0.000000000,0.000000000,1.5,37.863,0.000000000,0,1.5,37.863,0.000000000,0.000000000,1.5,37.863,0.000000000,None,否,,0.31842592578209167,0.38211111093851,0.38211111093851,,0.07429938268248806,0.07429938268248806
zh_hqdata_v3_high_quality_synthetic_knowledge_list,,中文预训练合成,pretrain,5.32273189e+09,5.322732,obs://mb-datasets/sst_dedup_0106_merge/zh_hqdata_v3_high_quality_synthetic_knowledge_list/zh_hqdata_v3_high_quality_synthetic_knowledge_list__20260107/,obs://mb-datasets/sst_dedup_0108_merge/zh_hqdata_v3_high_quality_synthetic_knowledge_list/zh_hqdata_v3_high_quality_synthetic_knowledge_list__20260107/,/user/zhangyixuan/data/minicpm5/minicpm5_tokenizer.128k.dedup_link_all/zh_hqdata_v3_high_quality_synthetic_knowledge_list,,0.080000000,0.1,0.53,0.000167859,0.140000000,0.1,0.53,0.000293753,0.165000000,0.1,0.53,0.000346208,0.160000000,0.1,0.532,0.000432381,0.11,0.1,0.532,0.000230806,0.100000000,1,5.323,0.001719097,None,否,,0.38751647245695486,0.7265933858567903,0.8929582824026066,,0.260794164815679,0.260794164815679
zh_hqdata_v3_high_quality_synthetic_wikipedia_paraphrasing,,中文预训练合成,pretrain,1.3333545911e+10,13.333546,obs://mb-datasets/sst_dedup_0106_merge/zh_hqdata_v3_high_quality_synthetic_wikipedia_paraphrasing/zh_hqdata_v3_high_quality_synthetic_wikipedia_paraphrasing__20260107/,obs://mb-datasets/sst_dedup_0108_merge/zh_hqdata_v3_high_quality_synthetic_wikipedia_paraphrasing/zh_hqdata_v3_high_quality_synthetic_wikipedia_paraphrasing__20260107/,/user/zhangyixuan/data/minicpm5/minicpm5_tokenizer.128k.dedup_link_all/zh_hqdata_v3_high_quality_synthetic_wikipedia_paraphrasing,,0.080000000,1,13.33,0.004204890,0.140000000,1,13.33,0.007358557,0.165000000,1,13.33,0.008672585,0.160000000,1,13.334,0.010831221,0.11,1,13.334,0.005781724,0.100000000,1,13.334,0.004306370,None,否,,3.875164724569548,7.265933858567903,8.929582824026065,,2.6079416481567907,1
zh_hqdata_v3_high_quality_synthetic_distill,,中文预训练合成,pretrain,7.983420437e+09,7.983420,obs://mb-datasets/sst_dedup_0106_merge/zh_hqdata_v3_high_quality_synthetic_distill/zh_hqdata_v3_high_quality_synthetic_distill__20260105/,obs://mb-datasets/sst_dedup_0108_merge/zh_hqdata_v3_high_quality_synthetic_distill/zh_hqdata_v3_high_quality_synthetic_distill__20260105/,/user/zhangyixuan/data/minicpm5/minicpm5_tokenizer.128k.dedup_link_all/zh_hqdata_v3_high_quality_synthetic_distill,,0.080000000,1,7.98,0.002517665,0.140000000,1,7.98,0.004405914,0.165000000,1,7.98,0.005192684,0.160000000,1,7.983,0.006485161,0.11,1,7.983,0.003461790,0.100000000,1,7.983,0.002578426,None,否,,3.8751647245695486,7.265933858567903,8.929582824026065,,2.60794164815679,1
zh_hqdata_v3_high_quality_synthetic_extract_knowledge,,中文预训练合成,pretrain,1.015874672e+10,10.158747,obs://mb-datasets/sst_dedup_0106_merge/zh_hqdata_v3_high_quality_synthetic_extract_knowledge/zh_hqdata_v3_high_quality_synthetic_extract_knowledge__20260105/,obs://mb-datasets/sst_dedup_0108_merge/zh_hqdata_v3_high_quality_synthetic_extract_knowledge/zh_hqdata_v3_high_quality_synthetic_extract_knowledge__20260105/,/user/zhangyixuan/data/minicpm5/minicpm5_tokenizer.128k.dedup_link_all/zh_hqdata_v3_high_quality_synthetic_extract_knowledge,,0.080000000,1,10.16,0.003203680,0.140000000,1,10.16,0.005606440,0.165000000,1,10.16,0.006607590,0.160000000,1,10.159,0.008252240,0.11,1,10.159,0.004405060,0.100000000,1,10.159,0.003280997,None,否,,3.875164724569548,7.265933858567904,8.929582824026065,,2.6079416481567903,1
zh_hqdata_v3_high_quality_synthetic_diverse_qa,,中文预训练合成,pretrain,2.0165688154e+10,20.165688,obs://mb-datasets/sst_dedup_0106_merge/zh_hqdata_v3_high_quality_synthetic_diverse_qa/zh_hqdata_v3_high_quality_synthetic_diverse_qa__20251230/,obs://mb-datasets/sst_dedup_0108_merge/zh_hqdata_v3_high_quality_synthetic_diverse_qa/zh_hqdata_v3_high_quality_synthetic_diverse_qa__20251230/,/user/zhangyixuan/data/minicpm5/minicpm5_tokenizer.128k.dedup_link_all/zh_hqdata_v3_high_quality_synthetic_diverse_qa,,0.080000000,1,20.17,0.006359486,0.140000000,1,20.17,0.011129100,0.165000000,1,20.17,0.013116440,0.160000000,1,20.166,0.016381165,0.11,1,20.166,0.008744293,0.100000000,1,20.166,0.006512965,None,否,,3.875164724569548,7.2659338585679025,8.929582824026063,,2.6079416481567903,1
nvidia_Nemotron_CC-v2_Diverse-QA,,英文预训练合成,pretrain,6.08099261456e+11,608.099261,obs://mb-datasets/sst_dedup_0104_merge/nvidia_Nemotron_CC-v2_Diverse-QA/,obs://mb-datasets/sst_dedup_old_token_0108_merge/nvidia_Nemotron_CC-v2_Diverse-QA/,/user/zhangyixuan/data/minicpm5/minicpm5_tokenizer.128k.dedup_link_all/nvidia_Nemotron_CC-v2_Diverse-QA,,0.200000000,1,608.10,0.011606640,0.210000000,1,608.10,0.012186972,0.230000000,1,608.10,0.012759141,0.160000000,1,608.099,0.007272118,0.11,1,608.099,0.004999581,0.100000000,1,608.099,0.004712298,None,否,,0.23453800496607827,0.3576704575732694,0.3821620138202175,,0.09237959648688415,0.09237959648688415
nvidia_Nemotron_CC-v2_High-Quality-Synthetic,,英文预训练合成,pretrain,1.023841425417e+12,1023.841425,obs://mb-datasets/sst_dedup_0104_merge/nvidia_Nemotron_CC-v2_High-Quality-Synthetic/,obs://mb-datasets/sst_dedup_old_token_0108_merge/nvidia_Nemotron_CC-v2_High-Quality-Synthetic/,/user/zhangyixuan/data/minicpm5/minicpm5_tokenizer.128k.dedup_link_all/nvidia_Nemotron_CC-v2_High-Quality-Synthetic,,0.200000000,1,1023.84,0.019541807,0.210000000,1,1023.84,0.020518897,0.230000000,1,1023.84,0.021482244,0.160000000,1,1023.841,0.012243882,0.11,1,1023.841,0.008417669,0.100000000,1,1023.841,0.007933978,None,否,,0.23453800496607827,0.3576704575732694,0.38216201382021747,,0.09237959648688415,0.09237959648688415
Nemotron-Pretraining-InfiniByte-Reasoning,,英文预训练合成,pretrain,1.9278083872e+10,19.278084,obs://mb-datasets/sst_dedup_0105_merge/Nemotron-Pretraining-InfiniByte-Reasoning/Nemotron-Pretraining-InfiniByte-Reasoning__20251219/,obs://mb-datasets/sst_dedup_old_token_0108_merge/Nemotron-Pretraining-InfiniByte-Reasoning/Nemotron-Pretraining-InfiniByte-Reasoning__20251219/,/user/zhangyixuan/data/minicpm5/minicpm5_tokenizer.128k.dedup_link_all/Nemotron-Pretraining-InfiniByte-Reasoning,,0.200000000,1,19.28,0.000367956,0.210000000,1,19.28,0.000386354,0.230000000,1,19.28,0.000404493,0.160000000,1,19.278,0.000230542,0.11,1,19.278,0.000158498,0.100000000,1,19.278,0.000149390,None,否,,0.23453800496607827,0.3576704575732693,0.38216201382021747,,0.09237959648688414,0.09237959648688414
Nemotron-Pretraining-RQA,,英文预训练合成,pretrain,1.31240921661e+11,131.240922,obs://mb-datasets/sst_dedup_0105_merge/Nemotron-Pretraining-RQA/Nemotron-Pretraining-RQA__20251219/,obs://mb-datasets/sst_dedup_old_token_0108_merge/Nemotron-Pretraining-RQA/Nemotron-Pretraining-RQA__20251219/,/user/zhangyixuan/data/minicpm5/minicpm5_tokenizer.128k.dedup_link_all/Nemotron-Pretraining-RQA,,0.200000000,1,131.24,0.002504963,0.210000000,1,131.24,0.002630211,0.230000000,1,131.24,0.002753697,0.160000000,1,131.241,0.001569480,0.11,1,131.241,0.001079017,0.100000000,1,131.241,0.001017015,None,否,,0.2345380049660783,0.3576704575732694,0.3821620138202175,,0.09237959648688415,0.09237959648688415
Nemotron-CC-v2.1_HQ-DQA,,英文预训练合成,pretrain,7.557722056e+09,7.557722,obs://mb-datasets/sst_dedup_0106_merge/Nemotron-CC-v2.1_HQ-DQA/Nemotron-CC-v2.1_HQ-DQA__20260109/,obs://mb-datasets/sst_dedup_old_token_0108_merge/Nemotron-CC-v2.1_HQ-DQA/Nemotron-CC-v2.1_HQ-DQA__20260109/,/user/zhangyixuan/data/minicpm5/minicpm5_tokenizer.128k.dedup_link_all/Nemotron-CC-v2.1_HQ-DQA,,0.200000000,1,7.56,0.000144252,0.210000000,1,7.56,0.000151465,0.230000000,1,7.56,0.000158576,0.160000000,1,7.558,0.000090381,0.11,1,7.558,0.000062137,0.100000000,1,7.558,0.000058566,None,否,,0.23453800496607827,0.3576704575732694,0.3821620138202175,,0.09237959648688417,0.09237959648688417
Nemotron-CC-v2.1_HQ-Synthetic,,英文预训练合成,pretrain,9.0729646402e+10,90.729646,obs://mb-datasets/sst_dedup_0106_merge/Nemotron-CC-v2.1_HQ-Synthetic/Nemotron-CC-v2.1_HQ-Synthetic__20260109/,obs://mb-datasets/sst_dedup_old_token_0108_merge/Nemotron-CC-v2.1_HQ-Synthetic/Nemotron-CC-v2.1_HQ-Synthetic__20260109/,/user/zhangyixuan/data/minicpm5/minicpm5_tokenizer.128k.dedup_link_all/Nemotron-CC-v2.1_HQ-Synthetic,,0.200000000,1,90.73,0.001731734,0.210000000,1,90.73,0.001818321,0.230000000,1,90.73,0.001903690,0.160000000,1,90.730,0.001085015,0.11,1,90.730,0.000745948,0.100000000,1,90.730,0.000703084,None,否,,0.23453800496607827,0.3576704575732693,0.38216201382021747,,0.09237959648688414,0.09237959648688414
Nemotron-CC-v2.1_HQ-Translated-To-English-Synthetic,,英文预训练合成,pretrain,1.52367138396e+11,152.367138,obs://mb-datasets/sst_dedup_0106_merge/Nemotron-CC-v2.1_HQ-Translated-To-English-Synthetic/Nemotron-CC-v2.1_HQ-Translated-To-English-Synthetic__20260109/,obs://mb-datasets/sst_dedup_old_token_0108_merge/Nemotron-CC-v2.1_HQ-Translated-To-English-Synthetic/Nemotron-CC-v2.1_HQ-Translated-To-English-Synthetic__20260109/,/user/zhangyixuan/data/minicpm5/minicpm5_tokenizer.128k.dedup_link_all/Nemotron-CC-v2.1_HQ-Translated-To-English-Synthetic,,0.200000000,1,152.37,0.002908194,0.210000000,1,152.37,0.003053603,0.230000000,1,152.37,0.003196968,0.160000000,1,152.367,0.001822123,0.11,1,152.367,0.001252710,0.100000000,1,152.367,0.001180727,None,否,,0.23453800496607827,0.3576704575732693,0.38216201382021747,,0.09237959648688415,0.09237959648688415
Nemotron-CC-v2.1_HQ-Translated-To-English,,英文预训练合成,pretrain,3.8733274237e+10,38.733274,obs://mb-datasets/sst_dedup_0106_merge/Nemotron-CC-v2.1_HQ-Translated-To-English/Nemotron-CC-v2.1_HQ-Translated-To-English__20260109/,obs://mb-datasets/sst_dedup_old_token_0108_merge/Nemotron-CC-v2.1_HQ-Translated-To-English/Nemotron-CC-v2.1_HQ-Translated-To-English__20260109/,/user/zhangyixuan/data/minicpm5/minicpm5_tokenizer.128k.dedup_link_all/Nemotron-CC-v2.1_HQ-Translated-To-English,,0.200000000,1,38.73,0.000739292,0.210000000,1,38.73,0.000776257,0.230000000,1,38.73,0.000812702,0.160000000,1,38.733,0.000463202,0.11,1,38.733,0.000318452,0.100000000,1,38.733,0.000300153,None,否,,0.23453800496607827,0.3576704575732694,0.3821620138202175,,0.09237959648688415,0.09237959648688415
Nemotron-CC-v2.1_Medium-High-Quality-Synthetic,,英文预训练合成,pretrain,2.054345816383e+12,2054.345816,obs://mb-datasets/sst_dedup_0106_merge/Nemotron-CC-v2.1_Medium-High-Quality-Synthetic/Nemotron-CC-v2.1_Medium-High-Quality-Synthetic__20260109/,obs://mb-datasets/sst_dedup_old_token_0108_merge/Nemotron-CC-v2.1_Medium-High-Quality-Synthetic/Nemotron-CC-v2.1_Medium-High-Quality-Synthetic__20260109/,/user/zhangyixuan/data/minicpm5/minicpm5_tokenizer.128k.dedup_link_all/Nemotron-CC-v2.1_Medium-High-Quality-Synthetic,,0.200000000,1,2054.35,0.039210789,0.210000000,1,2054.35,0.041171328,0.230000000,1,2054.35,0.043104291,0.160000000,1,2054.346,0.024567444,0.11,1,2054.346,0.016890118,0.100000000,1,2054.346,0.015919589,None,否,,0.2345380049660783,0.3576704575732694,0.38216201382021747,,0.09237959648688415,0.09237959648688415
Nemotron-CC-v2.1_Medium-High-Quality-Translated-To-English,,英文预训练合成,pretrain,2.6099849086e+10,26.099849,obs://mb-datasets/sst_dedup_0106_merge/Nemotron-CC-v2.1_Medium-High-Quality-Translated-To-English/Nemotron-CC-v2.1_Medium-High-Quality-Translated-To-English__20260109/,obs://mb-datasets/sst_dedup_old_token_0108_merge/Nemotron-CC-v2.1_Medium-High-Quality-Translated-To-English/Nemotron-CC-v2.1_Medium-High-Quality-Translated-To-English__20260109/,/user/zhangyixuan/data/minicpm5/minicpm5_tokenizer.128k.dedup_link_all/Nemotron-CC-v2.1_Medium-High-Quality-Translated-To-English,,0.200000000,1,26.10,0.000498161,0.210000000,1,26.10,0.000523069,0.230000000,1,26.10,0.000547627,0.160000000,1,26.100,0.000312122,0.11,1,26.100,0.000214584,0.100000000,1,26.100,0.000202254,None,否,,0.2345380049660783,0.3576704575732693,0.38216201382021747,,0.09237959648688414,0.09237959648688414
nvidia_Nemotron_CC-v2_Translated-Diverse-QA,,英文预训练合成,pretrain,6.49101103642e+11,649.101104,obs://mb-datasets/sst_dedup_0106_merge/nvidia_Nemotron_CC-v2_Translated-Diverse-QA/,obs://mb-datasets/sst_dedup_0108_merge/nvidia_Nemotron_CC-v2_Translated-Diverse-QA/,/user/zhangyixuan/data/minicpm5/minicpm5_tokenizer.128k.dedup_link_all/nvidia_Nemotron_CC-v2_Translated-Diverse-QA,,0.200000000,1,649.10,0.012389232,0.210000000,1,649.10,0.013008693,0.230000000,1,649.10,0.013619442,0.160000000,1,649.101,0.007762449,0.11,1,649.101,0.005336684,0.100000000,1,649.101,0.005030031,None,否,,0.2345380049660783,0.3576704575732694,0.3821620138202175,,0.09237959648688415,0.09237959648688415
Math_General_4p_merge,,数学 CC,pretrain,1.3968095318e+10,13.968095,obs://mb-datasets/sst_dedup_0104_merge/Math_General_4p_merge/,obs://mb-datasets/sst_dedup_old_token_0108_merge/Math_General_4p_merge/,/user/zhangyixuan/data/minicpm5/minicpm5_tokenizer.128k.dedup_link_all/Math_General_4p_merge,,0.075000000,1,13.97,0.001604370,0.095000000,1,13.97,0.000759703,0.145000000,1,13.97,0.001159546,0.150000000,1,13.968,0.001199531,0.11,1,13.968,0.000879656,0.100000000,1,13.968,0.000799687,finemath-4plus ｜ infiwebmath-4plus ｜ megamath_web_pro,否,,1.4113952165080925,1.7455577751315898,1.9214328059860621,,0.43455757105308396,0.43455757105308396
finemath_4plus_gen_mind_8_role_all,,数学 CC,pretrain,1.48221958764e+11,148.221959,obs://mb-datasets/sst_dedup_0104_merge/finemath_4plus_gen_mind_8_role_all/en__finemath_4plus_gen_mind_8_role_all__2025082500/,obs://mb-datasets/sst_dedup_old_token_0108_merge/finemath_4plus_gen_mind_8_role_all/en__finemath_4plus_gen_mind_8_role_all__2025082500/,/user/zhangyixuan/data/minicpm5/minicpm5_tokenizer.128k.dedup_link_all/finemath_4plus_gen_mind_8_role_all,,0.075000000,1,148.22,0.017024720,0.095000000,1,148.22,0.008061561,0.145000000,1,148.22,0.012304487,0.150000000,1,148.222,0.012728780,0.11,1,148.222,0.009334439,0.100000000,1,148.222,0.008485853,None,否,,1.4113952165080925,1.74555777513159,1.9214328059860621,,0.4345575710530839,0.4345575710530839
megamath_text_code_block,,数学 CC,pretrain,1.5802727241e+10,15.802727,obs://mb-datasets/sst_dedup_0104_merge/megamath_text_code_block/en__megamath_text_code_block__2025102400/,obs://mb-datasets/sst_dedup_old_token_0108_merge/megamath_text_code_block/en__megamath_text_code_block__2025102400/,/user/zhangyixuan/data/minicpm5/minicpm5_tokenizer.128k.dedup_link_all/megamath_text_code_block,,0.075000000,1,15.80,0.001815096,0.095000000,1,15.80,0.000859486,0.145000000,1,15.80,0.001311847,0.150000000,1,15.803,0.001357083,0.11,1,15.803,0.000995194,0.100000000,1,15.803,0.000904722,None,否,,1.4113952165080925,1.7455577751315898,1.9214328059860621,,0.43455757105308396,0.43455757105308396
megamath_translated_code,,数学 CC,pretrain,5.060176508e+09,5.060177,obs://mb-datasets/sst_dedup_0104_merge/megamath_translated_code/en__megamath_translated_code__2025102400/,obs://mb-datasets/sst_dedup_old_token_0108_merge/megamath_translated_code/en__megamath_translated_code__2025102400/,/user/zhangyixuan/data/minicpm5/minicpm5_tokenizer.128k.dedup_link_all/megamath_translated_code,,0.075000000,1,5.06,0.000581210,0.095000000,1,5.06,0.000275215,0.145000000,1,5.06,0.000420065,0.150000000,1,5.060,0.000434550,0.11,1,5.060,0.000318670,0.100000000,1,5.060,0.000289700,None,否,,1.4113952165080927,1.7455577751315903,1.9214328059860626,,0.43455757105308396,0.43455757105308396
nvidia_Nemotron-CC-Math-v1_new_3,,数学 CC,pretrain,7.3689464499e+10,73.689464,obs://mb-datasets/sst_dedup_0104_merge/nvidia_Nemotron-CC-Math-v1_new_3/,obs://mb-datasets/sst_dedup_old_token_0108_merge/nvidia_Nemotron-CC-Math-v1_new_3/,/user/zhangyixuan/data/minicpm5/minicpm5_tokenizer.128k.dedup_link_all/nvidia_Nemotron-CC-Math-v1_new_3,,0.075000000,1,73.69,0.008463945,0.095000000,1,73.69,0.004007855,0.145000000,1,73.69,0.006117252,0.150000000,1,73.689,0.006328192,0.11,1,73.689,0.004640674,0.100000000,1,73.689,0.004218795,None,否,,1.4113952165080925,1.7455577751315896,1.921432805986062,,0.43455757105308396,0.43455757105308396
nvidia_Nemotron-CC-Math-v1_new_4plus,,数学 CC,pretrain,4.8835215401e+10,48.835215,obs://mb-datasets/sst_dedup_0104_merge/nvidia_Nemotron-CC-Math-v1_new_4plus/,obs://mb-datasets/sst_dedup_old_token_0108_merge/nvidia_Nemotron-CC-Math-v1_new_4plus/,/user/zhangyixuan/data/minicpm5/minicpm5_tokenizer.128k.dedup_link_all/nvidia_Nemotron-CC-Math-v1_new_4plus,,0.075000000,1,48.84,0.005609195,0.095000000,1,48.84,0.002656071,0.145000000,1,48.84,0.004054003,0.150000000,1,48.835,0.004193796,0.11,1,48.835,0.003075451,0.100000000,1,48.835,0.002795864,None,否,,1.4113952165080925,1.7455577751315896,1.9214328059860617,,0.43455757105308396,0.43455757105308396
nvidia_Nemotron-CC-Math-v1_new_4plus_MIND,,数学 CC,pretrain,7.1760942134e+10,71.760942,obs://mb-datasets/sst_dedup_0104_merge/nvidia_Nemotron-CC-Math-v1_new_4plus_MIND/,obs://mb-datasets/sst_dedup_old_token_0108_merge/nvidia_Nemotron-CC-Math-v1_new_4plus_MIND/,/user/zhangyixuan/data/minicpm5/minicpm5_tokenizer.128k.dedup_link_all/nvidia_Nemotron-CC-Math-v1_new_4plus_MIND,,0.075000000,1,71.76,0.008242436,0.095000000,1,71.76,0.003902966,0.145000000,1,71.76,0.005957158,0.150000000,1,71.761,0.006162577,0.11,1,71.761,0.004519223,0.100000000,1,71.761,0.004108385,None,否,,1.4113952165080925,1.7455577751315898,1.9214328059860621,,0.43455757105308396,0.43455757105308396
opc_fineweb_math_corpus,,数学 CC,pretrain,3.743295928e+09,3.743296,obs://mb-datasets/sst_dedup_0104_merge/opc_fineweb_math_corpus/en__opc_fineweb_math_corpus__2025082000/,obs://mb-datasets/sst_dedup_old_token_0108_merge/opc_fineweb_math_corpus/en__opc_fineweb_math_corpus__2025082000/,/user/zhangyixuan/data/minicpm5/minicpm5_tokenizer.128k.dedup_link_all/opc_fineweb_math_corpus,,0.075000000,1,3.74,0.000429954,0.095000000,1,3.74,0.000203592,0.145000000,1,3.74,0.000310746,0.150000000,1,3.743,0.000321461,0.11,1,3.743,0.000235738,0.100000000,1,3.743,0.000214307,None,否,,1.4113952165080927,1.74555777513159,1.9214328059860621,,0.434557571053084,0.434557571053084
Nemotron-Pretraining-Math-Textbooks,,数学 CC,pretrain,2.4717557807e+10,24.717558,obs://mb-datasets/sst_dedup_0105_merge/Nemotron-Pretraining-Math-Textbooks/Nemotron-Pretraining-Math-Textbooks__20251219/,obs://mb-datasets/sst_dedup_old_token_0108_merge/Nemotron-Pretraining-Math-Textbooks/Nemotron-Pretraining-Math-Textbooks__20251219/,/user/zhangyixuan/data/minicpm5/minicpm5_tokenizer.128k.dedup_link_all/Nemotron-Pretraining-Math-Textbooks,,0.075000000,1,24.72,0.002839050,0.095000000,1,24.72,0.001344349,0.145000000,1,24.72,0.002051902,0.150000000,1,24.718,0.002122657,0.11,1,24.718,0.001556615,0.100000000,1,24.718,0.001415105,None,否,,1.4113952165080925,1.7455577751315898,1.9214328059860621,,0.43455757105308396,0.43455757105308396
math_from_cc_retriever_all,,数学 CC,pretrain,5.1792117121e+10,51.792117,obs://mb-datasets/sst_dedup_0105_merge/math_from_cc_retriever_all/math_from_cc_retriever_all__20251219/,obs://mb-datasets/sst_dedup_old_token_0108_merge/math_from_cc_retriever_all/math_from_cc_retriever_all__20251219/,/user/zhangyixuan/data/minicpm5/minicpm5_tokenizer.128k.dedup_link_all/math_from_cc_retriever_all,,0.075000000,1,51.79,0.005948824,0.095000000,0,0.00,0.000000000,0.145000000,0,0.00,0.000000000,0.150000000,0,0.000,0.000000000,0.11,0,0.000,0.000000000,0.100000000,0,0.000,0.000000000,None,否,,1.4113952165080927,1.4113952165080927,1.4113952165080927,,0.2352325360846821,0.2352325360846821
math_instruct_for_knowledge_point_gen_textbook_exercise,,数学 CC,pretrain,3.9960778584e+10,39.960779,obs://mb-datasets/sst_dedup_0106_merge/math_instruct_for_knowledge_point_gen_textbook_exercise/zh__math_instruct_for_knowledge_point_gen_textbook_exercise__20251031/,obs://mb-datasets/sst_dedup_0108_merge/math_instruct_for_knowledge_point_gen_textbook_exercise/zh__math_instruct_for_knowledge_point_gen_textbook_exercise__20251031/,/user/zhangyixuan/data/minicpm5/minicpm5_tokenizer.128k.dedup_link_all/math_instruct_for_knowledge_point_gen_textbook_exercise,,0.075000000,1,39.96,0.004589881,0.095000000,1,39.96,0.002173404,0.145000000,1,39.96,0.003317301,0.150000000,1,39.961,0.003431691,0.11,1,39.961,0.002516573,0.100000000,1,39.961,0.002287794,None,否,,1.4113952165080927,1.7455577751315898,1.921432805986062,,0.43455757105308396,0.43455757105308396
math_instruct_for_multi_style_gen,,数学 CC,pretrain,3.4622122847e+10,34.622123,obs://mb-datasets/sst_dedup_0106_merge/math_instruct_for_multi_style_gen/zh__math_instruct_for_multi_style_gen__20251031/,obs://mb-datasets/sst_dedup_0108_merge/math_instruct_for_multi_style_gen/zh__math_instruct_for_multi_style_gen__20251031/,/user/zhangyixuan/data/minicpm5/minicpm5_tokenizer.128k.dedup_link_all/math_instruct_for_multi_style_gen,,0.075000000,1,34.62,0.003976684,0.095000000,1,34.62,0.001883043,0.145000000,1,34.62,0.002874119,0.150000000,1,34.622,0.002973226,0.11,1,34.622,0.002180366,0.100000000,1,34.622,0.001982151,None,否,,1.4113952165080927,1.74555777513159,1.9214328059860626,,0.434557571053084,0.434557571053084
MegaMath-Web-Pro-Max_1,,数学 CC,pretrain,3.4598297948e+10,34.598298,obs://mb-datasets/sst_dedup_0106_merge/MegaMath-Web-Pro-Max_1/en__MegaMath-Web-Pro-Max_1__2025112200/,obs://mb-datasets/sst_dedup_0108_merge/MegaMath-Web-Pro-Max_1/en__MegaMath-Web-Pro-Max_1__2025112200/,/user/zhangyixuan/data/minicpm5/minicpm5_tokenizer.128k.dedup_link_all/MegaMath-Web-Pro-Max_1,,0.075000000,1,34.60,0.003973948,0.095000000,1,34.60,0.001881747,0.145000000,1,34.60,0.002872141,0.150000000,1,34.598,0.002971180,0.11,1,34.598,0.002178865,0.100000000,1,34.598,0.001980787,None,否,,1.4113952165080925,1.7455577751315896,1.921432805986062,,0.43455757105308396,0.43455757105308396
wechat_account,,中文网页,pretrain,3.241495037e+09,3.241495,obs://mb-datasets/sst_dedup_0104_merge/wechat_account/zh__wechat_account__2025112200/,obs://mb-datasets/sst_dedup_old_token_0108_merge/wechat_account/zh__wechat_account__2025112200/,/user/zhangyixuan/data/minicpm5/minicpm5_tokenizer.128k.dedup_link_all/wechat_account,,0.010000000,1,3.24,0.000123112,0.001000000,1,3.24,0.000012311,0.000000000,1,3.24,0.000000000,0.000200000,1,3.241,0.000002461,0.0002,1,3.241,0.000002461,0.000000000,1,3.241,0.000000000,None,否,,0.46669825837354784,0.49003317129222523,0.49158822583351336,,0.08633887463912782,0.08633887463912782
wechat_account_2025_purchased,,中文网页,pretrain,1.75920702775e+11,175.920703,obs://mb-datasets/sst_dedup_0104_merge/wechat_account_2025_purchased/zh__wechat_account_2025_purchased__2025112200/,obs://mb-datasets/sst_dedup_old_token_0108_merge/wechat_account_2025_purchased/zh__wechat_account_2025_purchased__2025112200/,/user/zhangyixuan/data/minicpm5/minicpm5_tokenizer.128k.dedup_link_all/wechat_account_2025_purchased,,0.010000000,0.5,87.96,0.003340734,0.001000000,0.5,87.96,0.000334073,0.000000000,0.5,87.96,0.000000000,0.000200000,0.5,87.960,0.000066789,0.0002,0.5,87.960,0.000066789,0.000000000,0.5,87.960,0.000000000,None,否,,0.23334912918677397,0.24501658564611264,0.24579411291675668,,0.043169437319563915,0.043169437319563915
whys,,中文网页,pretrain,1.381813e+06,0.001382,obs://mb-datasets/sst_dedup_0104_merge/whys/zh__whys__2025112200/,obs://mb-datasets/sst_dedup_old_token_0108_merge/whys/zh__whys__2025112200/,/user/zhangyixuan/data/minicpm5/minicpm5_tokenizer.128k.dedup_link_all/whys,,0.010000000,3,0.00,0.000000157,0.001000000,3,0.00,0.000000016,0.000000000,3,0.00,0.000000000,0.000200000,3,0.004,0.000000003,0.0002,3,0.004,0.000000003,0.000000000,3,0.004,0.000000000,None,否,,1.4000947751206436,1.470099513876676,1.47476467750054,,0.25901662391738345,0.25901662391738345
zh.wikihow,,中文网页,pretrain,1.3456838e+07,0.013457,obs://mb-datasets/sst_dedup_0104_merge/zh.wikihow/zh__zh.wikihow__2025082500/,obs://mb-datasets/sst_dedup_old_token_0108_merge/zh.wikihow/zh__zh.wikihow__2025082500/,/user/zhangyixuan/data/minicpm5/minicpm5_tokenizer.128k.dedup_link_all/zh.wikihow,,0.010000000,2,0.03,0.000001022,0.001000000,2,0.03,0.000000102,0.000000000,2,0.03,0.000000000,0.000200000,2,0.027,0.000000020,0.0002,2,0.027,0.000000020,0.000000000,2,0.027,0.000000000,None,否,,0.9333965167470958,0.9800663425844506,0.9831764516670268,,0.17267774927825566,0.17267774927825566
zh.zhihu-answer_0321,,中文网页,pretrain,4.4650485576e+10,44.650486,obs://mb-datasets/sst_dedup_0104_merge/zh.zhihu-answer_0321/zh__zh.zhihu-answer_0321__2025082500/,obs://mb-datasets/sst_dedup_old_token_0108_merge/zh.zhihu-answer_0321/zh__zh.zhihu-answer_0321__2025082500/,/user/zhangyixuan/data/minicpm5/minicpm5_tokenizer.128k.dedup_link_all/zh.zhihu-answer_0321,,0.010000000,2,89.30,0.003391651,0.001000000,2,89.30,0.000339165,0.000000000,2,89.30,0.000000000,0.000200000,2,89.301,0.000067807,0.0002,2,89.301,0.000067807,0.000000000,2,89.301,0.000000000,None,否,,0.9333965167470957,0.9800663425844505,0.9831764516670266,,0.17267774927825563,0.17267774927825563
libretext,,英文网页,pretrain,1.66201295e+08,0.166201,obs://mb-datasets/sst_dedup_0104_merge/libretext/en__libretext__2025112200/,obs://mb-datasets/sst_dedup_old_token_0108_merge/libretext/en__libretext__2025112200/,/user/zhangyixuan/data/minicpm5/minicpm5_tokenizer.128k.dedup_link_all/libretext,,0.005000000,5,0.83,0.000011545,0.000200000,5,0.83,0.000000462,0.000000000,5,0.83,0.000000000,0.000100000,5,0.831,0.000000231,0.0001,5,0.831,0.000000231,0.000000000,5,0.831,0.000000000,None,否,,0.8536094748199823,0.8706816643163819,0.8735270292324486,,0.14938165809349688,0.14938165809349688
reddit,,英文网页,pretrain,3.1719279223e+11,317.192792,obs://mb-datasets/sst_dedup_0104_merge/reddit/reddit__2025112200/,obs://mb-datasets/sst_dedup_old_token_0108_merge/reddit/reddit__2025112200/,/user/zhangyixuan/data/minicpm5/minicpm5_tokenizer.128k.dedup_link_all/reddit,,0.005000000,1,317.19,0.004406881,0.000200000,1,317.19,0.000176275,0.000000000,1,317.19,0.000000000,0.000100000,1,317.193,0.000088138,0.0001,1,317.193,0.000088138,0.000000000,1,317.193,0.000000000,None,否,,0.17072189496399648,0.1741363328632764,0.17470540584648975,,0.029876331618699382,0.029876331618699382
stack_exchange_qa,,英文网页,pretrain,4.141987366e+09,4.141987,obs://mb-datasets/sst_dedup_0104_merge/stack_exchange_qa/en__stack_exchange_qa__2025082500/,obs://mb-datasets/sst_dedup_old_token_0108_merge/stack_exchange_qa/en__stack_exchange_qa__2025082500/,/user/zhangyixuan/data/minicpm5/minicpm5_tokenizer.128k.dedup_link_all/stack_exchange_qa,,0.005000000,2,8.28,0.000115092,0.000200000,2,8.28,0.000004604,0.000000000,2,8.28,0.000000000,0.000100000,2,8.284,0.000002302,0.0001,2,8.284,0.000002302,0.000000000,2,8.284,0.000000000,None,否,,0.3414437899279929,0.3482726657265528,0.34941081169297944,,0.05975266323739877,0.05975266323739877
stack_overflow,,英文网页,pretrain,1.0942977087e+10,10.942977,obs://mb-datasets/sst_dedup_0104_merge/stack_overflow/en__stack_overflow__2025082500/,obs://mb-datasets/sst_dedup_old_token_0108_merge/stack_overflow/en__stack_overflow__2025082500/,/user/zhangyixuan/data/minicpm5/minicpm5_tokenizer.128k.dedup_link_all/stack_overflow,,0.005000000,2,21.89,0.000304070,0.000200000,2,21.89,0.000012163,0.000000000,2,21.89,0.000000000,0.000100000,2,21.886,0.000006081,0.0001,2,21.886,0.000006081,0.000000000,2,21.886,0.000000000,None,否,,0.3414437899279929,0.3482726657265528,0.34941081169297944,,0.059752663237398765,0.059752663237398765
www_ebsco_com,,英文网页,pretrain,1.45048953e+08,0.145049,obs://mb-datasets/sst_dedup_0104_merge/www_ebsco_com/www_ebsco_com__2025112200/,obs://mb-datasets/sst_dedup_old_token_0108_merge/www_ebsco_com/www_ebsco_com__2025112200/,/user/zhangyixuan/data/minicpm5/minicpm5_tokenizer.128k.dedup_link_all/www_ebsco_com,,0.005000000,2,0.29,0.000004030,0.000200000,2,0.29,0.000000161,0.000000000,2,0.29,0.000000000,0.000100000,2,0.290,0.000000081,0.0001,2,0.290,0.000000081,0.000000000,2,0.290,0.000000000,None,否,,0.34144378992799296,0.3482726657265528,0.3494108116929795,,0.059752663237398765,0.059752663237398765
aops_synthesis,,英文网页,pretrain,3.76434914e+08,0.376435,obs://mb-datasets/sst_dedup_0105_merge/aops_synthesis/aops_synthesis__20251218/,obs://mb-datasets/sst_dedup_old_token_0108_merge/aops_synthesis/aops_synthesis__20251218/,/user/zhangyixuan/data/minicpm5/minicpm5_tokenizer.128k.dedup_link_all/aops_synthesis,,0.005000000,5,1.88,0.000026150,0.000200000,5,1.88,0.000001046,0.000000000,5,1.88,0.000000000,0.000100000,5,1.882,0.000000523,0.0001,5,1.882,0.000000523,0.000000000,5,1.882,0.000000000,None,否,,0.8536094748199823,0.8706816643163819,0.8735270292324485,,0.1493816580934969,0.1493816580934969
Chinese_Book_small_merge,,中文 PDF,pretrain,6.08565897e+09,6.085659,obs://mb-datasets/sst_dedup_0104_merge/Chinese_Book_small_merge/,obs://mb-datasets/sst_dedup_old_token_0108_merge/Chinese_Book_small_merge/,/user/zhangyixuan/data/minicpm5/minicpm5_tokenizer.128k.dedup_link_all/Chinese_Book_small_merge,,0.020000000,1,6.09,0.000316229,0.020000000,1,6.09,0.000316229,0.005000000,1,6.09,0.000079057,0.002000000,1,6.086,0.000031623,0.002,1,6.086,0.000031623,0.001000000,1,6.086,0.000015811,ebook_ebooks_1_to_6 ｜ ebook_epubee ｜ ebook_kindle ｜ ebook_panda_reading ｜ ebook_sobooks ｜ zh.boke_kindle_epub ｜ zh.boke_kindle_mobi ｜ zh.ebook_wode,是,,0.6385205343317752,0.9577808014976629,0.9684228104031924,,0.21816118256335656,0.21816118256335656
annas_book_zh,,中文 PDF,pretrain,1.93432694674e+11,193.432695,obs://mb-datasets/sst_dedup_0104_merge/annas_book_zh/zh__annas_book_zh__2025121200/,obs://mb-datasets/sst_dedup_old_token_0108_merge/annas_book_zh/zh__annas_book_zh__2025121200/,/user/zhangyixuan/data/minicpm5/minicpm5_tokenizer.128k.dedup_link_all/annas_book_zh,,0.020000000,1,193.43,0.010051330,0.020000000,1,193.43,0.010051330,0.005000000,1,193.43,0.002512833,0.002000000,1,193.433,0.001005133,0.002,1,193.433,0.001005133,0.001000000,1,193.433,0.000502567,None,是,,0.6385205343317752,0.9577808014976629,0.9684228104031926,,0.21816118256335654,0.21816118256335654
CCI4.0-M2-Extra-v1-new_books_zh,,中文 PDF,pretrain,4.599282345e+09,4.599282,obs://mb-datasets/sst_dedup_0104_merge/CCI4.0-M2-Extra-v1-new_books_zh/CCI4.0-M2-Extra-v1-new_books_zh__2025112200/,obs://mb-datasets/sst_dedup_old_token_0108_merge/CCI4.0-M2-Extra-v1-new_books_zh/CCI4.0-M2-Extra-v1-new_books_zh__2025112200/,/user/zhangyixuan/data/minicpm5/minicpm5_tokenizer.128k.dedup_link_all/CCI4.0-M2-Extra-v1-new_books_zh,,0.020000000,1,4.60,0.000238992,0.020000000,1,4.60,0.000238992,0.005000000,1,4.60,0.000059748,0.002000000,1,4.599,0.000023899,0.002,1,4.599,0.000023899,0.001000000,1,4.599,0.000011950,None,是,,0.6385205343317754,0.9577808014976631,0.9684228104031927,,0.2181611825633566,0.2181611825633566
chinese_patent_volume,,中文 PDF,pretrain,2.2477540501e+10,22.477541,obs://mb-datasets/sst_dedup_0104_merge/chinese_patent_volume/zh__chinese_patent_volume__2025112200/,obs://mb-datasets/sst_dedup_old_token_0108_merge/chinese_patent_volume/zh__chinese_patent_volume__2025112200/,/user/zhangyixuan/data/minicpm5/minicpm5_tokenizer.128k.dedup_link_all/chinese_patent_volume,,0.020000000,1,22.48,0.001167999,0.020000000,1,22.48,0.001167999,0.005000000,1,22.48,0.000292000,0.002000000,1,22.478,0.000116800,0.002,1,22.478,0.000116800,0.001000000,1,22.478,0.000058400,None,是,,0.6385205343317754,0.957780801497663,0.9684228104031926,,0.2181611825633566,0.2181611825633566
finepdfs_edu_zh,,中文 PDF,pretrain,2.933383157e+09,2.933383,obs://mb-datasets/sst_dedup_0104_merge/finepdfs_edu_zh/finepdfs_edu_zh__2025112200/,obs://mb-datasets/sst_dedup_old_token_0108_merge/finepdfs_edu_zh/finepdfs_edu_zh__2025112200/,/user/zhangyixuan/data/minicpm5/minicpm5_tokenizer.128k.dedup_link_all/finepdfs_edu_zh,,0.020000000,3,8.80,0.000457282,0.020000000,3,8.80,0.000457282,0.005000000,3,8.80,0.000114320,0.002000000,3,8.800,0.000045728,0.002,3,8.800,0.000045728,0.001000000,3,8.800,0.000022864,None,是,,1.915561602995326,2.873342404492989,2.905268431209578,,0.6544835476900697,0.6544835476900697
finepdfs_zh,,中文 PDF,pretrain,2.3081256087e+10,23.081256,obs://mb-datasets/sst_dedup_0104_merge/finepdfs_zh/zh_finepdfs_zh__2025112200/,obs://mb-datasets/sst_dedup_old_token_0108_merge/finepdfs_zh/zh_finepdfs_zh__2025112200/,/user/zhangyixuan/data/minicpm5/minicpm5_tokenizer.128k.dedup_link_all/finepdfs_zh,,0.020000000,0.5,11.54,0.000599685,0.020000000,0.5,11.54,0.000599685,0.005000000,0.5,11.54,0.000149921,0.002000000,0.5,11.541,0.000059968,0.002,0.5,11.541,0.000059968,0.001000000,0.5,11.541,0.000029984,None,是,,0.3192602671658877,0.4788904007488315,0.48421140520159633,,0.10908059128167828,0.10908059128167828
patent_zh,,中文 PDF,pretrain,1.58422053179e+11,158.422053,obs://mb-datasets/sst_dedup_0105_merge/patent_zh/zh__patent_zh__2025120612/,obs://mb-datasets/sst_dedup_old_token_0108_merge/patent_zh/zh__patent_zh__2025120612/,/user/zhangyixuan/data/minicpm5/minicpm5_tokenizer.128k.dedup_link_all/patent_zh,,0.020000000,0.5,79.21,0.004116037,0.020000000,0.5,79.21,0.004116037,0.005000000,0.5,79.21,0.001029009,0.002000000,0.5,79.211,0.000411604,0.002,0.5,79.211,0.000411604,0.001000000,0.5,79.211,0.000205802,None,是,,0.3192602671658877,0.47889040074883155,0.48421140520159633,,0.1090805912816783,0.1090805912816783
hangyeyanbao_zh,,中文 PDF,pretrain,9.68518957e+08,0.968519,obs://mb-datasets/sst_dedup_0106_merge/hangyeyanbao_zh/zh__hangyeyanbao_zh_2025111112/,obs://mb-datasets/sst_dedup_0108_merge/hangyeyanbao_zh/zh__hangyeyanbao_zh_2025111112/,/user/zhangyixuan/data/minicpm5/minicpm5_tokenizer.128k.dedup_link_all/hangyeyanbao_zh,,0.020000000,1,0.97,0.000050327,0.020000000,1,0.97,0.000050327,0.005000000,1,0.97,0.000012582,0.002000000,1,0.969,0.000005033,0.002,1,0.969,0.000005033,0.001000000,1,0.969,0.000002516,None,是,,0.6385205343317752,0.957780801497663,0.9684228104031926,,0.21816118256335656,0.21816118256335656
annas_book_en,,英文 PDF,pretrain,2.70246963191e+11,270.246963,obs://mb-datasets/sst_dedup_0104_merge/annas_book_en/en__annas_book_en__2025120412/,obs://mb-datasets/sst_dedup_old_token_0108_merge/annas_book_en/en__annas_book_en__2025120412/,/user/zhangyixuan/data/minicpm5/minicpm5_tokenizer.128k.dedup_link_all/annas_book_en,,0.050000000,1,270.25,0.008910885,0.050000000,1,270.25,0.008910885,0.025000000,1,270.25,0.004455443,0.010000000,1,270.247,0.001782177,0.01,1,270.247,0.001782177,0.001000000,1,270.247,0.000178218,None,是,,0.405173680906676,0.607760521360014,0.62126631072357,,0.1418107883173366,0.1418107883173366
annas_en_pdf_2500w,,英文 PDF,pretrain,2.51227744126e+11,251.227744,obs://mb-datasets/sst_dedup_0104_merge/annas_en_pdf_2500w/en__annas_en_pdf_2500w__2025090600/,obs://mb-datasets/sst_dedup_old_token_0108_merge/annas_en_pdf_2500w/en__annas_en_pdf_2500w__2025090600/,/user/zhangyixuan/data/minicpm5/minicpm5_tokenizer.128k.dedup_link_all/annas_en_pdf_2500w,,0.050000000,1,251.23,0.008283762,0.050000000,1,251.23,0.008283762,0.025000000,1,251.23,0.004141881,0.010000000,1,251.228,0.001656752,0.01,1,251.228,0.001656752,0.001000000,1,251.228,0.000165675,None,是,,0.405173680906676,0.607760521360014,0.6212663107235699,,0.1418107883173366,0.1418107883173366
CCI4.0-M2-Extra-v1-new_books_en,,英文 PDF,pretrain,2.7996075646e+10,27.996076,obs://mb-datasets/sst_dedup_0104_merge/CCI4.0-M2-Extra-v1-new_books_en/CCI4.0-M2-Extra-v1-new_books_en__2025112200/,obs://mb-datasets/sst_dedup_old_token_0108_merge/CCI4.0-M2-Extra-v1-new_books_en/CCI4.0-M2-Extra-v1-new_books_en__2025112200/,/user/zhangyixuan/data/minicpm5/minicpm5_tokenizer.128k.dedup_link_all/CCI4.0-M2-Extra-v1-new_books_en,,0.050000000,1,28.00,0.000923118,0.050000000,1,28.00,0.000923118,0.025000000,1,28.00,0.000461559,0.010000000,1,27.996,0.000184624,0.01,1,27.996,0.000184624,0.001000000,1,27.996,0.000018462,None,是,,0.405173680906676,0.607760521360014,0.6212663107235699,,0.1418107883173366,0.1418107883173366
finepdfs_edu_en,,英文 PDF,pretrain,1.10485668019e+11,110.485668,obs://mb-datasets/sst_dedup_0104_merge/finepdfs_edu_en/finepdfs_edu_en__2025112200/,obs://mb-datasets/sst_dedup_old_token_0108_merge/finepdfs_edu_en/finepdfs_edu_en__2025112200/,/user/zhangyixuan/data/minicpm5/minicpm5_tokenizer.128k.dedup_link_all/finepdfs_edu_en,,0.050000000,3,331.46,0.010929171,0.050000000,3,331.46,0.010929171,0.025000000,3,331.46,0.005464586,0.010000000,3,331.457,0.002185834,0.01,3,331.457,0.002185834,0.001000000,3,331.457,0.000218583,None,是,,1.215521042720028,1.823281564080042,1.8637989321707096,,0.4254323649520098,0.4254323649520098
finepdfs_en,,英文 PDF,pretrain,8.9286907821e+11,892.869078,obs://mb-datasets/sst_dedup_0104_merge/finepdfs_en/en_finepdfs_en__2025112200/,obs://mb-datasets/sst_dedup_old_token_0108_merge/finepdfs_en/en_finepdfs_en__2025112200/,/user/zhangyixuan/data/minicpm5/minicpm5_tokenizer.128k.dedup_link_all/finepdfs_en,,0.050000000,0.5,446.43,0.014720339,0.050000000,0.5,446.43,0.014720339,0.025000000,0.5,446.43,0.007360169,0.010000000,0.5,446.435,0.002944068,0.01,0.5,446.435,0.002944068,0.001000000,0.5,446.435,0.000294407,None,是,,0.202586840453338,0.303880260680007,0.310633155361785,,0.0709053941586683,0.0709053941586683
proquest,,英文 PDF,pretrain,2.511372878e+10,25.113729,obs://mb-datasets/sst_dedup_0104_merge/proquest/en__proquest__2025121200/,obs://mb-datasets/sst_dedup_old_token_0108_merge/proquest/en__proquest__2025121200/,/user/zhangyixuan/data/minicpm5/minicpm5_tokenizer.128k.dedup_link_all/proquest,,0.050000000,1,25.11,0.000828078,0.050000000,1,25.11,0.000828078,0.025000000,1,25.11,0.000414039,0.010000000,1,25.114,0.000165616,0.01,1,25.114,0.000165616,0.001000000,1,25.114,0.000016562,None,是,,0.405173680906676,0.607760521360014,0.6212663107235699,,0.1418107883173366,0.1418107883173366
patent_en,,英文 PDF,pretrain,2.84690660049e+11,284.690660,obs://mb-datasets/sst_dedup_0105_merge/patent_en/en__patent_en__2025120612/,obs://mb-datasets/sst_dedup_old_token_0108_merge/patent_en/en__patent_en__2025120612/,/user/zhangyixuan/data/minicpm5/minicpm5_tokenizer.128k.dedup_link_all/patent_en,,0.050000000,0.5,142.35,0.004693569,0.050000000,0.5,142.35,0.004693569,0.025000000,0.5,142.35,0.002346785,0.010000000,0.5,142.345,0.000938714,0.01,0.5,142.345,0.000938714,0.001000000,0.5,142.345,0.000093871,None,是,,0.20258684045333797,0.30388026068000695,0.31063315536178493,,0.07090539415866828,0.07090539415866828
hangyeyanbao_en,,英文 PDF,pretrain,4.13893489e+08,0.413893,obs://mb-datasets/sst_dedup_0106_merge/hangyeyanbao_en/en__hangyeyanbao_en_2025111112/,obs://mb-datasets/sst_dedup_0108_merge/hangyeyanbao_en/en__hangyeyanbao_en_2025111112/,/user/zhangyixuan/data/minicpm5/minicpm5_tokenizer.128k.dedup_link_all/hangyeyanbao_en,,0.050000000,1,0.41,0.000013647,0.050000000,1,0.41,0.000013647,0.025000000,1,0.41,0.000006824,0.010000000,1,0.414,0.000002729,0.01,1,0.414,0.000002729,0.001000000,1,0.414,0.000000273,None,是,,0.405173680906676,0.6077605213600139,0.6212663107235697,,0.1418107883173366,0.1418107883173366
zhiwangshuobo_pipeline,,中文论文,pretrain,8.0810512427e+10,80.810512,obs://mb-datasets/sst_dedup_0104_merge/zhiwangshuobo_pipeline/zh__zhiwangshuobo_pipeline__2025112200/,obs://mb-datasets/sst_dedup_old_token_0108_merge/zhiwangshuobo_pipeline/zh__zhiwangshuobo_pipeline__2025112200/,/user/zhangyixuan/data/minicpm5/minicpm5_tokenizer.128k.dedup_link_all/zhiwangshuobo_pipeline,,0.030000000,1,80.81,0.005470799,0.030000000,1,80.81,0.005470799,0.030000000,1,80.81,0.005470799,0.015000000,1,80.811,0.002735400,0.015,1,80.811,0.002735400,0.010000000,1,80.811,0.001823600,None,是,,0.8318865627019244,1.2478298440528865,1.317153724278047,,0.31195746101322164,0.31195746101322164
zhiwangshuobo_vlm,,中文论文,pretrain,1.13359889024e+11,113.359889,obs://mb-datasets/sst_dedup_0104_merge/zhiwangshuobo_vlm/zh__zhiwangshuobo_vlm__2025112200/,obs://mb-datasets/sst_dedup_old_token_0108_merge/zhiwangshuobo_vlm/zh__zhiwangshuobo_vlm__2025112200/,/user/zhangyixuan/data/minicpm5/minicpm5_tokenizer.128k.dedup_link_all/zhiwangshuobo_vlm,,0.030000000,1,113.36,0.007674363,0.030000000,1,113.36,0.007674363,0.030000000,1,113.36,0.007674363,0.015000000,1,113.360,0.003837181,0.015,1,113.360,0.003837181,0.010000000,1,113.360,0.002558121,None,是,,0.8318865627019244,1.2478298440528863,1.3171537242780467,,0.3119574610132216,0.3119574610132216
ChineseJournal,,中文论文,pretrain,2.48410808294e+11,248.410808,obs://mb-datasets/sst_dedup_0105_merge/ChineseJournal/zh__ChineseJournal__2025120612/,obs://mb-datasets/sst_dedup_old_token_0108_merge/ChineseJournal/zh__ChineseJournal__2025120612/,/user/zhangyixuan/data/minicpm5/minicpm5_tokenizer.128k.dedup_link_all/ChineseJournal,,0.030000000,1,248.41,0.016817189,0.030000000,1,248.41,0.016817189,0.030000000,1,248.41,0.016817189,0.015000000,1,248.411,0.008408594,0.015,1,248.411,0.008408594,0.010000000,1,248.411,0.005605730,None,是,,0.8318865627019243,1.2478298440528863,1.3171537242780467,,0.3119574610132216,0.3119574610132216
google-scholar_merge,,英文论文,pretrain,8.82920134124e+11,882.920134,obs://mb-datasets/sst_dedup_0105_merge/google-scholar_merge/,obs://mb-datasets/sst_dedup_old_token_0108_merge/google-scholar_merge/,/user/zhangyixuan/data/minicpm5/minicpm5_tokenizer.128k.dedup_link_all/google-scholar_merge,,0.060000000,1,882.92,0.031707168,0.060000000,1,882.92,0.031707168,0.060000000,1,882.92,0.031707168,0.020000000,1,882.920,0.010569056,0.02,1,882.920,0.010569056,0.010000000,1,882.920,0.005284528,google-scholar ｜ google-scholar-1224,是,,0.4412830344938494,0.6619245517407741,0.6864402758793213,,0.15935220690055676,0.15935220690055676
annas_qikan,,英文论文,pretrain,5.91662879452e+11,591.662879,obs://mb-datasets/sst_dedup_0104_merge/annas_qikan/en__annas_qikan__2025112200/,obs://mb-datasets/sst_dedup_old_token_0108_merge/annas_qikan/en__annas_qikan__2025112200/,/user/zhangyixuan/data/minicpm5/minicpm5_tokenizer.128k.dedup_link_all/annas_qikan,,0.060000000,1,591.66,0.021247623,0.060000000,1,591.66,0.021247623,0.060000000,1,591.66,0.021247623,0.020000000,1,591.663,0.007082541,0.02,1,591.663,0.007082541,0.010000000,1,591.663,0.003541270,None,是,,0.4412830344938494,0.6619245517407741,0.6864402758793213,,0.15935220690055676,0.15935220690055676
arxiv_ocr,,英文论文,pretrain,5.5131846959e+10,55.131847,obs://mb-datasets/sst_dedup_0104_merge/arxiv_ocr/en__arxiv_ocr__2025112200/,obs://mb-datasets/sst_dedup_old_token_0108_merge/arxiv_ocr/en__arxiv_ocr__2025112200/,/user/zhangyixuan/data/minicpm5/minicpm5_tokenizer.128k.dedup_link_all/arxiv_ocr,,0.060000000,0.5,27.57,0.000989939,0.060000000,0.5,27.57,0.000989939,0.060000000,0.5,27.57,0.000989939,0.020000000,0.5,27.566,0.000329980,0.02,0.5,27.566,0.000329980,0.010000000,0.5,27.566,0.000164990,None,是,,0.22064151724692474,0.3309622758703871,0.3432201379396607,,0.07967610345027838,0.07967610345027838
CCI4.0-M2-Extra-v1-new_arxiv,,英文论文,pretrain,1.2832684905e+10,12.832685,obs://mb-datasets/sst_dedup_0105_merge/CCI4.0-M2-Extra-v1-new_arxiv/CCI4.0-M2-Extra-v1-new_arxiv__2025111200/,obs://mb-datasets/sst_dedup_old_token_0108_merge/CCI4.0-M2-Extra-v1-new_arxiv/CCI4.0-M2-Extra-v1-new_arxiv__2025111200/,/user/zhangyixuan/data/minicpm5/minicpm5_tokenizer.128k.dedup_link_all/CCI4.0-M2-Extra-v1-new_arxiv,,0.060000000,0.5,6.42,0.000230422,0.060000000,0.5,6.42,0.000230422,0.060000000,0.5,6.42,0.000230422,0.020000000,0.5,6.416,0.000076807,0.02,0.5,6.416,0.000076807,0.010000000,0.5,6.416,0.000038404,None,是,,0.22064151724692474,0.3309622758703871,0.3432201379396608,,0.07967610345027838,0.07967610345027838
CCI4.0_cot_synthesis_arxiv,,英文论文,pretrain,1.3024119757e+10,13.024120,obs://mb-datasets/sst_dedup_0105_merge/CCI4.0_cot_synthesis_arxiv/en__CCI4.0_cot_synthesis_arxiv__2025103000/,obs://mb-datasets/sst_dedup_old_token_0108_merge/CCI4.0_cot_synthesis_arxiv/en__CCI4.0_cot_synthesis_arxiv__2025103000/,/user/zhangyixuan/data/minicpm5/minicpm5_tokenizer.128k.dedup_link_all/CCI4.0_cot_synthesis_arxiv,,0.060000000,1,13.02,0.000467718,0.060000000,1,13.02,0.000467718,0.060000000,1,13.02,0.000467718,0.020000000,1,13.024,0.000155906,0.02,1,13.024,0.000155906,0.010000000,1,13.024,0.000077953,None,是,,0.4412830344938495,0.6619245517407744,0.6864402758793214,,0.15935220690055676,0.15935220690055676
arxiv_tex,,英文论文,pretrain,4.8948071133e+10,48.948071,obs://mb-datasets/sst_dedup_0105_merge/arxiv_tex/en__arxiv_tex__2025120412/,obs://mb-datasets/sst_dedup_old_token_0108_merge/arxiv_tex/en__arxiv_tex__2025120412/,/user/zhangyixuan/data/minicpm5/minicpm5_tokenizer.128k.dedup_link_all/arxiv_tex,,0.060000000,0.5,24.47,0.000878904,0.060000000,0.5,24.47,0.000878904,0.060000000,0.5,24.47,0.000878904,0.020000000,0.5,24.474,0.000292968,0.02,0.5,24.474,0.000292968,0.010000000,0.5,24.474,0.000146484,None,是,,0.22064151724692474,0.3309622758703872,0.3432201379396608,,0.07967610345027838,0.07967610345027838
annas_qikan_1000w,,英文论文,pretrain,7.8298631983e+10,78.298632,obs://mb-datasets/sst_dedup_0105_merge/annas_qikan_1000w/en__annas_qikan_1000w__2025090600/,obs://mb-datasets/sst_dedup_old_token_0108_merge/annas_qikan_1000w/en__annas_qikan_1000w__2025090600/,/user/zhangyixuan/data/minicpm5/minicpm5_tokenizer.128k.dedup_link_all/annas_qikan_1000w,,0.060000000,1,78.30,0.002811837,0.060000000,1,78.30,0.002811837,0.060000000,1,78.30,0.002811837,0.020000000,1,78.299,0.000937279,0.02,1,78.299,0.000937279,0.010000000,1,78.299,0.000468640,None,是,,0.44128303449384954,0.6619245517407744,0.6864402758793215,,0.15935220690055676,0.15935220690055676
mnbvc_law,,中文法律,pretrain,2.8967593154e+10,28.967593,obs://mb-datasets/sst_dedup_0106_merge/mnbvc_law/zh__mnbvc_law__2025082000/,obs://mb-datasets/sst_dedup_0108_merge/mnbvc_law/zh__mnbvc_law__2025082000/,/user/zhangyixuan/data/minicpm5/minicpm5_tokenizer.128k.dedup_link_all/mnbvc_law,,0.005000000,1,28.97,0.003268905,0.005000000,1,28.97,0.003268905,0.007000000,1,28.97,0.004576467,0.001000000,1,28.968,0.000653781,0.001,1,28.968,0.000653781,0.001000000,1,28.968,0.000653781,None,是,,1.386663407280624,2.0799951109209363,2.126217224496957,,0.4853321925482185,0.4853321925482185
ancient_chinese_poetry_clean,,中文知识,pretrain,6.0558305e+07,0.060558,obs://mb-datasets/sst_dedup_0104_merge/ancient_chinese_poetry_clean/zh__ancient_chinese_poetry_clean__2025082500/,obs://mb-datasets/sst_dedup_old_token_0108_merge/ancient_chinese_poetry_clean/zh__ancient_chinese_poetry_clean__2025082500/,/user/zhangyixuan/data/minicpm5/minicpm5_tokenizer.128k.dedup_link_all/ancient_chinese_poetry_clean,,0.001000000,1,0.06,0.000006118,0.002000000,1,0.06,0.000008462,0.002000000,1,0.06,0.000008313,0.001000000,1,0.061,0.000002786,0.001,1,0.061,0.000002255,0.001000000,1,0.061,0.000001753,None,否,,1.2414119739940968,2.099913411218353,2.1941268646827066,,0.5401758681392782,0.5401758681392782
baike_chinese_new_all,,中文知识,pretrain,5.944790345e+09,5.944790,obs://mb-datasets/sst_dedup_0104_merge/baike_chinese_new_all/zh__baike_chinese_new_all__2025082500/,obs://mb-datasets/sst_dedup_old_token_0108_merge/baike_chinese_new_all/zh__baike_chinese_new_all__2025082500/,/user/zhangyixuan/data/minicpm5/minicpm5_tokenizer.128k.dedup_link_all/baike_chinese_new_all,,0.001000000,1,5.94,0.000600581,0.002000000,1,5.94,0.000830666,0.002000000,1,5.94,0.000816069,0.001000000,1,5.945,0.000273476,0.001,1,5.945,0.000221339,0.001000000,1,5.945,0.000172119,None,否,,1.2414119739940968,2.099913411218353,2.194126864682706,,0.5401758681392783,0.5401758681392783
chn_dic,,中文知识,pretrain,2.23304588e+08,0.223305,obs://mb-datasets/sst_dedup_0104_merge/chn_dic/zh__chn_dic__2025082000/,obs://mb-datasets/sst_dedup_old_token_0108_merge/chn_dic/zh__chn_dic__2025082000/,/user/zhangyixuan/data/minicpm5/minicpm5_tokenizer.128k.dedup_link_all/chn_dic,,0.001000000,1,0.22,0.000022560,0.002000000,1,0.22,0.000031202,0.002000000,1,0.22,0.000030654,0.001000000,1,0.223,0.000010273,0.001,1,0.223,0.000008314,0.001000000,1,0.223,0.000006465,None,否,,1.241411973994097,2.0999134112183535,2.194126864682707,,0.5401758681392783,0.5401758681392783
moshadong,,中文知识,pretrain,1.4317263e+07,0.014317,obs://mb-datasets/sst_dedup_0104_merge/moshadong/zh__moshadong__2025082000/,obs://mb-datasets/sst_dedup_old_token_0108_merge/moshadong/zh__moshadong__2025082000/,/user/zhangyixuan/data/minicpm5/minicpm5_tokenizer.128k.dedup_link_all/moshadong,,0.001000000,1,0.01,0.000001446,0.002000000,1,0.01,0.000002001,0.002000000,1,0.01,0.000001965,0.001000000,1,0.014,0.000000659,0.001,1,0.014,0.000000533,0.001000000,1,0.014,0.000000415,None,否,,1.2414119739940968,2.0999134112183535,2.1941268646827066,,0.5401758681392783,0.5401758681392783
poem,,中文知识,pretrain,9.247686e+06,0.009248,obs://mb-datasets/sst_dedup_0104_merge/poem/zh__poem__2025103000/,obs://mb-datasets/sst_dedup_old_token_0108_merge/poem/zh__poem__2025103000/,/user/zhangyixuan/data/minicpm5/minicpm5_tokenizer.128k.dedup_link_all/poem,,0.001000000,1,0.01,0.000000934,0.002000000,1,0.01,0.000001292,0.002000000,1,0.01,0.000001269,0.001000000,1,0.009,0.000000425,0.001,1,0.009,0.000000344,0.001000000,1,0.009,0.000000268,None,否,,1.2414119739940968,2.099913411218353,2.1941268646827066,,0.5401758681392783,0.5401758681392783
wikivoyage_chinese,,中文知识,pretrain,692517,0.000693,obs://mb-datasets/sst_dedup_0105_merge/wikivoyage_chinese/wikivoyage_chinese__2025123000/,obs://mb-datasets/sst_dedup_old_token_0108_merge/wikivoyage_chinese/wikivoyage_chinese__2025123000/,/user/zhangyixuan/data/minicpm5/minicpm5_tokenizer.128k.dedup_link_all/wikivoyage_chinese,,0.001000000,1,0.00,0.000000070,0.002000000,1,0.00,0.000000097,0.002000000,1,0.00,0.000000095,0.001000000,1,0.001,0.000000032,0.001,1,0.001,0.000000026,0.001000000,1,0.001,0.000000020,None,否,,1.2414119739940968,2.0999134112183535,2.1941268646827066,,0.5401758681392783,0.5401758681392783
finewiki_zh,,中文知识,pretrain,5.60588572e+08,0.560589,obs://mb-datasets/sst_dedup_0106_merge/finewiki_zh/zh__finewiki_zh__2025112200/,obs://mb-datasets/sst_dedup_0108_merge/finewiki_zh/zh__finewiki_zh__2025112200/,/user/zhangyixuan/data/minicpm5/minicpm5_tokenizer.128k.dedup_link_all/finewiki_zh,,0.001000000,2,1.12,0.000113268,0.002000000,2,1.12,0.000156662,0.002000000,2,1.12,0.000153909,0.001000000,2,1.121,0.000051577,0.001,2,1.121,0.000041744,0.001000000,2,1.121,0.000032461,None,否,,2.482823947988194,4.199826822436707,4.388253729365413,,1.0803517362785566,1
poem_new_250511,,中文知识,pretrain,2.486225744e+09,2.486226,obs://mb-datasets/sst_dedup_0106_merge/poem_new_250511/poem_new_250511__20260110/,obs://mb-datasets/sst_dedup_0108_merge/poem_new_250511/poem_new_250511__20260110/,/user/zhangyixuan/data/minicpm5/minicpm5_tokenizer.128k.dedup_link_all/poem_new_250511,,0.001000000,1,2.49,0.000251174,0.002000000,1,2.49,0.000347400,0.002000000,1,2.49,0.000341296,0.001000000,1,2.486,0.000114373,0.001,1,2.486,0.000092568,0.001000000,1,2.486,0.000071983,None,否,,1.2414119739940968,2.099913411218353,2.1941268646827066,,0.5401758681392783,0.5401758681392783
fandom,,英文知识,pretrain,7.640224742e+09,7.640225,obs://mb-datasets/sst_dedup_0104_merge/fandom/en__fandom__2025112200/,obs://mb-datasets/sst_dedup_old_token_0108_merge/fandom/en__fandom__2025112200/,/user/zhangyixuan/data/minicpm5/minicpm5_tokenizer.128k.dedup_link_all/fandom,,0.005000000,1,7.64,0.000689427,0.010000000,1,7.64,0.000742810,0.010000000,1,7.64,0.000470847,0.005000000,1,7.640,0.000003054,0.005,1,7.640,0.000001870,0.005000000,1,7.640,0.000001914,None,是,,1.1088259638745306,1.70616768958201,1.7069862443253774,,0.3843275132532653,0.3843275132532653
fandom_by_purchasing,,英文知识,pretrain,1.2735686885e+10,12.735687,obs://mb-datasets/sst_dedup_0104_merge/fandom_by_purchasing/fandom_by_purchasing__20251220/,obs://mb-datasets/sst_dedup_old_token_0108_merge/fandom_by_purchasing/fandom_by_purchasing__20251220/,/user/zhangyixuan/data/minicpm5/minicpm5_tokenizer.128k.dedup_link_all/fandom_by_purchasing,,0.005000000,1,12.74,0.001149224,0.010000000,1,12.74,0.001238209,0.010000000,1,12.74,0.000784868,0.005000000,1,12.736,0.000005090,0.005,1,12.736,0.000003118,0.005000000,1,12.736,0.000003191,None,是,,1.1088259638745304,1.7061676895820097,1.7069862443253774,,0.38432751325326536,0.38432751325326536
finewiki_en,,英文知识,pretrain,4.035513003e+09,4.035513,obs://mb-datasets/sst_dedup_0104_merge/finewiki_en/finewiki_en__2025112200/,obs://mb-datasets/sst_dedup_old_token_0108_merge/finewiki_en/finewiki_en__2025112200/,/user/zhangyixuan/data/minicpm5/minicpm5_tokenizer.128k.dedup_link_all/finewiki_en,,0.005000000,2,8.07,0.000728301,0.010000000,2,8.07,0.000784694,0.010000000,2,8.07,0.000497397,0.005000000,2,8.071,0.000003226,0.005,2,8.071,0.000001976,0.005000000,2,8.071,0.000002022,None,是,,2.217651927749061,3.41233537916402,3.4139724886507548,,0.7686550265065306,0.7686550265065306
olympics_wiki_corpus,,英文知识,pretrain,405438,0.000405,obs://mb-datasets/sst_dedup_0104_merge/olympics_wiki_corpus/zh__olympics_wiki_corpus__2025080100/,obs://mb-datasets/sst_dedup_old_token_0108_merge/olympics_wiki_corpus/zh__olympics_wiki_corpus__2025080100/,/user/zhangyixuan/data/minicpm5/minicpm5_tokenizer.128k.dedup_link_all/olympics_wiki_corpus,,0.005000000,1,0.00,0.000000037,0.010000000,1,0.00,0.000000039,0.010000000,1,0.00,0.000000025,0.005000000,1,0.000,0.000000000,0.005,1,0.000,0.000000000,0.005000000,1,0.000,0.000000000,None,是,,1.1088259638745306,1.70616768958201,1.7069862443253776,,0.3843275132532653,0.3843275132532653
wikivoyage_english,,英文知识,pretrain,6.5258138e+07,0.065258,obs://mb-datasets/sst_dedup_0104_merge/wikivoyage_english/wikivoyage_english__2025112200/,obs://mb-datasets/sst_dedup_old_token_0108_merge/wikivoyage_english/wikivoyage_english__2025112200/,/user/zhangyixuan/data/minicpm5/minicpm5_tokenizer.128k.dedup_link_all/wikivoyage_english,,0.005000000,1,0.07,0.000005889,0.010000000,1,0.07,0.000006345,0.010000000,1,0.07,0.000004022,0.005000000,1,0.065,0.000000026,0.005,1,0.065,0.000000016,0.005000000,1,0.065,0.000000016,None,是,,1.1088259638745304,1.70616768958201,1.7069862443253774,,0.38432751325326536,0.38432751325326536
wikibooks_new_english,,英文知识,pretrain,1.16571746e+08,0.116572,obs://mb-datasets/sst_dedup_0105_merge/wikibooks_new_english/wikibooks_new_english__2025123000/,obs://mb-datasets/sst_dedup_old_token_0108_merge/wikibooks_new_english/wikibooks_new_english__2025123000/,/user/zhangyixuan/data/minicpm5/minicpm5_tokenizer.128k.dedup_link_all/wikibooks_new_english,,0.005000000,1,0.12,0.000010519,0.010000000,1,0.12,0.000011334,0.010000000,1,0.12,0.000007184,0.005000000,1,0.117,0.000000047,0.005,1,0.117,0.000000029,0.005000000,1,0.117,0.000000029,None,是,,1.1088259638745304,1.7061676895820097,1.7069862443253774,,0.3843275132532653,0.3843275132532653
Nemotron-Pretraining-Wiki-Rewrite,,英文知识,pretrain,7.123439075e+09,7.123439,obs://mb-datasets/sst_dedup_0105_merge/Nemotron-Pretraining-Wiki-Rewrite/Nemotron-Pretraining-Wiki-Rewrite__20251219/,obs://mb-datasets/sst_dedup_old_token_0108_merge/Nemotron-Pretraining-Wiki-Rewrite/Nemotron-Pretraining-Wiki-Rewrite__20251219/,/user/zhangyixuan/data/minicpm5/minicpm5_tokenizer.128k.dedup_link_all/Nemotron-Pretraining-Wiki-Rewrite,,0.005000000,2,14.25,0.001285588,0.010000000,2,14.25,0.001385133,0.010000000,2,14.25,0.000877998,0.005000000,2,14.247,0.000005694,0.005,2,14.247,0.000003487,0.005000000,2,14.247,0.000003569,None,是,,2.217651927749061,3.4123353791640194,3.4139724886507548,,0.7686550265065306,0.7686550265065306
CCI4.0_cot_synthesis_wiki,,英文知识,pretrain,6.266953408e+09,6.266953,obs://mb-datasets/sst_dedup_0105_merge/CCI4.0_cot_synthesis_wiki/en__CCI4.0_cot_synthesis_wiki__2025112100/,obs://mb-datasets/sst_dedup_old_token_0108_merge/CCI4.0_cot_synthesis_wiki/en__CCI4.0_cot_synthesis_wiki__2025112100/,/user/zhangyixuan/data/minicpm5/minicpm5_tokenizer.128k.dedup_link_all/CCI4.0_cot_synthesis_wiki,,0.005000000,2,12.53,0.001131016,0.010000000,2,12.53,0.001218591,0.010000000,2,12.53,0.000772432,0.005000000,10,62.670,0.000025048,0.005,10,62.670,0.000015341,0.005000000,10,62.670,0.000015700,None,是,,2.2176519277490607,3.41233537916402,3.4205209265976957,,0.7719292454800012,0.7719292454800012
fineweb2_hq_top9,,多语言,pretrain,2.50659926968e+11,250.659927,obs://mb-datasets/sst_dedup_0105_merge/fineweb2_hq_top9/,obs://mb-datasets/sst_dedup_old_token_0108_merge/fineweb2_hq_top9/,/user/zhangyixuan/data/minicpm5/minicpm5_tokenizer.128k.dedup_link_all/fineweb2_hq_top9,,0.030000000,3,751.98,0.005717689,0.030000000,6,1503.96,0.009229678,0.020000000,6,1503.96,0.006153119,0.020000000,6,1503.960,0.006153119,0.02,6,1503.960,0.006153119,0.020000000,6,1503.960,0.006153119,fineweb2_hq_por ｜ fineweb2_hq_ita ｜ fineweb2_hq_fra ｜ fineweb2_hq_jpn ｜ fineweb2_hq_spa ｜ fineweb2_hq_deu ｜ fineweb2_hq_rus,否,,0.2802959406333749,0.5065273306618128,0.5568009728903545,,0.14726327456264598,0.14726327456264598
fineweb2_top9,,多语言,pretrain,2.839692742244e+12,2839.692742,obs://mb-datasets/sst_dedup_0105_merge/fineweb2_top9/,obs://mb-datasets/sst_dedup_old_token_0108_merge/fineweb2_top9/,/user/zhangyixuan/data/minicpm5/minicpm5_tokenizer.128k.dedup_link_all/fineweb2_top9,,0.030000000,0.3,851.91,0.006477493,0.030000000,0.2,567.94,0.003485393,0.020000000,0.2,567.94,0.002323595,0.020000000,0.2,567.939,0.002323595,0.02,0.2,567.939,0.002323595,0.020000000,0.2,567.939,0.002323595,fineweb2_tha ｜ fineweb2_kor ｜ fineweb2_por ｜ fineweb2_ita ｜ fineweb2_fra ｜ fineweb2_spa ｜ fineweb2_jpn ｜ fineweb2_deu ｜ fineweb2_rus,否,,0.02802959406333749,0.03557064039761875,0.03724642847190348,,0.008023175159125697,0.008023175159125697
finewiki_top9,,多语言,pretrain,1.7163027428e+10,17.163027,obs://mb-datasets/sst_dedup_0105_merge/finewiki_top9/,obs://mb-datasets/sst_dedup_old_token_0108_merge/finewiki_top9/,/user/zhangyixuan/data/minicpm5/minicpm5_tokenizer.128k.dedup_link_all/finewiki_top9,,0.030000000,6,102.98,0.000782996,0.030000000,10,171.63,0.001053281,0.020000000,10,171.63,0.000702187,0.020000000,10,171.630,0.000702187,0.02,10,171.630,0.000702187,0.020000000,10,171.630,0.000702187,finewiki_th ｜ finewiki_ko ｜ finewiki_pt ｜ finewiki_ja ｜ finewiki_it ｜ finewiki_ru ｜ finewiki_es ｜ finewiki_fr ｜ finewiki_de,否,,0.5605918812667499,0.9376441979808128,1.021433601695049,,0.26101078763959745,0.26101078763959745
opendatalab_aicc_top9,,多语言,pretrain,1.024711093878e+12,1024.711094,obs://mb-datasets/sst_dedup_0105_merge/opendatalab_aicc_top9/,obs://mb-datasets/sst_dedup_old_token_0108_merge/opendatalab_aicc_top9/,/user/zhangyixuan/data/minicpm5/minicpm5_tokenizer.128k.dedup_link_all/opendatalab_aicc_top9,,0.030000000,0.6,614.83,0.004674843,0.030000000,0.6,614.83,0.003773142,0.020000000,0.6,614.83,0.002515428,0.020000000,0.6,614.827,0.002515428,0.02,0.6,614.827,0.002515428,0.020000000,0.6,614.827,0.002515428,opendatalab_aicc_th ｜ opendatalab_aicc_ko ｜ opendatalab_aicc_pt ｜ opendatalab_aicc_it ｜ opendatalab_aicc_fr ｜ opendatalab_aicc_es ｜ opendatalab_aicc_ja ｜ opendatalab_aicc_de ｜ opendatalab_aicc_ru,否,,0.05605918812667498,0.07868232712951877,0.08370969135237294,,0.019397926466820845,0.019397926466820845
finepdfs_top9,,多语言,pretrain,8.86197213215e+11,886.197213,obs://mb-datasets/sst_dedup_0105_merge/finepdfs_top9/finepdfs_top9__20260106/,obs://mb-datasets/sst_dedup_old_token_0108_merge/finepdfs_top9/finepdfs_top9__20260106/,/user/zhangyixuan/data/minicpm5/minicpm5_tokenizer.128k.dedup_link_all/finepdfs_top9,,0.030000000,0.3,265.86,0.002021464,0.030000000,0.3,265.86,0.001631556,0.020000000,0.3,265.86,0.001087704,0.020000000,0.3,265.859,0.001087704,0.02,0.3,265.859,0.001087704,0.020000000,0.3,265.859,0.001087704,None,否,,0.028029594063337486,0.039341163564759384,0.04185484567618647,,0.009698963233410421,0.009698963233410421
wikibooks_new_top9,,多语言,pretrain,9.5462265e+07,0.095462,obs://mb-datasets/sst_dedup_0105_merge/wikibooks_new_top9/,obs://mb-datasets/sst_dedup_old_token_0108_merge/wikibooks_new_top9/,/user/zhangyixuan/data/minicpm5/minicpm5_tokenizer.128k.dedup_link_all/wikibooks_new_top9,,0.030000000,3,0.29,0.000002178,0.030000000,3,0.29,0.000001758,0.020000000,3,0.29,0.000001172,0.020000000,3,0.286,0.000001172,0.02,3,0.286,0.000001172,0.020000000,3,0.286,0.000001172,wikibooks_new_japanese ｜ wikibooks_new_russian ｜ wikibooks_new_french ｜ wikibooks_new_german ｜ wikibooks_new_italian ｜ wikibooks_new_spanish,否,,0.280295940633375,0.3934116356475939,0.4185484567618648,,0.09698963233410422,0.09698963233410422
wikivoyage_top9,,多语言,pretrain,6.0485608e+07,0.060486,obs://mb-datasets/sst_dedup_0105_merge/wikivoyage_top9/,obs://mb-datasets/sst_dedup_old_token_0108_merge/wikivoyage_top9/,/user/zhangyixuan/data/minicpm5/minicpm5_tokenizer.128k.dedup_link_all/wikivoyage_top9,,0.030000000,3,0.18,0.000001380,0.030000000,3,0.18,0.000001114,0.020000000,3,0.18,0.000000742,0.020000000,3,0.181,0.000000742,0.02,3,0.181,0.000000742,0.020000000,3,0.181,0.000000742,wikivoyage_french ｜ wikivoyage_spanish ｜ wikivoyage_german ｜ wikivoyage_russian ｜ wikivoyage_italian,否,,0.28029594063337493,0.3934116356475939,0.41854845676186475,,0.09698963233410422,0.09698963233410422
wikivoyage_other,,多语言,pretrain,2.3914369e+07,0.023914,obs://mb-datasets/sst_dedup_0105_merge/wikivoyage_other/wikivoyage_other__2025121600/,obs://mb-datasets/sst_dedup_old_token_0108_merge/wikivoyage_other/wikivoyage_other__2025121600/,/user/zhangyixuan/data/minicpm5/minicpm5_tokenizer.128k.dedup_link_all/wikivoyage_other,,0.030000000,1,0.02,0.000000182,0.030000000,1,0.02,0.000000147,0.020000000,1,0.02,0.000000098,0.020000000,1,0.024,0.000000098,0.02,1,0.024,0.000000098,0.020000000,1,0.024,0.000000098,None,否,,0.09343198021112499,0.1311372118825313,0.13951615225395492,,0.032329877444701415,0.032329877444701415
wikibooks_new_other,,多语言,pretrain,5.0366368e+07,0.050366,obs://mb-datasets/sst_dedup_0105_merge/wikibooks_new_other/wikibooks_new_other__2025121600/,obs://mb-datasets/sst_dedup_old_token_0108_merge/wikibooks_new_other/wikibooks_new_other__2025121600/,/user/zhangyixuan/data/minicpm5/minicpm5_tokenizer.128k.dedup_link_all/wikibooks_new_other,,0.030000000,1,0.05,0.000000383,0.030000000,1,0.05,0.000000309,0.020000000,1,0.05,0.000000206,0.020000000,1,0.050,0.000000206,0.02,1,0.050,0.000000206,0.020000000,1,0.050,0.000000206,None,否,,0.09343198021112498,0.1311372118825313,0.13951615225395492,,0.03232987744470141,0.03232987744470141
wikinews_other,,多语言,pretrain,1.4208169e+08,0.142082,obs://mb-datasets/sst_dedup_0105_merge/wikinews_other/wikinews_other__2025112200/,obs://mb-datasets/sst_dedup_old_token_0108_merge/wikinews_other/wikinews_other__2025112200/,/user/zhangyixuan/data/minicpm5/minicpm5_tokenizer.128k.dedup_link_all/wikinews_other,,0.030000000,1,0.14,0.000001080,0.030000000,1,0.14,0.000000872,0.020000000,1,0.14,0.000000581,0.020000000,1,0.142,0.000000581,0.02,1,0.142,0.000000581,0.020000000,1,0.142,0.000000581,None,否,,0.09343198021112498,0.13113721188253127,0.1395161522539549,,0.032329877444701415,0.032329877444701415
wikinews_russian,,多语言,pretrain,1.488912031e+09,1.488912,obs://mb-datasets/sst_dedup_0105_merge/wikinews_russian/wikinews_russian__2025112200/,obs://mb-datasets/sst_dedup_old_token_0108_merge/wikinews_russian/wikinews_russian__2025112200/,/user/zhangyixuan/data/minicpm5/minicpm5_tokenizer.128k.dedup_link_all/wikinews_russian,,0.030000000,1,1.49,0.000011321,0.030000000,1,1.49,0.000009137,0.020000000,1,1.49,0.000006092,0.020000000,1,1.489,0.000006092,0.02,1,1.489,0.000006092,0.020000000,1,1.489,0.000006092,None,否,,0.09343198021112496,0.13113721188253127,0.1395161522539549,,0.032329877444701415,0.032329877444701415
finepdfs_edu_other,,多语言,pretrain,1.07670162608e+11,107.670163,obs://mb-datasets/sst_dedup_0105_merge/finepdfs_edu_other/finepdfs_edu_other__20251113/,obs://mb-datasets/sst_dedup_old_token_0108_merge/finepdfs_edu_other/finepdfs_edu_other__20251113/,/user/zhangyixuan/data/minicpm5/minicpm5_tokenizer.128k.dedup_link_all/finepdfs_edu_other,,0.030000000,1,107.67,0.000818672,0.030000000,1,107.67,0.000660763,0.020000000,1,107.67,0.000440509,0.020000000,1,107.670,0.000440509,0.02,1,107.670,0.000440509,0.020000000,1,107.670,0.000440509,None,否,,0.09343198021112498,0.1311372118825313,0.13951615225395492,,0.032329877444701415,0.032329877444701415
fineweb2_hq_other,,多语言,pretrain,1.30905804753e+11,130.905805,obs://mb-datasets/sst_dedup_0105_merge/fineweb2_hq_other/fineweb2_hq_other__20251122/,obs://mb-datasets/sst_dedup_old_token_0108_merge/fineweb2_hq_other/fineweb2_hq_other__20251122/,/user/zhangyixuan/data/minicpm5/minicpm5_tokenizer.128k.dedup_link_all/fineweb2_hq_other,,0.030000000,1,130.91,0.000995344,0.030000000,1,130.91,0.000803358,0.020000000,1,130.91,0.000535572,0.020000000,1,130.906,0.000535572,0.02,1,130.906,0.000535572,0.020000000,1,130.906,0.000535572,None,否,,0.09343198021112499,0.1311372118825313,0.1395161522539549,,0.032329877444701415,0.032329877444701415
finewiki_other,,多语言,pretrain,5.7184807413e+10,57.184807,obs://mb-datasets/sst_dedup_0105_merge/finewiki_other/finewiki_other__20251028/,obs://mb-datasets/sst_dedup_old_token_0108_merge/finewiki_other/finewiki_other__20251028/,/user/zhangyixuan/data/minicpm5/minicpm5_tokenizer.128k.dedup_link_all/finewiki_other,,0.030000000,2,114.37,0.000869611,0.030000000,3,171.55,0.001052816,0.020000000,3,171.55,0.000701877,0.020000000,3,171.554,0.000701877,0.02,3,171.554,0.000701877,0.020000000,3,171.554,0.000701877,None,否,,0.18686396042224995,0.29997965543646893,0.3251164765507398,,0.08141763563225009,0.08141763563225009
opendatalab_aicc_other,,多语言,pretrain,1.796152131658e+12,1796.152132,obs://mb-datasets/sst_dedup_0105_merge/opendatalab_aicc_other/opendatalab_aicc_other__20251203/,obs://mb-datasets/sst_dedup_old_token_0108_merge/opendatalab_aicc_other/opendatalab_aicc_other__20251203/,/user/zhangyixuan/data/minicpm5/minicpm5_tokenizer.128k.dedup_link_all/opendatalab_aicc_other,,0.030000000,0.2,359.23,0.002731414,0.030000000,0.2,359.23,0.002204568,0.020000000,0.2,359.23,0.001469712,0.020000000,0.2,359.230,0.001469712,0.02,0.2,359.230,0.001469712,0.020000000,0.2,359.230,0.001469712,None,否,,0.018686396042224995,0.026227442376506264,0.02790323045079099,,0.006465975488940284,0.006465975488940284
fineweb2_other,,多语言,pretrain,2.242828806969e+12,2242.828807,obs://mb-datasets/sst_dedup_0105_merge/fineweb2_other/fineweb2_other__20251117/,obs://mb-datasets/sst_dedup_old_token_0108_merge/fineweb2_other/fineweb2_other__20251117/,/user/zhangyixuan/data/minicpm5/minicpm5_tokenizer.128k.dedup_link_all/fineweb2_other,,0.030000000,0.1,224.28,0.001705338,0.030000000,0.1,224.28,0.001376406,0.020000000,0.1,224.28,0.000917604,0.020000000,0.1,224.283,0.000917604,0.02,0.1,224.283,0.000917604,0.020000000,0.1,224.283,0.000917604,None,否,,0.009343198021112498,0.01311372118825313,0.013951615225395493,,0.0032329877444701415,0.0032329877444701415
finepdfs_other,,多语言,pretrain,7.03057717926e+11,703.057718,obs://mb-datasets/sst_dedup_0105_merge/finepdfs_other/finepdfs_other__20260106/,obs://mb-datasets/sst_dedup_old_token_0108_merge/finepdfs_other/finepdfs_other__20260106/,/user/zhangyixuan/data/minicpm5/minicpm5_tokenizer.128k.dedup_link_all/finepdfs_other,,0.030000000,0.1,70.31,0.000534571,0.030000000,0.1,70.31,0.000431461,0.020000000,0.1,70.31,0.000287641,0.020000000,0.1,70.306,0.000287641,0.02,0.1,70.306,0.000287641,0.020000000,0.1,70.306,0.000287641,None,否,,0.009343198021112498,0.013113721188253128,0.013951615225395491,,0.003232987744470141,0.003232987744470141
zh_hqdata_v3_high_quality_remain_synthetic_knowledge_list,,中文预训练合成,pretrain,5.68404e+10,56.840400,,,/user/zhangyixuan/data/minicpm5/sst_cpm5_0321_merge/zh_hqdata_v3_high_quality_remain_synthetic_knowledge_list,,0.080000000,0.1,5.68,0.001792529,0.140000000,0.1,5.68,0.003136925,0.165000000,0.1,5.68,0.003697090,0.160000000,1,56.840,0.046173082,0.11,0.1,5.684,0.002464727,0.100000000,1,56.840,0.018357892,None,否,,0.3875164724569548,0.7265933858567905,2.3902423513149516,,1.0094361992718515,1
zh_hqdata_v3_high_quality_remain_synthetic_wikipedia_paraphrasing,,中文预训练合成,pretrain,1.198541e+11,119.854100,,,/user/zhangyixuan/data/minicpm5/sst_cpm5_0321_merge/zh_hqdata_v3_high_quality_remain_synthetic_wikipedia_paraphrasing,,0.080000000,1,119.85,0.037797394,0.140000000,1,119.85,0.066145440,0.165000000,1,119.85,0.077957126,0.160000000,0.1,11.985,0.009736091,0.11,1,119.854,0.051971417,0.100000000,1,119.854,0.038709592,None,否,,3.875164724569548,7.265933858567903,7.432298755113719,,1.8592996137006177,1
zh_hqdata_v3_high_quality_remain_synthetic_distill,,中文预训练合成,pretrain,7.27842e+10,72.784200,,,/user/zhangyixuan/data/minicpm5/sst_cpm5_0321_merge/zh_hqdata_v3_high_quality_remain_synthetic_distill,,0.080000000,1,72.78,0.022953350,0.140000000,1,72.78,0.040168362,0.165000000,1,72.78,0.047341284,0.160000000,1,72.784,0.059124687,0.11,1,72.784,0.031560856,0.100000000,1,72.784,0.023507303,None,否,,3.8751647245695486,7.265933858567903,8.929582824026065,,2.60794164815679,1
nllb_refine,,翻译,pretrain,1.33300992655e+11,133.300993,,,/paratera_train/user/zhangyixuan/data/minicpm5/sst_cpm5_0321_merge/nllb_pretrain_dynamic_full_refine,,0.004490000,1,133.30,0.004468371,0.003790000,1,133.30,0.003771743,0.000990000,1,133.30,0.000985231,0.005500000,1,133.301,0.005473506,0.0055000000000000005,1,133.301,0.005473506,0.000900000,1,133.301,0.000895665,None,否,,0.4119049899215265,0.5857490780955339,0.6698425244417996,,0.16864558421805637,0.16864558421805637
Translation_merge_refine,,翻译,pretrain,1.290472174e+09,1.290472,,,/paratera_train/user/zhangyixuan/data/minicpm5/sst_cpm5_0321_merge/Translation_merge_refine,,0.004490000,0.5,0.65,0.000021629,0.003790000,0.5,0.65,0.000018257,0.000990000,0.5,0.65,0.000004769,0.005500000,0.5,0.645,0.000026494,0.0055000000000000005,0.5,0.645,0.000026494,0.000900000,0.5,0.645,0.000004335,mt_book_dic ｜ mt_lab,否,,0.20595249496076332,0.292874539047767,0.3349212622208998,,0.08432279210902818,0.08432279210902818
code_30w,代码,代码,decay,7.6212661e+07,0.076213,obs://mb-datasets/sst_dedup_0104_merge/code_30w/en__code_30w__2025082500/,obs://mb-datasets/sst_dedup_old_token_0108_merge/code_30w/en__code_30w__2025082500/,/user/zhangyixuan/data/minicpm5/minicpm5_tokenizer.128k.dedup_link_all/code_30w,,0.285000000,0,0.00,0.000000000,0.295000000,8,0.61,0.000012868,0.300000000,8,0.61,0.000013086,0.350000000,90,6.859,0.000206272,0.3,90,6.859,0.000176804,0.250000000,90,6.859,0.000147337,None,否,,0,1.0373810379849473,6.580352500420075,,3.1172794105458803,1
code_python_to_testbook_250427,代码,代码,decay,1.119878221e+10,11.198782,obs://mb-datasets/sst_dedup_0104_merge/code_python_to_testbook_250427/en__code_python_to_testbook_250427__2025082500/,obs://mb-datasets/sst_dedup_old_token_0108_merge/code_python_to_testbook_250427/en__code_python_to_testbook_250427__2025082500/,/user/zhangyixuan/data/minicpm5/minicpm5_tokenizer.128k.dedup_link_all/code_python_to_testbook_250427,,0.285000000,0,0.00,0.000000000,0.295000000,8,89.59,0.001890854,0.300000000,8,89.59,0.001922902,0.350000000,50,559.939,0.016838794,0.3,50,559.939,0.014433252,0.250000000,50,559.939,0.012027710,None,否,,0,1.0373810379849473,4.116809628226685,,1.8855079744491845,1
code_to_strucutre_textbook_250407,代码,代码,decay,3.8835595146e+10,38.835595,obs://mb-datasets/sst_dedup_0104_merge/code_to_strucutre_textbook_250407/en__code_to_strucutre_textbook_250407__2025082000/,obs://mb-datasets/sst_dedup_old_token_0108_merge/code_to_strucutre_textbook_250407/en__code_to_strucutre_textbook_250407__2025082000/,/user/zhangyixuan/data/minicpm5/minicpm5_tokenizer.128k.dedup_link_all/code_to_strucutre_textbook_250407,,0.285000000,0,0.00,0.000000000,0.295000000,8,310.68,0.006557179,0.300000000,8,310.68,0.006668318,0.350000000,25,970.890,0.029197129,0.3,25,970.890,0.025026111,0.250000000,25,970.890,0.020855092,None,否,,0,1.0373810379849475,2.577095333105816,,1.1156508268887504,1
nvidia_Nemotron-Pretraining-SFT_v1_Nemotron-SFT-Code,代码,代码,decay,4.4942496346e+10,44.942496,obs://mb-datasets/sst_dedup_0104_merge/nvidia_Nemotron-Pretraining-SFT_v1_Nemotron-SFT-Code/nvidia_Nemotron-Pretraining-SFT_v1_Nemotron-SFT-Code__2025110100/,obs://mb-datasets/sst_dedup_old_token_0108_merge/nvidia_Nemotron-Pretraining-SFT_v1_Nemotron-SFT-Code/nvidia_Nemotron-Pretraining-SFT_v1_Nemotron-SFT-Code__2025110100/,/user/zhangyixuan/data/minicpm5/minicpm5_tokenizer.128k.dedup_link_all/nvidia_Nemotron-Pretraining-SFT_v1_Nemotron-SFT-Code,,0.285000000,0,0.00,0.000000000,0.295000000,8,359.54,0.007588296,0.300000000,8,359.54,0.007716912,0.350000000,2,89.885,0.002703070,0.3,2,89.885,0.002316918,0.250000000,2,89.885,0.001930765,None,否,,0,1.0373810379849473,1.1605581815946169,,0.4073822511331505,0.4073822511331505
nvidia_Nemotron_Pretraining_Code_v1_Synthetic-Code,代码,代码,decay,1.70502206929e+11,170.502207,obs://mb-datasets/sst_dedup_0104_merge/nvidia_Nemotron_Pretraining_Code_v1_Synthetic-Code/,obs://mb-datasets/sst_dedup_old_token_0108_merge/nvidia_Nemotron_Pretraining_Code_v1_Synthetic-Code/,/user/zhangyixuan/data/minicpm5/minicpm5_tokenizer.128k.dedup_link_all/nvidia_Nemotron_Pretraining_Code_v1_Synthetic-Code,,0.285000000,0,0.00,0.000000000,0.295000000,8,1364.02,0.028788372,0.300000000,8,1364.02,0.029276310,0.350000000,2,341.004,0.010254871,0.3,2,341.004,0.008789889,0.250000000,2,341.004,0.007324908,None,否,,0,1.0373810379849473,1.1605581815946169,,0.4073822511331505,0.4073822511331505
opc_annealing_algorithmic_corpus,代码,代码,decay,4.416111446e+09,4.416111,obs://mb-datasets/sst_dedup_0104_merge/opc_annealing_algorithmic_corpus/en__opc_annealing_algorithmic_corpus__2025082000/,obs://mb-datasets/sst_dedup_old_token_0108_merge/opc_annealing_algorithmic_corpus/en__opc_annealing_algorithmic_corpus__2025082000/,/user/zhangyixuan/data/minicpm5/minicpm5_tokenizer.128k.dedup_link_all/opc_annealing_algorithmic_corpus,,0.285000000,0,0.00,0.000000000,0.295000000,8,35.33,0.000745636,0.300000000,8,35.33,0.000758274,0.350000000,20,88.322,0.002656074,0.3,20,88.322,0.002276635,0.250000000,20,88.322,0.001897196,None,否,,0,1.0373810379849473,2.2691524740816424,,0.9616793973766634,0.9616793973766634
web_code_en_dedup_new,代码,代码,decay,6.6228364e+07,0.066228,obs://mb-datasets/sst_dedup_0104_merge/web_code_en_dedup_new/en__web_code_en_dedup_new__2025082500/,obs://mb-datasets/sst_dedup_old_token_0108_merge/web_code_en_dedup_new/en__web_code_en_dedup_new__2025082500/,/user/zhangyixuan/data/minicpm5/minicpm5_tokenizer.128k.dedup_link_all/web_code_en_dedup_new,,0.285000000,0,0.00,0.000000000,0.295000000,8,0.53,0.000011182,0.300000000,8,0.53,0.000011372,0.350000000,50,3.311,0.000099583,0.3,50,3.311,0.000085357,0.250000000,50,3.311,0.000071131,None,否,,0,1.0373810379849473,4.116809628226685,,1.8855079744491847,1
web_code_zh_dedup_new,代码,代码,decay,2.10912742e+08,0.210913,obs://mb-datasets/sst_dedup_0104_merge/web_code_zh_dedup_new/zh__web_code_zh_dedup_new__2025082500/,obs://mb-datasets/sst_dedup_old_token_0108_merge/web_code_zh_dedup_new/zh__web_code_zh_dedup_new__2025082500/,/user/zhangyixuan/data/minicpm5/minicpm5_tokenizer.128k.dedup_link_all/web_code_zh_dedup_new,,0.285000000,0,0.00,0.000000000,0.295000000,8,1.69,0.000035611,0.300000000,8,1.69,0.000036215,0.350000000,50,10.546,0.000317134,0.3,50,10.546,0.000271829,0.250000000,50,10.546,0.000226524,None,否,,0,1.0373810379849473,4.116809628226685,,1.8855079744491845,1
Nemotron-Pretraining-Scientific-Coding,代码,代码,decay,6.77653351e+08,0.677653,obs://mb-datasets/sst_dedup_0105_merge/Nemotron-Pretraining-Scientific-Coding/Nemotron-Pretraining-Scientific-Coding__20251219/,obs://mb-datasets/sst_dedup_old_token_0108_merge/Nemotron-Pretraining-Scientific-Coding/Nemotron-Pretraining-Scientific-Coding__20251219/,/user/zhangyixuan/data/minicpm5/minicpm5_tokenizer.128k.dedup_link_all/Nemotron-Pretraining-Scientific-Coding,,0.285000000,0,0.00,0.000000000,0.295000000,8,5.42,0.000114418,0.300000000,8,5.42,0.000116357,0.350000000,50,33.883,0.001018938,0.3,50,33.883,0.000873375,0.250000000,50,33.883,0.000727813,None,否,,0,1.0373810379849473,4.116809628226685,,1.8855079744491845,1
Nemotron-Pretraining-Code-v2_synthetic-code-review,代码,代码,decay,7.960872759e+10,79.608728,obs://mb-datasets/sst_dedup_0106_merge/Nemotron-Pretraining-Code-v2_synthetic-code-review/Nemotron-Pretraining-Code-v2_synthetic-code-review__20260109/,obs://mb-datasets/sst_dedup_old_token_0108_merge/Nemotron-Pretraining-Code-v2_synthetic-code-review/Nemotron-Pretraining-Code-v2_synthetic-code-review__20260109/,/user/zhangyixuan/data/minicpm5/minicpm5_tokenizer.128k.dedup_link_all/Nemotron-Pretraining-Code-v2_synthetic-code-review,,0.285000000,0,0.00,0.000000000,0.295000000,8,636.87,0.013441501,0.300000000,8,636.87,0.013669323,0.350000000,3,238.826,0.007182111,0.3,3,238.826,0.006156095,0.250000000,3,238.826,0.005130079,None,否,,0,1.0373810379849473,1.2221467533994514,,0.43817653703556797,0.43817653703556797
Nemotron-Pretraining-Code-v2_synthetic-question-answering,代码,代码,decay,2.44168689766e+11,244.168690,obs://mb-datasets/sst_dedup_0106_merge/Nemotron-Pretraining-Code-v2_synthetic-question-answering/Nemotron-Pretraining-Code-v2_synthetic-question-answering__20260109/,obs://mb-datasets/sst_dedup_old_token_0108_merge/Nemotron-Pretraining-Code-v2_synthetic-question-answering/Nemotron-Pretraining-Code-v2_synthetic-question-answering__20260109/,/user/zhangyixuan/data/minicpm5/minicpm5_tokenizer.128k.dedup_link_all/Nemotron-Pretraining-Code-v2_synthetic-question-answering,,0.285000000,0,0.00,0.000000000,0.295000000,8,1953.35,0.041226557,0.300000000,8,1953.35,0.041925313,0.350000000,1,244.169,0.007342774,0.3,1,244.169,0.006293806,0.250000000,1,244.169,0.005244838,None,否,,0,1.0373810379849475,1.098969609789782,,0.37658796523073323,0.37658796523073323
Nemotron-Pretraining-Code-v2_ynthetic-student-teacher,代码,代码,decay,2.6304090008e+10,26.304090,obs://mb-datasets/sst_dedup_0106_merge/Nemotron-Pretraining-Code-v2_ynthetic-student-teacher/Nemotron-Pretraining-Code-v2_ynthetic-student-teacher__20260109/,obs://mb-datasets/sst_dedup_old_token_0108_merge/Nemotron-Pretraining-Code-v2_ynthetic-student-teacher/Nemotron-Pretraining-Code-v2_ynthetic-student-teacher__20260109/,/user/zhangyixuan/data/minicpm5/minicpm5_tokenizer.128k.dedup_link_all/Nemotron-Pretraining-Code-v2_ynthetic-student-teacher,,0.285000000,0,0.00,0.000000000,0.295000000,8,210.43,0.004441303,0.300000000,8,210.43,0.004516579,0.350000000,3,78.912,0.002373093,0.3,3,78.912,0.002034080,0.250000000,3,78.912,0.001695066,None,否,,0,1.037381037984947,1.2221467533994512,,0.43817653703556786,0.43817653703556786
Nemotron-Pretraining-Code-v2_synthetic-transpilation,代码,代码,decay,2.9887522319e+10,29.887522,obs://mb-datasets/sst_dedup_0106_merge/Nemotron-Pretraining-Code-v2_synthetic-transpilation/Nemotron-Pretraining-Code-v2_synthetic-transpilation__20260109/,obs://mb-datasets/sst_dedup_old_token_0108_merge/Nemotron-Pretraining-Code-v2_synthetic-transpilation/Nemotron-Pretraining-Code-v2_synthetic-transpilation__20260109/,/user/zhangyixuan/data/minicpm5/minicpm5_tokenizer.128k.dedup_link_all/Nemotron-Pretraining-Code-v2_synthetic-transpilation,,0.285000000,0,0.00,0.000000000,0.295000000,8,239.10,0.005046346,0.300000000,8,239.10,0.005131877,0.350000000,3,89.663,0.002696382,0.3,3,89.663,0.002311184,0.250000000,3,89.663,0.001925987,None,否,,0,1.0373810379849473,1.2221467533994514,,0.43817653703556797,0.43817653703556797
Nemotron-Pretraining-Code-v2_synthetic-rewriting,代码,代码,decay,7.9412288784e+10,79.412289,obs://mb-datasets/sst_dedup_0106_merge/Nemotron-Pretraining-Code-v2_synthetic-rewriting/Nemotron-Pretraining-Code-v2_synthetic-rewriting__20260109/,obs://mb-datasets/sst_dedup_old_token_0108_merge/Nemotron-Pretraining-Code-v2_synthetic-rewriting/Nemotron-Pretraining-Code-v2_synthetic-rewriting__20260109/,/user/zhangyixuan/data/minicpm5/minicpm5_tokenizer.128k.dedup_link_all/Nemotron-Pretraining-Code-v2_synthetic-rewriting,,0.285000000,0,0.00,0.000000000,0.295000000,8,635.30,0.013408334,0.300000000,8,635.30,0.013635594,0.350000000,3,238.237,0.007164389,0.3,3,238.237,0.006140905,0.250000000,3,238.237,0.005117421,None,否,,0,1.037381037984947,1.2221467533994514,,0.4381765370355679,0.4381765370355679
finemath_4plus_gen_grade_school_qa_dedup_250408,,数学 CC,decay,3.223750355e+09,3.223750,obs://mb-datasets/sst_dedup_0104_merge/finemath_4plus_gen_grade_school_qa_dedup_250408/en__finemath_4plus_gen_grade_school_qa_dedup_250408__2025080100/,obs://mb-datasets/sst_dedup_old_token_0108_merge/finemath_4plus_gen_grade_school_qa_dedup_250408/en__finemath_4plus_gen_grade_school_qa_dedup_250408__2025080100/,/user/zhangyixuan/data/minicpm5/minicpm5_tokenizer.128k.dedup_link_all/finemath_4plus_gen_grade_school_qa_dedup_250408,,0.075000000,0,0.00,0.000000000,0.095000000,4,12.90,0.000701339,0.145000000,4,12.90,0.001070465,0.150000000,4,12.895,0.001107377,0.11,4,12.895,0.000812077,0.100000000,4,12.895,0.000738252,None,否,,0,1.336650234493989,2.0401503579118776,,0.7973001398736074,0.7973001398736074
finemath_4plus_gen_middle_school_qa_dedup_250408,,数学 CC,decay,2.840180086e+09,2.840180,obs://mb-datasets/sst_dedup_0104_merge/finemath_4plus_gen_middle_school_qa_dedup_250408/en__finemath_4plus_gen_middle_school_qa_dedup_250408__2025080100/,obs://mb-datasets/sst_dedup_old_token_0108_merge/finemath_4plus_gen_middle_school_qa_dedup_250408/en__finemath_4plus_gen_middle_school_qa_dedup_250408__2025080100/,/user/zhangyixuan/data/minicpm5/minicpm5_tokenizer.128k.dedup_link_all/finemath_4plus_gen_middle_school_qa_dedup_250408,,0.075000000,0,0.00,0.000000000,0.095000000,4,11.36,0.000617892,0.145000000,4,11.36,0.000943098,0.150000000,4,11.361,0.000975619,0.11,4,11.361,0.000715454,0.100000000,4,11.361,0.000650412,None,否,,0,1.336650234493989,2.040150357911878,,0.7973001398736075,0.7973001398736075
infinemath4plus_gen_textbook_part_250324,,数学 CC,decay,2.8662842594e+10,28.662843,obs://mb-datasets/sst_dedup_0104_merge/infinemath4plus_gen_textbook_part_250324/en__infinemath4plus_gen_textbook_part_250324__2025082500/,obs://mb-datasets/sst_dedup_old_token_0108_merge/infinemath4plus_gen_textbook_part_250324/en__infinemath4plus_gen_textbook_part_250324__2025082500/,/user/zhangyixuan/data/minicpm5/minicpm5_tokenizer.128k.dedup_link_all/infinemath4plus_gen_textbook_part_250324,,0.075000000,0,0.00,0.000000000,0.095000000,4,114.65,0.006235709,0.145000000,4,114.65,0.009517661,0.150000000,4,114.651,0.009845856,0.11,4,114.651,0.007220294,0.100000000,4,114.651,0.006563904,None,否,,0,1.336650234493989,2.040150357911878,,0.7973001398736074,0.7973001398736074
math_instruct_for_conversation_gen,,数学 CC,decay,3.6145420988e+10,36.145421,obs://mb-datasets/sst_dedup_0104_merge/math_instruct_for_conversation_gen/math_instruct_for_conversation_gen__20251031/,obs://mb-datasets/sst_dedup_old_token_0108_merge/math_instruct_for_conversation_gen/math_instruct_for_conversation_gen__20251031/,/user/zhangyixuan/data/minicpm5/minicpm5_tokenizer.128k.dedup_link_all/math_instruct_for_conversation_gen,,0.075000000,0,0.00,0.000000000,0.095000000,4,144.58,0.007863572,0.145000000,4,144.58,0.012002294,0.150000000,4,144.582,0.012416166,0.11,4,144.582,0.009105188,0.100000000,4,144.582,0.008277444,None,否,,0,1.336650234493989,2.040150357911878,,0.7973001398736075,0.7973001398736075
math_instruct_for_qa_gen,,数学 CC,decay,4.5485234885e+10,45.485235,obs://mb-datasets/sst_dedup_0104_merge/math_instruct_for_qa_gen/math_instruct_for_qa_gen__20251031/,obs://mb-datasets/sst_dedup_old_token_0108_merge/math_instruct_for_qa_gen/math_instruct_for_qa_gen__20251031/,/user/zhangyixuan/data/minicpm5/minicpm5_tokenizer.128k.dedup_link_all/math_instruct_for_qa_gen,,0.075000000,0,0.00,0.000000000,0.095000000,4,181.94,0.009895483,0.145000000,4,181.94,0.015103633,0.150000000,4,181.941,0.015624447,0.11,4,181.941,0.011457928,0.100000000,4,181.941,0.010416298,None,否,,0,1.3366502344939892,2.0401503579118785,,0.7973001398736076,0.7973001398736076
math_sft_gen_textbook_250304,,数学 CC,decay,1.7680246748e+10,17.680247,obs://mb-datasets/sst_dedup_0104_merge/math_sft_gen_textbook_250304/en__math_sft_gen_textbook_250304__2025082500/,obs://mb-datasets/sst_dedup_old_token_0108_merge/math_sft_gen_textbook_250304/en__math_sft_gen_textbook_250304__2025082500/,/user/zhangyixuan/data/minicpm5/minicpm5_tokenizer.128k.dedup_link_all/math_sft_gen_textbook_250304,,0.075000000,0,0.00,0.000000000,0.095000000,4,70.72,0.003846404,0.145000000,4,70.72,0.005870827,0.150000000,4,70.721,0.006073269,0.11,4,70.721,0.004453731,0.100000000,4,70.721,0.004048846,None,否,,0,1.3366502344939892,2.0401503579118785,,0.7973001398736076,0.7973001398736076
megamath_qa_qwen_25,,数学 CC,decay,9.3311321e+08,0.933113,obs://mb-datasets/sst_dedup_0104_merge/megamath_qa_qwen_25/en__megamath_qa_qwen_25__2025102400/,obs://mb-datasets/sst_dedup_old_token_0108_merge/megamath_qa_qwen_25/en__megamath_qa_qwen_25__2025102400/,/user/zhangyixuan/data/minicpm5/minicpm5_tokenizer.128k.dedup_link_all/megamath_qa_qwen_25,,0.075000000,0,0.00,0.000000000,0.095000000,4,3.73,0.000203002,0.145000000,4,3.73,0.000309846,0.150000000,4,3.732,0.000320530,0.11,4,3.732,0.000235055,0.100000000,4,3.732,0.000213687,None,否,,0,1.336650234493989,2.040150357911878,,0.7973001398736074,0.7973001398736074
chinese-knowledge,,中文知识,decay,2.11773874e+08,0.211774,obs://mb-datasets/sst_dedup_0104_merge/chinese-knowledge/zh__chinese-knowledge__2025082500/,obs://mb-datasets/sst_dedup_old_token_0108_merge/chinese-knowledge/zh__chinese-knowledge__2025082500/,/user/zhangyixuan/data/minicpm5/minicpm5_tokenizer.128k.dedup_link_all/chinese-knowledge,,0.001000000,0,0.00,0.000000000,0.002000000,1,0.21,0.000029591,0.002000000,1,0.21,0.000029071,0.001000000,1,0.212,0.000009742,0.001,1,0.212,0.000007885,0.001000000,1,0.212,0.000006131,None,否,,0,0.8585014372242564,0.9527148906886098,,0.3332738724735955,0.3332738724735955
souyun,,中文知识,decay,8.3003388e+07,0.083003,obs://mb-datasets/sst_dedup_0104_merge/souyun/zh__souyun__2025082000/,obs://mb-datasets/sst_dedup_old_token_0108_merge/souyun/zh__souyun__2025082000/,/user/zhangyixuan/data/minicpm5/minicpm5_tokenizer.128k.dedup_link_all/souyun,,0.001000000,0,0.00,0.000000000,0.002000000,1,0.08,0.000011598,0.002000000,1,0.08,0.000011394,0.001000000,1,0.083,0.000003818,0.001,1,0.083,0.000003090,0.001000000,1,0.083,0.000002403,None,否,,0,0.8585014372242565,0.9527148906886099,,0.3332738724735955,0.3332738724735955
zh_stem_from_cc_retriever_2024_synthetic_diverse_qa,,中文知识,decay,2.761071715e+09,2.761072,obs://mb-datasets/sst_dedup_0106_merge/zh_stem_from_cc_retriever_2024_synthetic_diverse_qa/zh_stem_from_cc_retriever_2024_synthetic_diverse_qa__20260110/,obs://mb-datasets/sst_dedup_0108_merge/zh_stem_from_cc_retriever_2024_synthetic_diverse_qa/zh_stem_from_cc_retriever_2024_synthetic_diverse_qa__20260110/,/user/zhangyixuan/data/minicpm5/minicpm5_tokenizer.128k.dedup_link_all/zh_stem_from_cc_retriever_2024_synthetic_diverse_qa,,0.001000000,0,0.00,0.000000000,0.002000000,1,2.76,0.000385805,0.002000000,1,2.76,0.000379025,0.001000000,1,2.761,0.000127017,0.001,1,2.761,0.000102802,0.001000000,1,2.761,0.000079941,None,否,,0,0.8585014372242566,0.9527148906886099,,0.3332738724735955,0.3332738724735955
finewiki_en_synthetic_conversation,,英文知识,decay,6.429548928e+09,6.429549,obs://mb-datasets/sst_dedup_0106_merge/finewiki_en_synthetic_conversation/finewiki_en_synthetic_conversation__20260110/,obs://mb-datasets/sst_dedup_0108_merge/finewiki_en_synthetic_conversation/finewiki_en_synthetic_conversation__20260110/,/user/zhangyixuan/data/minicpm5/minicpm5_tokenizer.128k.dedup_link_all/finewiki_en_synthetic_conversation,,0.005000000,0,0.00,0.000000000,0.010000000,2,12.86,0.001250208,0.010000000,2,12.86,0.000792473,0.005000000,500,3214.774,0.001284897,0.005,500,3214.774,0.000786939,0.005000000,500,3214.774,0.000805384,None,是,,0,1.1946834514149585,1.6039608230987725,,0.6028665029802266,0.6028665029802266
finewiki_en_synthetic_fact_qa,,英文知识,decay,1.2249428709e+10,12.249429,obs://mb-datasets/sst_dedup_0106_merge/finewiki_en_synthetic_fact_qa/finewiki_en_synthetic_fact_qa__20260110/,obs://mb-datasets/sst_dedup_0108_merge/finewiki_en_synthetic_fact_qa/finewiki_en_synthetic_fact_qa__20260110/,/user/zhangyixuan/data/minicpm5/minicpm5_tokenizer.128k.dedup_link_all/finewiki_en_synthetic_fact_qa,,0.005000000,0,0.00,0.000000000,0.010000000,2,24.50,0.002381867,0.010000000,2,24.50,0.001509802,0.005000000,500,6124.714,0.002447956,0.005,500,6124.714,0.001499257,0.005000000,500,6124.714,0.001534399,None,是,,0,1.1946834514149587,1.6039608230987727,,0.6028665029802267,0.6028665029802267
finewiki_en_synthetic_textbook,,英文知识,decay,4.9325357e+09,4.932536,obs://mb-datasets/sst_dedup_0106_merge/finewiki_en_synthetic_textbook/finewiki_en_synthetic_textbook__20260110/,obs://mb-datasets/sst_dedup_0108_merge/finewiki_en_synthetic_textbook/finewiki_en_synthetic_textbook__20260110/,/user/zhangyixuan/data/minicpm5/minicpm5_tokenizer.128k.dedup_link_all/finewiki_en_synthetic_textbook,,0.005000000,0,0.00,0.000000000,0.010000000,2,9.87,0.000959118,0.010000000,2,9.87,0.000607959,0.005000000,500,2466.268,0.000985730,0.005,500,2466.268,0.000603713,0.005000000,500,2466.268,0.000617864,None,是,,0,1.1946834514149587,1.6039608230987727,,0.6028665029802266,0.6028665029802266
gpqa_textbook,,英文知识,decay,1.0938696e+07,0.010939,,,/user/zhangyixuan/share_user_data/user/zhangyixuan/data/sft_2.5_minicpm5_128k_data_pool_temp/gpqa_textbook/general/gpqa_textbook,,0.005000000,0,0.00,0.000000000,0.010000000,1,0.01,0.000001063,0.010000000,2,0.02,0.000001348,0.005000000,30,0.328,0.000000131,0.005,50,0.547,0.000000134,0.005000000,80,0.875,0.000000219,None,是,,0,0.5973417257074792,0.6218983680085081,,0.21139222971967417,0.21139222971967417
mmlu_knowledge_merge_v0v1v2,,中文知识,decay,2.5601927e+08,0.256019,,,/user/zhangyixuan/share_user_data/user/zhangyixuan/data/sft_2.5_minicpm5_128k_data_pool_temp/mmlu_knowledge_merge_v0v1v2/general/mmlu_knowledge_merge_v0v1v2,,0.001000000,0,0.00,0.000000000,0.002000000,1,0.26,0.000035774,0.002000000,2,0.51,0.000070290,0.001000000,30,7.681,0.000353327,0.001,50,12.801,0.000476612,0.001000000,80,20.482,0.000593000,None,否,,0,0.8585014372242565,3.684905041154857,,1.699368947706719,1
chinese_knowledge_v1v2,,英文知识,decay,2.11774471e+08,0.211774,,,/user/zhangyixuan/share_user_data/user/zhangyixuan/data/sft_2.5_minicpm5_128k_data_pool_temp/chinese_knowledge_v1v2/general/chinese_knowledge_v1v2,,0.005000000,0,0.00,0.000000000,0.010000000,1,0.21,0.000020589,0.010000000,2,0.42,0.000026102,0.005000000,30,6.353,0.000002539,0.005,50,10.589,0.000002592,0.005000000,80,16.942,0.000004244,None,是,,0,0.5973417257074793,0.6218983680085081,,0.21139222971967422,0.21139222971967422
dm_math_clean,通用指令,数学计算,QA,5.062601253e+09,5.062601,obs://mb-datasets/sst_dedup_0104_merge/dm_math_clean/en__dm_math_clean__2025082500/,obs://mb-datasets/sst_dedup_old_token_0108_merge/dm_math_clean/en__dm_math_clean__2025082500/,/user/zhangyixuan/data/minicpm5/minicpm5_tokenizer.128k.dedup_link_all/dm_math_clean,,0.000000000,1e-05,0.00,0.000000000,0.000000000,1e-05,0.00,0.000000000,0.000000000,1e-05,0.00,0.000000000,0.070000000,0.8,4.050,0.007073379,0.08,0.8,4.050,0.008177342,0.120000000,0.8,4.050,0.012125792,None,否,,0,0,2.8614300741484935,,1.4307150370742467,1
align_no_sys,通用指令,通用指令,QA,3.633645e+06,0.003634,obs://mb-datasets/sst_dedup_0104_merge/align_no_sys/zh__align_no_sys__2025082500/,obs://mb-datasets/sst_dedup_old_token_0108_merge/align_no_sys/zh__align_no_sys__2025082500/,/user/zhangyixuan/data/minicpm5/minicpm5_tokenizer.128k.dedup_link_all/align_no_sys,,0.000000000,1e-05,0.00,0.000000000,0.000000000,1e-05,0.00,0.000000000,0.000000000,1e-05,0.00,0.000000000,0.030000000,1,0.004,0.000002210,0.08,1,0.004,0.000005893,0.120000000,1,0.004,0.000005754,None,否,,0,0,1.2454862001961975,,0.6227431000980987,0.6227431000980987
code_0,代码,代码,QA,4.0425046e+07,0.040425,obs://mb-datasets/sst_dedup_0104_merge/code_0/en__code_0__2025082500/,obs://mb-datasets/sst_dedup_old_token_0108_merge/code_0/en__code_0__2025082500/,/user/zhangyixuan/data/minicpm5/minicpm5_tokenizer.128k.dedup_link_all/code_0,,0.285000000,0,0.00,0.000000000,0.295000000,0,0.00,0.000000000,0.300000000,0,0.00,0.000000000,0.350000000,70,2.830,0.000085098,0.3,70,2.830,0.000072941,0.250000000,70,2.830,0.000060784,None,否,,0,0,4.311200026338433,,2.1556000131692166,1
code_feedback_241230,代码,代码,QA,5.4184698e+07,0.054185,obs://mb-datasets/sst_dedup_0104_merge/code_feedback_241230/en__code_feedback_241230__2025082500/,obs://mb-datasets/sst_dedup_old_token_0108_merge/code_feedback_241230/en__code_feedback_241230__2025082500/,/user/zhangyixuan/data/minicpm5/minicpm5_tokenizer.128k.dedup_link_all/code_feedback_241230,,0.285000000,0,0.00,0.000000000,0.295000000,0,0.00,0.000000000,0.300000000,0,0.00,0.000000000,0.350000000,90,4.877,0.000146652,0.3,90,4.877,0.000125702,0.250000000,90,4.877,0.000104752,None,否,,0,0,5.542971462435128,,2.771485731217564,1
evol_code_clean_dedup_whoru,代码,代码,QA,1.88223536e+08,0.188224,obs://mb-datasets/sst_dedup_0104_merge/evol_code_clean_dedup_whoru/en__evol_code_clean_dedup_whoru__2025082500/,obs://mb-datasets/sst_dedup_old_token_0108_merge/evol_code_clean_dedup_whoru/en__evol_code_clean_dedup_whoru__2025082500/,/user/zhangyixuan/data/minicpm5/minicpm5_tokenizer.128k.dedup_link_all/evol_code_clean_dedup_whoru,,0.285000000,0,0.00,0.000000000,0.295000000,0,0.00,0.000000000,0.300000000,0,0.00,0.000000000,0.350000000,100,18.822,0.000566036,0.3,100,18.822,0.000485174,0.250000000,100,18.822,0.000404311,None,否,,0,0,6.1588571804834755,,3.0794285902417378,1
functioncalling_chatml,代码,代码,QA,6.7116498e+07,0.067116,obs://mb-datasets/sst_dedup_0104_merge/functioncalling_chatml/en__functioncalling_chatml__2025082500/,obs://mb-datasets/sst_dedup_old_token_0108_merge/functioncalling_chatml/en__functioncalling_chatml__2025082500/,/user/zhangyixuan/data/minicpm5/minicpm5_tokenizer.128k.dedup_link_all/functioncalling_chatml,,0.285000000,0,0.00,0.000000000,0.295000000,0,0.00,0.000000000,0.300000000,0,0.00,0.000000000,0.350000000,15,1.007,0.000030275,0.3,15,1.007,0.000025950,0.250000000,15,1.007,0.000021625,None,否,,0,0,0.9238285770725213,,0.46191428853626065,0.46191428853626065
gcode_0813,代码,代码,QA,1.01676555e+08,0.101677,obs://mb-datasets/sst_dedup_0104_merge/gcode_0813/zh__gcode_0813__2025082500/,obs://mb-datasets/sst_dedup_old_token_0108_merge/gcode_0813/zh__gcode_0813__2025082500/,/user/zhangyixuan/data/minicpm5/minicpm5_tokenizer.128k.dedup_link_all/gcode_0813,,0.285000000,0,0.00,0.000000000,0.295000000,0,0.00,0.000000000,0.300000000,0,0.00,0.000000000,0.350000000,90,9.151,0.000275191,0.3,90,9.151,0.000235878,0.250000000,90,9.151,0.000196565,None,否,,0,0,5.542971462435128,,2.771485731217564,1
glaive,代码,代码,QA,8.6846249e+07,0.086846,obs://mb-datasets/sst_dedup_0104_merge/glaive/en__glaive__2025082500/,obs://mb-datasets/sst_dedup_old_token_0108_merge/glaive/en__glaive__2025082500/,/user/zhangyixuan/data/minicpm5/minicpm5_tokenizer.128k.dedup_link_all/glaive,,0.285000000,0,0.00,0.000000000,0.295000000,0,0.00,0.000000000,0.300000000,0,0.00,0.000000000,0.350000000,90,7.816,0.000235052,0.3,90,7.816,0.000201473,0.250000000,90,7.816,0.000167894,None,否,,0,0,5.542971462435128,,2.771485731217564,1
humanevallike_clean_dedup,代码,代码,QA,1.63586882e+08,0.163587,obs://mb-datasets/sst_dedup_0104_merge/humanevallike_clean_dedup/none__humanevallike_clean_dedup__2025082500/,obs://mb-datasets/sst_dedup_old_token_0108_merge/humanevallike_clean_dedup/none__humanevallike_clean_dedup__2025082500/,/user/zhangyixuan/data/minicpm5/minicpm5_tokenizer.128k.dedup_link_all/humanevallike_clean_dedup,,0.285000000,0,0.00,0.000000000,0.295000000,0,0.00,0.000000000,0.300000000,0,0.00,0.000000000,0.350000000,10,1.636,0.000049195,0.3,10,1.636,0.000042167,0.250000000,10,1.636,0.000035139,None,否,,0,0,0.6158857180483475,,0.30794285902417373,0.30794285902417373
lccf_apps_ultracode_aug_data_0818,代码,代码,QA,1.09813562e+08,0.109814,obs://mb-datasets/sst_dedup_0104_merge/lccf_apps_ultracode_aug_data_0818/en__lccf_apps_ultracode_aug_data_0818__2025082500/,obs://mb-datasets/sst_dedup_old_token_0108_merge/lccf_apps_ultracode_aug_data_0818/en__lccf_apps_ultracode_aug_data_0818__2025082500/,/user/zhangyixuan/data/minicpm5/minicpm5_tokenizer.128k.dedup_link_all/lccf_apps_ultracode_aug_data_0818,,0.285000000,0,0.00,0.000000000,0.295000000,0,0.00,0.000000000,0.300000000,0,0.00,0.000000000,0.350000000,60,6.589,0.000198142,0.3,60,6.589,0.000169836,0.250000000,60,6.589,0.000141530,None,否,,0,0,3.6953143082900852,,1.8476571541450426,1
leetcode,代码,代码,QA,1.267066906e+09,1.267067,obs://mb-datasets/sst_dedup_0104_merge/leetcode/zh__leetcode__2025080100/,obs://mb-datasets/sst_dedup_old_token_0108_merge/leetcode/zh__leetcode__2025080100/,/user/zhangyixuan/data/minicpm5/minicpm5_tokenizer.128k.dedup_link_all/leetcode,,0.285000000,0,0.00,0.000000000,0.295000000,0,0.00,0.000000000,0.300000000,0,0.00,0.000000000,0.350000000,90,114.036,0.003429353,0.3,90,114.036,0.002939446,0.250000000,90,114.036,0.002449538,None,否,,0,0,5.542971462435129,,2.7714857312175645,1
leetcode_pass_code,代码,代码,QA,3.263022e+06,0.003263,obs://mb-datasets/sst_dedup_0104_merge/leetcode_pass_code/zh__leetcode_pass_code__2025080100/,obs://mb-datasets/sst_dedup_old_token_0108_merge/leetcode_pass_code/zh__leetcode_pass_code__2025080100/,/user/zhangyixuan/data/minicpm5/minicpm5_tokenizer.128k.dedup_link_all/leetcode_pass_code,,0.285000000,0,0.00,0.000000000,0.295000000,0,0.00,0.000000000,0.300000000,0,0.00,0.000000000,0.350000000,100,0.326,0.000009813,0.3,100,0.326,0.000008411,0.250000000,100,0.326,0.000007009,None,否,,0,0,6.1588571804834755,,3.0794285902417378,1
leetcode_pass_code_0125,代码,代码,QA,3.086087e+06,0.003086,obs://mb-datasets/sst_dedup_0104_merge/leetcode_pass_code_0125/zh__leetcode_pass_code_0125__2025082500/,obs://mb-datasets/sst_dedup_old_token_0108_merge/leetcode_pass_code_0125/zh__leetcode_pass_code_0125__2025082500/,/user/zhangyixuan/data/minicpm5/minicpm5_tokenizer.128k.dedup_link_all/leetcode_pass_code_0125,,0.285000000,0,0.00,0.000000000,0.295000000,0,0.00,0.000000000,0.300000000,0,0.00,0.000000000,0.350000000,150,0.463,0.000013921,0.3,150,0.463,0.000011932,0.250000000,150,0.463,0.000009944,None,否,,0,0,9.238285770725213,,4.619142885362606,1
opc_annealing_synthetic_code_snippet_corpus,代码,代码,QA,1.191411737e+09,1.191412,obs://mb-datasets/sst_dedup_0104_merge/opc_annealing_synthetic_code_snippet_corpus/en__opc_annealing_synthetic_code_snippet_corpus__2025082000/,obs://mb-datasets/sst_dedup_old_token_0108_merge/opc_annealing_synthetic_code_snippet_corpus/en__opc_annealing_synthetic_code_snippet_corpus__2025082000/,/user/zhangyixuan/data/minicpm5/minicpm5_tokenizer.128k.dedup_link_all/opc_annealing_synthetic_code_snippet_corpus,,0.285000000,0,0.00,0.000000000,0.295000000,0,0.00,0.000000000,0.300000000,0,0.00,0.000000000,0.350000000,60,71.485,0.002149727,0.3,60,71.485,0.001842623,0.250000000,60,71.485,0.001535519,None,否,,0,0,3.6953143082900852,,1.8476571541450426,1
opc_annealing_synthetic_qa_corpus,代码,代码,QA,7.82726454e+08,0.782726,obs://mb-datasets/sst_dedup_0104_merge/opc_annealing_synthetic_qa_corpus/zh__opc_annealing_synthetic_qa_corpus__2025082000/,obs://mb-datasets/sst_dedup_old_token_0108_merge/opc_annealing_synthetic_qa_corpus/zh__opc_annealing_synthetic_qa_corpus__2025082000/,/user/zhangyixuan/data/minicpm5/minicpm5_tokenizer.128k.dedup_link_all/opc_annealing_synthetic_qa_corpus,,0.285000000,0,0.00,0.000000000,0.295000000,0,0.00,0.000000000,0.300000000,0,0.00,0.000000000,0.350000000,60,46.964,0.001412315,0.3,60,46.964,0.001210555,0.250000000,60,46.964,0.001008796,None,否,,0,0,3.6953143082900852,,1.8476571541450426,1
parallel_functioncall,代码,代码,QA,4.855455e+06,0.004855,obs://mb-datasets/sst_dedup_0104_merge/parallel_functioncall/zh__parallel_functioncall__2025082500/,obs://mb-datasets/sst_dedup_old_token_0108_merge/parallel_functioncall/zh__parallel_functioncall__2025082500/,/user/zhangyixuan/data/minicpm5/minicpm5_tokenizer.128k.dedup_link_all/parallel_functioncall,,0.285000000,0,0.00,0.000000000,0.295000000,0,0.00,0.000000000,0.300000000,0,0.00,0.000000000,0.350000000,25,0.121,0.000003650,0.3,25,0.121,0.000003129,0.250000000,25,0.121,0.000002607,None,否,,0,0,1.5397142951208689,,0.7698571475604344,0.7698571475604344
task_oriented,代码,代码,QA,7.429746e+06,0.007430,obs://mb-datasets/sst_dedup_0104_merge/task_oriented/zh__task_oriented__2025082500/,obs://mb-datasets/sst_dedup_old_token_0108_merge/task_oriented/zh__task_oriented__2025082500/,/user/zhangyixuan/data/minicpm5/minicpm5_tokenizer.128k.dedup_link_all/task_oriented,,0.285000000,0,0.00,0.000000000,0.295000000,0,0.00,0.000000000,0.300000000,0,0.00,0.000000000,0.350000000,90,0.669,0.000020109,0.3,90,0.669,0.000017236,0.250000000,90,0.669,0.000014363,None,否,,0,0,5.542971462435128,,2.771485731217564,1
tinycode_sciphi,代码,代码,QA,1.272765482e+09,1.272765,obs://mb-datasets/sst_dedup_0104_merge/tinycode_sciphi/en__tinycode_sciphi__2025082500/,obs://mb-datasets/sst_dedup_old_token_0108_merge/tinycode_sciphi/en__tinycode_sciphi__2025082500/,/user/zhangyixuan/data/minicpm5/minicpm5_tokenizer.128k.dedup_link_all/tinycode_sciphi,,0.285000000,0,0.00,0.000000000,0.295000000,0,0.00,0.000000000,0.300000000,0,0.00,0.000000000,0.350000000,4,5.091,0.000153101,0.3,4,5.091,0.000131230,0.250000000,4,5.091,0.000109358,None,否,,0,0,0.24635428721933902,,0.12317714360966951,0.12317714360966951
xlam_function_calling_60k,代码,代码,QA,4.1875873e+07,0.041876,obs://mb-datasets/sst_dedup_0104_merge/xlam_function_calling_60k/en__xlam_function_calling_60k__2025082500/,obs://mb-datasets/sst_dedup_old_token_0108_merge/xlam_function_calling_60k/en__xlam_function_calling_60k__2025082500/,/user/zhangyixuan/data/minicpm5/minicpm5_tokenizer.128k.dedup_link_all/xlam_function_calling_60k,,0.285000000,0,0.00,0.000000000,0.295000000,0,0.00,0.000000000,0.300000000,0,0.00,0.000000000,0.350000000,90,3.769,0.000113338,0.3,90,3.769,0.000097147,0.250000000,90,3.769,0.000080956,None,否,,0,0,5.542971462435128,,2.771485731217564,1
nvidia_Nemotron-Pretraining-SFT_v1_Nemotron-SFT-MATH,,数学 CC,QA,1.56151924061e+11,156.151924,obs://mb-datasets/sst_dedup_0104_merge/nvidia_Nemotron-Pretraining-SFT_v1_Nemotron-SFT-MATH/nvidia_Nemotron-Pretraining-SFT_v1_Nemotron-SFT-MATH__2025110100/,obs://mb-datasets/sst_dedup_old_token_0108_merge/nvidia_Nemotron-Pretraining-SFT_v1_Nemotron-SFT-MATH/nvidia_Nemotron-Pretraining-SFT_v1_Nemotron-SFT-MATH__2025110100/,/user/zhangyixuan/data/minicpm5/minicpm5_tokenizer.128k.dedup_link_all/nvidia_Nemotron-Pretraining-SFT_v1_Nemotron-SFT-MATH,,0.075000000,0,0.00,0.000000000,0.095000000,4,624.61,0.033971437,0.145000000,4,624.61,0.051851140,0.150000000,4,624.608,0.053639110,0.11,4,624.608,0.039335348,0.100000000,4,624.608,0.035759407,None,否,,0,1.336650234493989,2.040150357911878,,0.7973001398736074,0.7973001398736074
CCI4.0_cot_synthesis_math,,数学 CC,QA,1.6805826208e+10,16.805826,obs://mb-datasets/sst_dedup_0105_merge/CCI4.0_cot_synthesis_math/en__CCI4.0_cot_synthesis_math__2025103000/,obs://mb-datasets/sst_dedup_old_token_0108_merge/CCI4.0_cot_synthesis_math/en__CCI4.0_cot_synthesis_math__2025103000/,/user/zhangyixuan/data/minicpm5/minicpm5_tokenizer.128k.dedup_link_all/CCI4.0_cot_synthesis_math,,0.075000000,0,0.00,0.000000000,0.095000000,4,67.22,0.003656170,0.145000000,4,67.22,0.005580471,0.150000000,4,67.223,0.005772901,0.11,4,67.223,0.004233461,0.100000000,4,67.223,0.003848601,None,否,,0,1.3366502344939892,2.040150357911878,,0.7973001398736075,0.7973001398736075
people_daily_qa_300,,中文网页,QA,85550,0.000086,obs://mb-datasets/sst_dedup_0104_merge/people_daily_qa_300/zh__people_daily_qa_300__2025080100/,obs://mb-datasets/sst_dedup_old_token_0108_merge/people_daily_qa_300/zh__people_daily_qa_300__2025080100/,/user/zhangyixuan/data/minicpm5/minicpm5_tokenizer.128k.dedup_link_all/people_daily_qa_300,,0.010000000,0,0.00,0.000000000,0.001000000,0,0.00,0.000000000,0.000000000,0,0.00,0.000000000,0.000200000,1200,0.103,0.000000078,0.0002,1200,0.103,0.000000078,0.000000000,1200,0.103,0.000000000,None,否,,0,0,1.8660654495457139,,0.9330327247728569,0.9330327247728569
classical_chinese_full_new_0712,,中文知识,QA,3.09136668e+08,0.309137,obs://mb-datasets/sst_dedup_0104_merge/classical_chinese_full_new_0712/zh__classical_chinese_full_new_0712__2025082500/,obs://mb-datasets/sst_dedup_old_token_0108_merge/classical_chinese_full_new_0712/zh__classical_chinese_full_new_0712__2025082500/,/user/zhangyixuan/data/minicpm5/minicpm5_tokenizer.128k.dedup_link_all/classical_chinese_full_new_0712,,0.001000000,0,0.00,0.000000000,0.002000000,1,0.31,0.000043196,0.002000000,1,0.31,0.000042437,0.001000000,1,0.309,0.000014221,0.001,1,0.309,0.000011510,0.001000000,1,0.309,0.000008950,None,否,,0,0.8585014372242564,0.9527148906886097,,0.3332738724735955,0.3332738724735955
couplet_full_new_0712,,中文知识,QA,2.23474347e+08,0.223474,obs://mb-datasets/sst_dedup_0104_merge/couplet_full_new_0712/zh__couplet_full_new_0712__2025082500/,obs://mb-datasets/sst_dedup_old_token_0108_merge/couplet_full_new_0712/zh__couplet_full_new_0712__2025082500/,/user/zhangyixuan/data/minicpm5/minicpm5_tokenizer.128k.dedup_link_all/couplet_full_new_0712,,0.001000000,0,0.00,0.000000000,0.002000000,1,0.22,0.000031226,0.002000000,1,0.22,0.000030677,0.001000000,1,0.223,0.000010280,0.001,1,0.223,0.000008321,0.001000000,1,0.223,0.000006470,None,否,,0,0.8585014372242565,0.9527148906886098,,0.3332738724735955,0.3332738724735955
eq_1103,,数学计算,QA,5.277126046e+09,5.277126,obs://mb-datasets/sst_dedup_0104_merge/eq_1103/zh__eq_1103__2025082500/,obs://mb-datasets/sst_dedup_old_token_0108_merge/eq_1103/zh__eq_1103__2025082500/,/user/zhangyixuan/data/minicpm5/minicpm5_tokenizer.128k.dedup_link_all/eq_1103,,0.000000000,1e-05,0.00,0.000000000,0.000000000,1e-05,0.00,0.000000000,0.000000000,1e-05,0.00,0.000000000,0.070000000,0.1,0.528,0.000921639,0.08,0.1,0.528,0.001065482,0.120000000,0.1,0.528,0.001579952,None,否,,0,0,0.35767875926856163,,0.17883937963428082,0.17883937963428082
math_college_cnq_trans-from-enq,,数学计算,QA,1.31362205e+08,0.131362,obs://mb-datasets/sst_dedup_0104_merge/math_college_cnq_trans-from-enq/zh__math_college_cnq_trans-from-enq__2025082500/,obs://mb-datasets/sst_dedup_old_token_0108_merge/math_college_cnq_trans-from-enq/zh__math_college_cnq_trans-from-enq__2025082500/,/user/zhangyixuan/data/minicpm5/minicpm5_tokenizer.128k.dedup_link_all/math_college_cnq_trans-from-enq,,0.000000000,1e-05,0.00,0.000000000,0.000000000,1e-05,0.00,0.000000000,0.000000000,1e-05,0.00,0.000000000,0.070000000,1,0.131,0.000229421,0.08,1,0.131,0.000265228,0.120000000,1,0.131,0.000393294,None,否,,0,0,3.576787592685617,,1.7883937963428085,1
math_college_en,,数学计算,QA,1.83600176e+08,0.183600,obs://mb-datasets/sst_dedup_0104_merge/math_college_en/en__math_college_en__2025082500/,obs://mb-datasets/sst_dedup_old_token_0108_merge/math_college_en/en__math_college_en__2025082500/,/user/zhangyixuan/data/minicpm5/minicpm5_tokenizer.128k.dedup_link_all/math_college_en,,0.000000000,1e-05,0.00,0.000000000,0.000000000,1e-05,0.00,0.000000000,0.000000000,1e-05,0.00,0.000000000,0.070000000,0.8,0.147,0.000256523,0.08,0.8,0.147,0.000296559,0.120000000,0.8,0.147,0.000439754,None,否,,0,0,2.8614300741484935,,1.4307150370742467,1
math_k12_1103,,数学计算,QA,1.37401357e+08,0.137401,obs://mb-datasets/sst_dedup_0104_merge/math_k12_1103/zh__math_k12_1103__2025082000/,obs://mb-datasets/sst_dedup_old_token_0108_merge/math_k12_1103/zh__math_k12_1103__2025082000/,/user/zhangyixuan/data/minicpm5/minicpm5_tokenizer.128k.dedup_link_all/math_k12_1103,,0.000000000,1e-05,0.00,0.000000000,0.000000000,1e-05,0.00,0.000000000,0.000000000,1e-05,0.00,0.000000000,0.070000000,1,0.137,0.000239968,0.08,1,0.137,0.000277421,0.120000000,1,0.137,0.000411375,None,否,,0,0,3.576787592685617,,1.7883937963428085,1
math_k12_cn,,数学计算,QA,3.35855404e+08,0.335855,obs://mb-datasets/sst_dedup_0104_merge/math_k12_cn/zh__math_k12_cn__2025082500/,obs://mb-datasets/sst_dedup_old_token_0108_merge/math_k12_cn/zh__math_k12_cn__2025082500/,/user/zhangyixuan/data/minicpm5/minicpm5_tokenizer.128k.dedup_link_all/math_k12_cn,,0.000000000,1e-05,0.00,0.000000000,0.000000000,1e-05,0.00,0.000000000,0.000000000,1e-05,0.00,0.000000000,0.070000000,1,0.336,0.000586564,0.08,1,0.336,0.000678111,0.120000000,1,0.336,0.001005539,None,否,,0,0,3.576787592685616,,1.788393796342808,1
math_k12_knowledge_wenku,,数学计算,QA,2.29718992e+08,0.229719,obs://mb-datasets/sst_dedup_0104_merge/math_k12_knowledge_wenku/zh__math_k12_knowledge_wenku__2025082500/,obs://mb-datasets/sst_dedup_old_token_0108_merge/math_k12_knowledge_wenku/zh__math_k12_knowledge_wenku__2025082500/,/user/zhangyixuan/data/minicpm5/minicpm5_tokenizer.128k.dedup_link_all/math_k12_knowledge_wenku,,0.000000000,1e-05,0.00,0.000000000,0.000000000,1e-05,0.00,0.000000000,0.000000000,1e-05,0.00,0.000000000,0.070000000,1,0.230,0.000401199,0.08,1,0.230,0.000463816,0.120000000,1,0.230,0.000687770,None,否,,0,0,3.5767875926856165,,1.7883937963428083,1
math_k12_trans-to-en,,数学计算,QA,2.05784128e+08,0.205784,obs://mb-datasets/sst_dedup_0104_merge/math_k12_trans-to-en/en__math_k12_trans-to-en__2025082500/,obs://mb-datasets/sst_dedup_old_token_0108_merge/math_k12_trans-to-en/en__math_k12_trans-to-en__2025082500/,/user/zhangyixuan/data/minicpm5/minicpm5_tokenizer.128k.dedup_link_all/math_k12_trans-to-en,,0.000000000,1e-05,0.00,0.000000000,0.000000000,1e-05,0.00,0.000000000,0.000000000,1e-05,0.00,0.000000000,0.070000000,1,0.206,0.000359398,0.08,1,0.206,0.000415490,0.120000000,1,0.206,0.000616110,None,否,,0,0,3.5767875926856165,,1.7883937963428083,1
math_k12en_numina_stepwise,,数学计算,QA,1.58374636e+08,0.158375,obs://mb-datasets/sst_dedup_0104_merge/math_k12en_numina_stepwise/en__math_k12en_numina_stepwise__2025082500/,obs://mb-datasets/sst_dedup_old_token_0108_merge/math_k12en_numina_stepwise/en__math_k12en_numina_stepwise__2025082500/,/user/zhangyixuan/data/minicpm5/minicpm5_tokenizer.128k.dedup_link_all/math_k12en_numina_stepwise,,0.000000000,1e-05,0.00,0.000000000,0.000000000,1e-05,0.00,0.000000000,0.000000000,1e-05,0.00,0.000000000,0.070000000,0.8,0.127,0.000221278,0.08,0.8,0.127,0.000255814,0.120000000,0.8,0.127,0.000379334,None,否,,0,0,2.8614300741484935,,1.4307150370742467,1
math_k12en_numina_stepwise_error_recovery,,数学计算,QA,4.5661044e+07,0.045661,obs://mb-datasets/sst_dedup_0104_merge/math_k12en_numina_stepwise_error_recovery/en__math_k12en_numina_stepwise_error_recovery__2025082500/,obs://mb-datasets/sst_dedup_old_token_0108_merge/math_k12en_numina_stepwise_error_recovery/en__math_k12en_numina_stepwise_error_recovery__2025082500/,/user/zhangyixuan/data/minicpm5/minicpm5_tokenizer.128k.dedup_link_all/math_k12en_numina_stepwise_error_recovery,,0.000000000,1e-05,0.00,0.000000000,0.000000000,1e-05,0.00,0.000000000,0.000000000,1e-05,0.00,0.000000000,0.070000000,0.8,0.037,0.000063797,0.08,0.8,0.037,0.000073754,0.120000000,0.8,0.037,0.000109366,None,否,,0,0,2.8614300741484935,,1.4307150370742467,1
math_merge_meta_instruct_plus,,数学计算,QA,3.53331496e+08,0.353331,obs://mb-datasets/sst_dedup_0104_merge/math_merge_meta_instruct_plus/en__math_merge_meta_instruct_plus__2025082500/,obs://mb-datasets/sst_dedup_old_token_0108_merge/math_merge_meta_instruct_plus/en__math_merge_meta_instruct_plus__2025082500/,/user/zhangyixuan/data/minicpm5/minicpm5_tokenizer.128k.dedup_link_all/math_merge_meta_instruct_plus,,0.000000000,1e-05,0.00,0.000000000,0.000000000,1e-05,0.00,0.000000000,0.000000000,1e-05,0.00,0.000000000,0.070000000,0.8,0.283,0.000493669,0.08,0.8,0.283,0.000570717,0.120000000,0.8,0.283,0.000846289,None,否,,0,0,2.8614300741484935,,1.4307150370742467,1
math_numina,,数学计算,QA,4.11256408e+08,0.411256,obs://mb-datasets/sst_dedup_0104_merge/math_numina/en__math_numina__2025082500/,obs://mb-datasets/sst_dedup_old_token_0108_merge/math_numina/en__math_numina__2025082500/,/user/zhangyixuan/data/minicpm5/minicpm5_tokenizer.128k.dedup_link_all/math_numina,,0.000000000,1e-05,0.00,0.000000000,0.000000000,1e-05,0.00,0.000000000,0.000000000,1e-05,0.00,0.000000000,0.070000000,1,0.411,0.000718250,0.08,1,0.411,0.000830350,0.120000000,1,0.411,0.001231286,None,否,,0,0,3.5767875926856165,,1.7883937963428083,1
math_primary_mwp,,数学计算,QA,5.9590414e+07,0.059590,obs://mb-datasets/sst_dedup_0104_merge/math_primary_mwp/zh__math_primary_mwp__2025082500/,obs://mb-datasets/sst_dedup_old_token_0108_merge/math_primary_mwp/zh__math_primary_mwp__2025082500/,/user/zhangyixuan/data/minicpm5/minicpm5_tokenizer.128k.dedup_link_all/math_primary_mwp,,0.000000000,1e-05,0.00,0.000000000,0.000000000,1e-05,0.00,0.000000000,0.000000000,1e-05,0.00,0.000000000,0.070000000,1,0.060,0.000104073,0.08,1,0.060,0.000120316,0.120000000,1,0.060,0.000178411,None,否,,0,0,3.576787592685617,,1.7883937963428085,1
math_trans-from-en,,数学计算,QA,2.05784128e+08,0.205784,obs://mb-datasets/sst_dedup_0104_merge/math_trans-from-en/zh__math_trans-from-en__2025082500/,obs://mb-datasets/sst_dedup_old_token_0108_merge/math_trans-from-en/zh__math_trans-from-en__2025082500/,/user/zhangyixuan/data/minicpm5/minicpm5_tokenizer.128k.dedup_link_all/math_trans-from-en,,0.000000000,1e-05,0.00,0.000000000,0.000000000,1e-05,0.00,0.000000000,0.000000000,1e-05,0.00,0.000000000,0.070000000,0.6,0.123,0.000215639,0.08,0.6,0.123,0.000249294,0.120000000,0.6,0.123,0.000369666,None,否,,0,0,2.14607255561137,,1.073036277805685,1
math_webinstructsub,,数学计算,QA,7.42823308e+08,0.742823,obs://mb-datasets/sst_dedup_0104_merge/math_webinstructsub/en__math_webinstructsub__2025082500/,obs://mb-datasets/sst_dedup_old_token_0108_merge/math_webinstructsub/en__math_webinstructsub__2025082500/,/user/zhangyixuan/data/minicpm5/minicpm5_tokenizer.128k.dedup_link_all/math_webinstructsub,,0.000000000,1e-05,0.00,0.000000000,0.000000000,1e-05,0.00,0.000000000,0.000000000,1e-05,0.00,0.000000000,0.070000000,1,0.743,0.001297325,0.08,1,0.743,0.001499802,0.120000000,1,0.743,0.002223985,None,否,,0,0,3.5767875926856165,,1.7883937963428083,1
size_math,,数学计算,QA,4.58190712e+08,0.458191,obs://mb-datasets/sst_dedup_0104_merge/size_math/none__size_math__2025082500/,obs://mb-datasets/sst_dedup_old_token_0108_merge/size_math/none__size_math__2025082500/,/user/zhangyixuan/data/minicpm5/minicpm5_tokenizer.128k.dedup_link_all/size_math,,0.000000000,1e-05,0.00,0.000000000,0.000000000,1e-05,0.00,0.000000000,0.000000000,1e-05,0.00,0.000000000,0.070000000,1,0.458,0.000800220,0.08,0,0.000,0.000000000,0.120000000,1,0.458,0.001371806,None,否,,0,0,3.576787592685617,,1.7883937963428085,1
wordproblem_1013,,数学计算,QA,2.037336e+06,0.002037,obs://mb-datasets/sst_dedup_0104_merge/wordproblem_1013/zh__wordproblem_1013__2025082500/,obs://mb-datasets/sst_dedup_old_token_0108_merge/wordproblem_1013/zh__wordproblem_1013__2025082500/,/user/zhangyixuan/data/minicpm5/minicpm5_tokenizer.128k.dedup_link_all/wordproblem_1013,,0.000000000,1e-05,0.00,0.000000000,0.000000000,1e-05,0.00,0.000000000,0.000000000,1e-05,0.00,0.000000000,0.070000000,1,0.002,0.000003558,0.08,1,0.002,0.000004113,0.120000000,1,0.002,0.000006100,None,否,,0,0,3.576787592685617,,1.7883937963428085,1
bbh_improve_0829_v9,,通用指令,QA,1.269432e+07,0.012694,obs://mb-datasets/sst_dedup_0104_merge/bbh_improve_0829_v9/en__bbh_improve_0829_v9__2025082500/,obs://mb-datasets/sst_dedup_old_token_0108_merge/bbh_improve_0829_v9/en__bbh_improve_0829_v9__2025082500/,/user/zhangyixuan/data/minicpm5/minicpm5_tokenizer.128k.dedup_link_all/bbh_improve_0829_v9,,0.000000000,1e-05,0.00,0.000000000,0.000000000,1e-05,0.00,0.000000000,0.000000000,1e-05,0.00,0.000000000,0.030000000,1,0.013,0.000007720,0.08,1,0.013,0.000020587,0.120000000,1,0.013,0.000020101,None,否,,0,0,1.2454862001961977,,0.6227431000980989,0.6227431000980989
close_llm_instruct,,通用指令,QA,8.7966678e+07,0.087967,obs://mb-datasets/sst_dedup_0104_merge/close_llm_instruct/en__close_llm_instruct__2025082000/,obs://mb-datasets/sst_dedup_old_token_0108_merge/close_llm_instruct/en__close_llm_instruct__2025082000/,/user/zhangyixuan/data/minicpm5/minicpm5_tokenizer.128k.dedup_link_all/close_llm_instruct,,0.000000000,1e-05,0.00,0.000000000,0.000000000,1e-05,0.00,0.000000000,0.000000000,1e-05,0.00,0.000000000,0.030000000,1,0.088,0.000053497,0.08,1,0.088,0.000142658,0.120000000,1,0.088,0.000139291,None,否,,0,0,1.2454862001961977,,0.6227431000980989,0.6227431000980989
CoT_collection_en,,通用指令,QA,7.891084e+07,0.078911,obs://mb-datasets/sst_dedup_0104_merge/CoT_collection_en/en__CoT_collection_en__2025082000/,obs://mb-datasets/sst_dedup_old_token_0108_merge/CoT_collection_en/en__CoT_collection_en__2025082000/,/user/zhangyixuan/data/minicpm5/minicpm5_tokenizer.128k.dedup_link_all/CoT_collection_en,,0.000000000,1e-05,0.00,0.000000000,0.000000000,1e-05,0.00,0.000000000,0.000000000,1e-05,0.00,0.000000000,0.030000000,1,0.079,0.000047989,0.08,1,0.079,0.000127972,0.120000000,1,0.079,0.000124952,None,否,,0,0,1.2454862001961977,,0.6227431000980989,0.6227431000980989
decay_en_if_081602_chatml,,通用指令,QA,1.42027158e+08,0.142027,obs://mb-datasets/sst_dedup_0104_merge/decay_en_if_081602_chatml/en__decay_en_if_081602_chatml__2025082500/,obs://mb-datasets/sst_dedup_old_token_0108_merge/decay_en_if_081602_chatml/en__decay_en_if_081602_chatml__2025082500/,/user/zhangyixuan/data/minicpm5/minicpm5_tokenizer.128k.dedup_link_all/decay_en_if_081602_chatml,,0.000000000,1e-05,0.00,0.000000000,0.000000000,1e-05,0.00,0.000000000,0.000000000,1e-05,0.00,0.000000000,0.030000000,1,0.142,0.000086373,0.08,1,0.142,0.000230329,0.120000000,1,0.142,0.000224893,None,否,,0,0,1.2454862001961975,,0.6227431000980987,0.6227431000980987
fbdata_v40,,通用指令,QA,4.058903e+07,0.040589,obs://mb-datasets/sst_dedup_0104_merge/fbdata_v40/en__fbdata_v40__2025082500/,obs://mb-datasets/sst_dedup_old_token_0108_merge/fbdata_v40/en__fbdata_v40__2025082500/,/user/zhangyixuan/data/minicpm5/minicpm5_tokenizer.128k.dedup_link_all/fbdata_v40,,0.000000000,1e-05,0.00,0.000000000,0.000000000,1e-05,0.00,0.000000000,0.000000000,1e-05,0.00,0.000000000,0.030000000,1,0.041,0.000024684,0.08,1,0.041,0.000065824,0.120000000,1,0.041,0.000064271,None,否,,0,0,1.2454862001961975,,0.6227431000980987,0.6227431000980987
gaokao_essay,,通用指令,QA,822934,0.000823,obs://mb-datasets/sst_dedup_0104_merge/gaokao_essay/zh__gaokao_essay__2025082500/,obs://mb-datasets/sst_dedup_old_token_0108_merge/gaokao_essay/zh__gaokao_essay__2025082500/,/user/zhangyixuan/data/minicpm5/minicpm5_tokenizer.128k.dedup_link_all/gaokao_essay,,0.000000000,1e-05,0.00,0.000000000,0.000000000,1e-05,0.00,0.000000000,0.000000000,1e-05,0.00,0.000000000,0.030000000,1,0.001,0.000000500,0.08,1,0.001,0.000001335,0.120000000,1,0.001,0.000001303,None,否,,0,0,1.2454862001961975,,0.6227431000980987,0.6227431000980987
guowuyuan_qa,,通用指令,QA,1.07463e+07,0.010746,obs://mb-datasets/sst_dedup_0104_merge/guowuyuan_qa/zh__guowuyuan_qa__2025082500/,obs://mb-datasets/sst_dedup_old_token_0108_merge/guowuyuan_qa/zh__guowuyuan_qa__2025082500/,/user/zhangyixuan/data/minicpm5/minicpm5_tokenizer.128k.dedup_link_all/guowuyuan_qa,,0.000000000,1e-05,0.00,0.000000000,0.000000000,1e-05,0.00,0.000000000,0.000000000,1e-05,0.00,0.000000000,0.030000000,1,0.011,0.000006535,0.08,1,0.011,0.000017428,0.120000000,1,0.011,0.000017016,None,否,,0,0,1.2454862001961975,,0.6227431000980987,0.6227431000980987
k12_icl_no_sys,,通用指令,QA,5.7933619e+07,0.057934,obs://mb-datasets/sst_dedup_0104_merge/k12_icl_no_sys/zh__k12_icl_no_sys__2025082500/,obs://mb-datasets/sst_dedup_old_token_0108_merge/k12_icl_no_sys/zh__k12_icl_no_sys__2025082500/,/user/zhangyixuan/data/minicpm5/minicpm5_tokenizer.128k.dedup_link_all/k12_icl_no_sys,,0.000000000,1e-05,0.00,0.000000000,0.000000000,1e-05,0.00,0.000000000,0.000000000,1e-05,0.00,0.000000000,0.030000000,1,0.058,0.000035232,0.08,1,0.058,0.000093953,0.120000000,1,0.058,0.000091735,None,否,,0,0,1.2454862001961977,,0.6227431000980989,0.6227431000980989
knowledge_rewrite_no_sys,,通用指令,QA,3.891725e+07,0.038917,obs://mb-datasets/sst_dedup_0104_merge/knowledge_rewrite_no_sys/zh__knowledge_rewrite_no_sys__2025082500/,obs://mb-datasets/sst_dedup_old_token_0108_merge/knowledge_rewrite_no_sys/zh__knowledge_rewrite_no_sys__2025082500/,/user/zhangyixuan/data/minicpm5/minicpm5_tokenizer.128k.dedup_link_all/knowledge_rewrite_no_sys,,0.000000000,1e-05,0.00,0.000000000,0.000000000,1e-05,0.00,0.000000000,0.000000000,1e-05,0.00,0.000000000,0.030000000,1,0.039,0.000023667,0.08,1,0.039,0.000063113,0.120000000,1,0.039,0.000061624,None,否,,0,0,1.2454862001961977,,0.6227431000980989,0.6227431000980989
logi_merge_no_sys,,通用指令,QA,1.0623454e+07,0.010623,obs://mb-datasets/sst_dedup_0104_merge/logi_merge_no_sys/en__logi_merge_no_sys__2025082500/,obs://mb-datasets/sst_dedup_old_token_0108_merge/logi_merge_no_sys/en__logi_merge_no_sys__2025082500/,/user/zhangyixuan/data/minicpm5/minicpm5_tokenizer.128k.dedup_link_all/logi_merge_no_sys,,0.000000000,1e-05,0.00,0.000000000,0.000000000,1e-05,0.00,0.000000000,0.000000000,1e-05,0.00,0.000000000,0.030000000,1,0.011,0.000006461,0.08,1,0.011,0.000017228,0.120000000,1,0.011,0.000016822,None,否,,0,0,1.2454862001961977,,0.6227431000980989,0.6227431000980989
magpie,,通用指令,QA,1.95079533e+08,0.195080,obs://mb-datasets/sst_dedup_0104_merge/magpie/en__magpie__2025082500/,obs://mb-datasets/sst_dedup_old_token_0108_merge/magpie/en__magpie__2025082500/,/user/zhangyixuan/data/minicpm5/minicpm5_tokenizer.128k.dedup_link_all/magpie,,0.000000000,1e-05,0.00,0.000000000,0.000000000,1e-05,0.00,0.000000000,0.000000000,1e-05,0.00,0.000000000,0.030000000,1,0.195,0.000118637,0.08,1,0.195,0.000316366,0.120000000,1,0.195,0.000308899,None,否,,0,0,1.2454862001961977,,0.6227431000980989,0.6227431000980989
magpie_gp,,通用指令,QA,8.7710202e+07,0.087710,obs://mb-datasets/sst_dedup_0104_merge/magpie_gp/en__magpie_gp__2025082500/,obs://mb-datasets/sst_dedup_old_token_0108_merge/magpie_gp/en__magpie_gp__2025082500/,/user/zhangyixuan/data/minicpm5/minicpm5_tokenizer.128k.dedup_link_all/magpie_gp,,0.000000000,1e-05,0.00,0.000000000,0.000000000,1e-05,0.00,0.000000000,0.000000000,1e-05,0.00,0.000000000,0.030000000,1,0.088,0.000053341,0.08,1,0.088,0.000142242,0.120000000,1,0.088,0.000138885,None,否,,0,0,1.2454862001961975,,0.6227431000980987,0.6227431000980987
mtbench_like_no_sys,,通用指令,QA,1.47764533e+08,0.147765,obs://mb-datasets/sst_dedup_0104_merge/mtbench_like_no_sys/en__mtbench_like_no_sys__2025082500/,obs://mb-datasets/sst_dedup_old_token_0108_merge/mtbench_like_no_sys/en__mtbench_like_no_sys__2025082500/,/user/zhangyixuan/data/minicpm5/minicpm5_tokenizer.128k.dedup_link_all/mtbench_like_no_sys,,0.000000000,1e-05,0.00,0.000000000,0.000000000,1e-05,0.00,0.000000000,0.000000000,1e-05,0.00,0.000000000,0.030000000,1,0.148,0.000089863,0.08,1,0.148,0.000239634,0.120000000,1,0.148,0.000233978,None,否,,0,0,1.2454862001961975,,0.6227431000980987,0.6227431000980987
multifaceted_collection_sft,,通用指令,QA,5.5081866e+07,0.055082,obs://mb-datasets/sst_dedup_0104_merge/multifaceted_collection_sft/en__multifaceted_collection_sft__2025082500/,obs://mb-datasets/sst_dedup_old_token_0108_merge/multifaceted_collection_sft/en__multifaceted_collection_sft__2025082500/,/user/zhangyixuan/data/minicpm5/minicpm5_tokenizer.128k.dedup_link_all/multifaceted_collection_sft,,0.000000000,1e-05,0.00,0.000000000,0.000000000,1e-05,0.00,0.000000000,0.000000000,1e-05,0.00,0.000000000,0.030000000,1,0.055,0.000033498,0.08,1,0.055,0.000089328,0.120000000,1,0.055,0.000087220,None,否,,0,0,1.2454862001961977,,0.6227431000980989,0.6227431000980989
Nemotron-Instruction-Following-Chat-v1,,通用指令,QA,1.500837647e+09,1.500838,obs://mb-datasets/sst_dedup_0104_merge/Nemotron-Instruction-Following-Chat-v1/Nemotron-Instruction-Following-Chat-v1__20251220/,obs://mb-datasets/sst_dedup_old_token_0108_merge/Nemotron-Instruction-Following-Chat-v1/Nemotron-Instruction-Following-Chat-v1__20251220/,/user/zhangyixuan/data/minicpm5/minicpm5_tokenizer.128k.dedup_link_all/Nemotron-Instruction-Following-Chat-v1,,0.000000000,1e-05,0.00,0.000000000,0.000000000,1e-05,0.00,0.000000000,0.000000000,1e-05,0.00,0.000000000,0.030000000,1,1.501,0.000912731,0.08,1,1.501,0.002433949,0.120000000,10,15.008,0.023765066,None,否,,0,0,1.2454862001961975,,0.6227431000980987,0.6227431000980987
num_format_task_0715_280k_wo_sys,,通用指令,QA,1.7416327e+07,0.017416,obs://mb-datasets/sst_dedup_0104_merge/num_format_task_0715_280k_wo_sys/zh__num_format_task_0715_280k_wo_sys__2025082000/,obs://mb-datasets/sst_dedup_old_token_0108_merge/num_format_task_0715_280k_wo_sys/zh__num_format_task_0715_280k_wo_sys__2025082000/,/user/zhangyixuan/data/minicpm5/minicpm5_tokenizer.128k.dedup_link_all/num_format_task_0715_280k_wo_sys,,0.000000000,1e-05,0.00,0.000000000,0.000000000,1e-05,0.00,0.000000000,0.000000000,1e-05,0.00,0.000000000,0.030000000,1,0.017,0.000010592,0.08,1,0.017,0.000028245,0.120000000,1,0.017,0.000027578,None,否,,0,0,1.2454862001961977,,0.6227431000980989,0.6227431000980989
nvidia_Nemotron-Pretraining-SFT_v1_Nemotron-SFT-General,,英文预训练合成,QA,6.7352371916e+10,67.352372,obs://mb-datasets/sst_dedup_0104_merge/nvidia_Nemotron-Pretraining-SFT_v1_Nemotron-SFT-General/,obs://mb-datasets/sst_dedup_old_token_0108_merge/nvidia_Nemotron-Pretraining-SFT_v1_Nemotron-SFT-General/,/user/zhangyixuan/data/minicpm5/minicpm5_tokenizer.128k.dedup_link_all/nvidia_Nemotron-Pretraining-SFT_v1_Nemotron-SFT-General,,0.200000000,1,67.35,0.001285538,0.210000000,1,67.35,0.001349815,0.230000000,1,67.35,0.001413188,0.160000000,16,1077.638,0.012887222,0.11,16,1077.638,0.008859965,0.100000000,16,1077.638,0.008350859,None,否,,0.2345380049660783,0.35767045757326943,0.7495353575244398,,0.2760662683389953,0.2760662683389953
openassistant_best_replies_train,,通用指令,QA,3.658874e+06,0.003659,obs://mb-datasets/sst_dedup_0104_merge/openassistant_best_replies_train/en__openassistant_best_replies_train__2025082000/,obs://mb-datasets/sst_dedup_old_token_0108_merge/openassistant_best_replies_train/en__openassistant_best_replies_train__2025082000/,/user/zhangyixuan/data/minicpm5/minicpm5_tokenizer.128k.dedup_link_all/openassistant_best_replies_train,,0.000000000,1e-05,0.00,0.000000000,0.000000000,1e-05,0.00,0.000000000,0.000000000,1e-05,0.00,0.000000000,0.030000000,1,0.004,0.000002225,0.08,1,0.004,0.000005934,0.120000000,1,0.004,0.000005794,None,否,,0,0,1.2454862001961975,,0.6227431000980987,0.6227431000980987
openhermes2_5,,通用指令,QA,1.67078578e+08,0.167079,obs://mb-datasets/sst_dedup_0104_merge/openhermes2_5/en__openhermes2_5__2025082000/,obs://mb-datasets/sst_dedup_old_token_0108_merge/openhermes2_5/en__openhermes2_5__2025082000/,/user/zhangyixuan/data/minicpm5/minicpm5_tokenizer.128k.dedup_link_all/openhermes2_5,,0.000000000,1e-05,0.00,0.000000000,0.000000000,1e-05,0.00,0.000000000,0.000000000,1e-05,0.00,0.000000000,0.030000000,1,0.167,0.000101608,0.08,1,0.167,0.000270956,0.120000000,1,0.167,0.000264561,None,否,,0,0,1.2454862001961975,,0.6227431000980987,0.6227431000980987
reasoning_0730,,通用指令,QA,9.1998736e+07,0.091999,obs://mb-datasets/sst_dedup_0104_merge/reasoning_0730/en__reasoning_0730__2025082000/,obs://mb-datasets/sst_dedup_old_token_0108_merge/reasoning_0730/en__reasoning_0730__2025082000/,/user/zhangyixuan/data/minicpm5/minicpm5_tokenizer.128k.dedup_link_all/reasoning_0730,,0.000000000,1e-05,0.00,0.000000000,0.000000000,1e-05,0.00,0.000000000,0.000000000,1e-05,0.00,0.000000000,0.030000000,1,0.092,0.000055949,0.08,1,0.092,0.000149197,0.120000000,1,0.092,0.000145676,None,否,,0,0,1.2454862001961975,,0.6227431000980987,0.6227431000980987
sft_old_rewrite_no_sys,,通用指令,QA,8.0536587e+07,0.080537,obs://mb-datasets/sst_dedup_0104_merge/sft_old_rewrite_no_sys/zh__sft_old_rewrite_no_sys__2025082500/,obs://mb-datasets/sst_dedup_old_token_0108_merge/sft_old_rewrite_no_sys/zh__sft_old_rewrite_no_sys__2025082500/,/user/zhangyixuan/data/minicpm5/minicpm5_tokenizer.128k.dedup_link_all/sft_old_rewrite_no_sys,,0.000000000,1e-05,0.00,0.000000000,0.000000000,1e-05,0.00,0.000000000,0.000000000,1e-05,0.00,0.000000000,0.030000000,1,0.081,0.000048978,0.08,1,0.081,0.000130608,0.120000000,1,0.081,0.000127526,None,否,,0,0,1.2454862001961975,,0.6227431000980987,0.6227431000980987
ultrainteract_0813,,通用指令,QA,1.45802687e+08,0.145803,obs://mb-datasets/sst_dedup_0104_merge/ultrainteract_0813/en__ultrainteract_0813__2025082500/,obs://mb-datasets/sst_dedup_old_token_0108_merge/ultrainteract_0813/en__ultrainteract_0813__2025082500/,/user/zhangyixuan/data/minicpm5/minicpm5_tokenizer.128k.dedup_link_all/ultrainteract_0813,,0.000000000,1e-05,0.00,0.000000000,0.000000000,1e-05,0.00,0.000000000,0.000000000,1e-05,0.00,0.000000000,0.030000000,1,0.146,0.000088670,0.08,1,0.146,0.000236452,0.120000000,1,0.146,0.000230872,None,否,,0,0,1.2454862001961977,,0.6227431000980989,0.6227431000980989
waijiaobu_qa,,通用指令,QA,1.388768e+06,0.001389,obs://mb-datasets/sst_dedup_0104_merge/waijiaobu_qa/zh__waijiaobu_qa__2025082500/,obs://mb-datasets/sst_dedup_old_token_0108_merge/waijiaobu_qa/zh__waijiaobu_qa__2025082500/,/user/zhangyixuan/data/minicpm5/minicpm5_tokenizer.128k.dedup_link_all/waijiaobu_qa,,0.000000000,1e-05,0.00,0.000000000,0.000000000,1e-05,0.00,0.000000000,0.000000000,1e-05,0.00,0.000000000,0.030000000,1,0.001,0.000000845,0.08,1,0.001,0.000002252,0.120000000,1,0.001,0.000002199,None,否,,0,0,1.2454862001961975,,0.6227431000980987,0.6227431000980987
zhengfu_qa,,通用指令,QA,1.476373e+06,0.001476,obs://mb-datasets/sst_dedup_0104_merge/zhengfu_qa/zh__zhengfu_qa__2025082500/,obs://mb-datasets/sst_dedup_old_token_0108_merge/zhengfu_qa/zh__zhengfu_qa__2025082500/,/user/zhangyixuan/data/minicpm5/minicpm5_tokenizer.128k.dedup_link_all/zhengfu_qa,,0.000000000,1e-05,0.00,0.000000000,0.000000000,1e-05,0.00,0.000000000,0.000000000,1e-05,0.00,0.000000000,0.030000000,1,0.001,0.000000898,0.08,1,0.001,0.000002394,0.120000000,1,0.001,0.000002338,None,否,,0,0,1.2454862001961977,,0.6227431000980989,0.6227431000980989
Nemotron-Pretraining-STEM-SFT,,英文预训练合成,QA,8.1543462007e+10,81.543462,obs://mb-datasets/sst_dedup_0105_merge/Nemotron-Pretraining-STEM-SFT/Nemotron-Pretraining-STEM-SFT__20251219/,obs://mb-datasets/sst_dedup_old_token_0108_merge/Nemotron-Pretraining-STEM-SFT/Nemotron-Pretraining-STEM-SFT__20251219/,/user/zhangyixuan/data/minicpm5/minicpm5_tokenizer.128k.dedup_link_all/Nemotron-Pretraining-STEM-SFT,,0.200000000,1,81.54,0.001556400,0.210000000,1,81.54,0.001634220,0.230000000,1,81.54,0.001710945,0.160000000,16,1304.695,0.015602549,0.11,16,1304.695,0.010726753,0.100000000,16,1304.695,0.010110379,None,否,,0.23453800496607832,0.3576704575732694,0.7495353575244398,,0.2760662683389953,0.2760662683389953
CCI4.0_cot_synthesis_CC,,英文预训练合成,QA,6.4201974174e+10,64.201974,obs://mb-datasets/sst_dedup_0105_merge/CCI4.0_cot_synthesis_CC/en__CCI4.0_cot_synthesis_CC__2025103000/,obs://mb-datasets/sst_dedup_old_token_0108_merge/CCI4.0_cot_synthesis_CC/en__CCI4.0_cot_synthesis_CC__2025103000/,/user/zhangyixuan/data/minicpm5/minicpm5_tokenizer.128k.dedup_link_all/CCI4.0_cot_synthesis_CC,,0.200000000,1,64.20,0.001225407,0.210000000,1,64.20,0.001286677,0.230000000,1,64.20,0.001347086,0.160000000,4,256.808,0.003071106,0.11,4,256.808,0.002111385,0.100000000,4,256.808,0.001990062,None,否,,0.23453800496607827,0.3576704575732694,0.455636682561062,,0.12911693085730636,0.12911693085730636
chegg-qwen35_rewrite_260424_nothink,,英文知识,QA,5.918699475e+09,5.918699,,,/user/zhangyixuan/share_user_data/user/zhangyixuan/data/exp_data/rc_260424/minicpm5_tokenizer_no_think/chegg_nothink_260424,,0.005000000,0,0.00,0.000000000,0.010000000,0,0.00,0.000000000,0.010000000,10,59.19,0.003647542,0.005000000,100,591.870,0.000236562,0.005,300,1775.610,0.000434648,0.005000000,300,1775.610,0.000444836,None,是,,0,0,0.08185547433676282,,0.04092773716838141,0.04092773716838141
chegg-qwen35_rewrite_260424_think,,英文知识,QA,1.0422160077e+10,10.422160,,,/user/zhangyixuan/share_user_data/user/zhangyixuan/data/exp_data/rc_260424/minicpm5_tokenizer/chegg_260424,,0.005000000,0,0.00,0.000000000,0.010000000,0,0.00,0.000000000,0.010000000,0,0.00,0.000000000,0.005000000,0,0.000,0.000000000,0.005,600,6253.296,0.001530733,0.005000000,600,6253.296,0.001566612,None,是,,0,0,0,,0,0
c4-pro,英文,英文精筛 CC,舍弃,3.4095776705e+10,34.095777,obs://mb-datasets/sst_dedup_0104_merge/c4-pro/c4-pro__2025112200/,obs://mb-datasets/sst_dedup_old_token_0108_merge/c4-pro/c4-pro__2025112200/,/user/zhangyixuan/data/minicpm5/minicpm5_tokenizer.128k.dedup_link_all/c4-pro,,0.050000000,,0.00,0.000000000,0.020000000,,0.00,0.000000000,0.000000000,,0.00,0.000000000,0.000000000,,0.000,0.000000000,0,,0.000,0.000000000,0.000000000,,0.000,0.000000000,None,,,0,0,0,,0,0
en.wikihow,英文,英文知识,舍弃,2.28591021e+08,0.228591,obs://mb-datasets/sst_dedup_0104_merge/en.wikihow/en__en.wikihow__2025082500/,obs://mb-datasets/sst_dedup_old_token_0108_merge/en.wikihow/en__en.wikihow__2025082500/,/user/zhangyixuan/data/minicpm5/minicpm5_tokenizer.128k.dedup_link_all/en.wikihow,,0.005000000,,0.00,0.000000000,0.010000000,,0.00,0.000000000,0.010000000,,0.00,0.000000000,0.005000000,,0.000,0.000000000,0.005,,0.000,0.000000000,0.005000000,,0.000,0.000000000,None,,,0,0,0,,0,0
Text_Documentation_fim_v1,代码,代码,舍弃,9.847694047e+09,9.847694,obs://mb-datasets/sst_dedup_0106_merge/Text_Documentation_fim_v1/,obs://mb-datasets/sst_dedup_old_token_0108_merge/Text_Documentation_fim_v1/,/user/zhangyixuan/data/minicpm5/minicpm5_tokenizer.128k.dedup_link_all/Text_Documentation_fim_v1,,0.285000000,0,0.00,0.000000000,0.295000000,0,0.00,0.000000000,0.300000000,0,0.00,0.000000000,0.350000000,0,0.000,0.000000000,0.3,0,0.000,0.000000000,0.250000000,0,0.000,0.000000000,ultradata_code_fim_v1_TeX_cls ｜ ultradata_code_fim_v1_TeX_sty ｜ ultradata_code_fim_v1_TeX_tex,,,0,0,0,,0,0
code_dedup_new_rule_filtered_v1_transformed,代码,代码,舍弃,2.71753735322e+11,271.753735,obs://mb-datasets/sst_dedup_0104_merge/code_dedup_new_rule_filtered_v1_transformed/en__code_dedup_new_rule_filtered_v1_transformed__2025082500/,obs://mb-datasets/sst_dedup_old_token_0108_merge/code_dedup_new_rule_filtered_v1_transformed/en__code_dedup_new_rule_filtered_v1_transformed__2025082500/,/user/zhangyixuan/data/minicpm5/minicpm5_tokenizer.128k.dedup_link_all/code_dedup_new_rule_filtered_v1_transformed,,0.285000000,,0.00,0.000000000,0.295000000,,0.00,0.000000000,0.300000000,,0.00,0.000000000,0.350000000,,0.000,0.000000000,0.3,,0.000,0.000000000,0.250000000,,0.000,0.000000000,None,,,0,0,0,,0,0
jupyter_notebook_markdown_transformed,代码,代码,舍弃,5.6026981809e+10,56.026982,obs://mb-datasets/sst_dedup_0104_merge/jupyter_notebook_markdown_transformed/none__jupyter_notebook_markdown_transformed__2025082500/,obs://mb-datasets/sst_dedup_old_token_0108_merge/jupyter_notebook_markdown_transformed/none__jupyter_notebook_markdown_transformed__2025082500/,/user/zhangyixuan/data/minicpm5/minicpm5_tokenizer.128k.dedup_link_all/jupyter_notebook_markdown_transformed,,0.285000000,,0.00,0.000000000,0.295000000,,0.00,0.000000000,0.300000000,,0.00,0.000000000,0.350000000,,0.000,0.000000000,0.3,,0.000,0.000000000,0.250000000,,0.000,0.000000000,None,,,0,0,0,,0,0
stack_v2_fim,代码,代码,舍弃,5.74476112049e+11,574.476112,obs://mb-datasets/sst_dedup_0104_merge/stack_v2_fim/none__stack_v2_fim__2025082500/,obs://mb-datasets/sst_dedup_old_token_0108_merge/stack_v2_fim/none__stack_v2_fim__2025082500/,/user/zhangyixuan/data/minicpm5/minicpm5_tokenizer.128k.dedup_link_all/stack_v2_fim,,0.285000000,,0.00,0.000000000,0.295000000,,0.00,0.000000000,0.300000000,,0.00,0.000000000,0.350000000,,0.000,0.000000000,0.3,,0.000,0.000000000,0.250000000,,0.000,0.000000000,None,,,0,0,0,,0,0
the_stack_v2_rule_filtered_transformed,代码,代码,舍弃,4.45696542662e+11,445.696543,obs://mb-datasets/sst_dedup_0104_merge/the_stack_v2_rule_filtered_transformed/en__the_stack_v2_rule_filtered_transformed__2025082500/,obs://mb-datasets/sst_dedup_old_token_0108_merge/the_stack_v2_rule_filtered_transformed/en__the_stack_v2_rule_filtered_transformed__2025082500/,/user/zhangyixuan/data/minicpm5/minicpm5_tokenizer.128k.dedup_link_all/the_stack_v2_rule_filtered_transformed,,0.285000000,,0.00,0.000000000,0.295000000,,0.00,0.000000000,0.300000000,,0.00,0.000000000,0.350000000,,0.000,0.000000000,0.3,,0.000,0.000000000,0.250000000,,0.000,0.000000000,None,,,0,0,0,,0,0
chinesewebtext,,中文 CC,舍弃,9.56774285e+08,0.956774,obs://mb-datasets/sst_dedup_0104_merge/chinesewebtext/zh__chinesewebtext__2025112200/,obs://mb-datasets/sst_dedup_old_token_0108_merge/chinesewebtext/zh__chinesewebtext__2025112200/,/user/zhangyixuan/data/minicpm5/minicpm5_tokenizer.128k.dedup_link_all/chinesewebtext,,0.006000000,,0.00,0.000000000,0.000000000,1e-05,0.00,0.000000000,0.000000000,1e-05,0.00,0.000000000,0.000000000,,0.000,0.000000000,0,,0.000,0.000000000,0.000000000,,0.000,0.000000000,None,,,0,0,0,,0,0
industrycorpus,,中文 CC,舍弃,1.4309725211e+10,14.309725,obs://mb-datasets/sst_dedup_0104_merge/industrycorpus/zh__industrycorpus__2025112200/,obs://mb-datasets/sst_dedup_old_token_0108_merge/industrycorpus/zh__industrycorpus__2025112200/,/user/zhangyixuan/data/minicpm5/minicpm5_tokenizer.128k.dedup_link_all/industrycorpus,,0.006000000,,0.00,0.000000000,0.000000000,1e-05,0.00,0.000000000,0.000000000,1e-05,0.00,0.000000000,0.000000000,,0.000,0.000000000,0,,0.000,0.000000000,0.000000000,,0.000,0.000000000,None,,,0,0,0,,0,0
michao,,中文 CC,舍弃,1.8431484703e+10,18.431485,obs://mb-datasets/sst_dedup_0104_merge/michao/zh__michao__2025112200/,obs://mb-datasets/sst_dedup_old_token_0108_merge/michao/zh__michao__2025112200/,/user/zhangyixuan/data/minicpm5/minicpm5_tokenizer.128k.dedup_link_all/michao,,0.006000000,,0.00,0.000000000,0.000000000,1e-05,0.00,0.000000000,0.000000000,1e-05,0.00,0.000000000,0.000000000,,0.000,0.000000000,0,,0.000,0.000000000,0.000000000,,0.000,0.000000000,None,,,0,0,0,,0,0
skypile,,中文 CC,舍弃,5.5802513229e+10,55.802513,obs://mb-datasets/sst_dedup_0104_merge/skypile/zh__skypile__2025112200/,obs://mb-datasets/sst_dedup_old_token_0108_merge/skypile/zh__skypile__2025112200/,/user/zhangyixuan/data/minicpm5/minicpm5_tokenizer.128k.dedup_link_all/skypile,,0.006000000,,0.00,0.000000000,0.000000000,1e-05,0.00,0.000000000,0.000000000,1e-05,0.00,0.000000000,0.000000000,,0.000,0.000000000,0,,0.000,0.000000000,0.000000000,,0.000,0.000000000,None,,,0,0,0,,0,0
tele.ai,,中文 CC,舍弃,3.752898736e+10,37.528987,obs://mb-datasets/sst_dedup_0104_merge/tele.ai/zh__tele.ai__2025112200/,obs://mb-datasets/sst_dedup_old_token_0108_merge/tele.ai/zh__tele.ai__2025112200/,/user/zhangyixuan/data/minicpm5/minicpm5_tokenizer.128k.dedup_link_all/tele.ai,,0.006000000,,0.00,0.000000000,0.000000000,1e-05,0.00,0.000000000,0.000000000,1e-05,0.00,0.000000000,0.000000000,,0.000,0.000000000,0,,0.000,0.000000000,0.000000000,,0.000,0.000000000,None,,,0,0,0,,0,0
wudao,,中文 CC,舍弃,2.4086851426e+10,24.086851,obs://mb-datasets/sst_dedup_0104_merge/wudao/zh__wudao__2025112200/,obs://mb-datasets/sst_dedup_old_token_0108_merge/wudao/zh__wudao__2025112200/,/user/zhangyixuan/data/minicpm5/minicpm5_tokenizer.128k.dedup_link_all/wudao,,0.006000000,,0.00,0.000000000,0.000000000,1e-05,0.00,0.000000000,0.000000000,1e-05,0.00,0.000000000,0.000000000,,0.000,0.000000000,0,,0.000,0.000000000,0.000000000,,0.000,0.000000000,None,,,0,0,0,,0,0
zh_chinesewebtext,,中文 CC,舍弃,3.125432486e+10,31.254325,obs://mb-datasets/sst_dedup_0104_merge/zh_chinesewebtext/zh__zh_chinesewebtext__2025112200/,obs://mb-datasets/sst_dedup_old_token_0108_merge/zh_chinesewebtext/zh__zh_chinesewebtext__2025112200/,/user/zhangyixuan/data/minicpm5/minicpm5_tokenizer.128k.dedup_link_all/zh_chinesewebtext,,0.006000000,,0.00,0.000000000,0.000000000,1e-05,0.00,0.000000000,0.000000000,1e-05,0.00,0.000000000,0.000000000,,0.000,0.000000000,0,,0.000,0.000000000,0.000000000,,0.000,0.000000000,None,,,0,0,0,,0,0
zh_common_crawl,,中文 CC,舍弃,7.6337901156e+10,76.337901,obs://mb-datasets/sst_dedup_0104_merge/zh_common_crawl/zh__zh_common_crawl__2025112200/,obs://mb-datasets/sst_dedup_old_token_0108_merge/zh_common_crawl/zh__zh_common_crawl__2025112200/,/user/zhangyixuan/data/minicpm5/minicpm5_tokenizer.128k.dedup_link_all/zh_common_crawl,,0.006000000,,0.00,0.000000000,0.000000000,1e-05,0.00,0.000000000,0.000000000,1e-05,0.00,0.000000000,0.000000000,,0.000,0.000000000,0,,0.000,0.000000000,0.000000000,,0.000,0.000000000,None,,,0,0,0,,0,0
nemotron-medium-low,,英文 CC,舍弃,6.99681988572e+11,699.681989,obs://mb-datasets/sst_dedup_0104_merge/nemotron-medium-low/en__nemotron-medium-low__2025112200/,obs://mb-datasets/sst_dedup_old_token_0108_merge/nemotron-medium-low/en__nemotron-medium-low__2025112200/,/user/zhangyixuan/data/minicpm5/minicpm5_tokenizer.128k.dedup_link_all/nemotron-medium-low,,0.006000000,,0.00,0.000000000,0.000000000,1e-05,0.01,0.000000000,0.000000000,1e-05,0.01,0.000000000,0.000000000,,0.000,0.000000000,0,,0.000,0.000000000,0.000000000,,0.000,0.000000000,None,,,0,0,0,,0,0
en_hqdata_v5,,英文精筛 CC,舍弃,1.78086788151e+11,178.086788,obs://mb-datasets/sst_dedup_0104_merge/en_hqdata_v5/en__en_hqdata_v5__2025082500/,obs://mb-datasets/sst_dedup_old_token_0108_merge/en_hqdata_v5/en__en_hqdata_v5__2025082500/,/user/zhangyixuan/data/minicpm5/minicpm5_tokenizer.128k.dedup_link_all/en_hqdata_v5,,0.050000000,,0.00,0.000000000,0.020000000,,0.00,0.000000000,0.000000000,,0.00,0.000000000,0.000000000,,0.000,0.000000000,0,,0.000,0.000000000,0.000000000,,0.000,0.000000000,None,,,0,0,0,,0,0
FineWeb-pro,,英文精筛 CC,舍弃,6.5457900634e+10,65.457901,obs://mb-datasets/sst_dedup_0104_merge/FineWeb-pro/FineWeb-pro__2025112200/,obs://mb-datasets/sst_dedup_old_token_0108_merge/FineWeb-pro/FineWeb-pro__2025112200/,/user/zhangyixuan/data/minicpm5/minicpm5_tokenizer.128k.dedup_link_all/FineWeb-pro,,0.050000000,,0.00,0.000000000,0.020000000,,0.00,0.000000000,0.000000000,,0.00,0.000000000,0.000000000,,0.000,0.000000000,0,,0.000,0.000000000,0.000000000,,0.000,0.000000000,None,,,0,0,0,,0,0
RedPajama-pro,,英文精筛 CC,舍弃,1.7762069817e+10,17.762070,obs://mb-datasets/sst_dedup_0104_merge/RedPajama-pro/RedPajama-pro__2025112200/,obs://mb-datasets/sst_dedup_old_token_0108_merge/RedPajama-pro/RedPajama-pro__2025112200/,/user/zhangyixuan/data/minicpm5/minicpm5_tokenizer.128k.dedup_link_all/RedPajama-pro,,0.050000000,,0.00,0.000000000,0.020000000,,0.00,0.000000000,0.000000000,,0.00,0.000000000,0.000000000,,0.000,0.000000000,0,,0.000,0.000000000,0.000000000,,0.000,0.000000000,None,,,0,0,0,,0,0
wikipedia,,英文知识,舍弃,3.479711459e+09,3.479711,obs://mb-datasets/sst_dedup_0104_merge/wikipedia/en__wikipedia__2025082500/,obs://mb-datasets/sst_dedup_old_token_0108_merge/wikipedia/en__wikipedia__2025082500/,/user/zhangyixuan/data/minicpm5/minicpm5_tokenizer.128k.dedup_link_all/wikipedia,,0.005000000,,0.00,0.000000000,0.010000000,,0.00,0.000000000,0.010000000,,0.00,0.000000000,0.005000000,,0.000,0.000000000,0.005,,0.000,0.000000000,0.005000000,,0.000,0.000000000,None,,,0,0,0,,0,0
stepfun_sft,,通用指令,舍弃,1.3e+10,13.000000,,,/user/zhangyixuan/share_user_data/user/zhangyixuan/data/midtrain_pool/stepfun_sft/stepfun_sft_minicpm5,,0.000000000,0,0.00,0.000000000,0.000000000,1e-05,0.00,0.000000000,0.000000000,1e-05,0.00,0.000000000,0.030000000,0,0.000,0.000000000,0.08,0,0.000,0.000000000,0.120000000,0,0.000,0.000000000,None,否,,0,0,0,,0,0
nemotron_cascade2_sft,,通用指令,舍弃,1.17e+11,117.000000,,,/user/zhangyixuan/share_user_data/user/zhangyixuan/data/midtrain_pool/nemotron_cascade2_sft/nemotron_cascade2_sft_minicpm5,,0.000000000,0,0.00,0.000000000,0.000000000,1e-05,0.00,0.000000000,0.000000000,1e-05,0.00,0.000000000,0.030000000,0,0.000,0.000000000,0.08,0,0.000,0.000000000,0.120000000,0,0.000,0.000000000,None,否,,0,0,0,,0,0
hsjy,,中文知识,需改写,5.40769722e+08,0.540770,obs://mb-datasets/sst_dedup_0105_merge/hsjy/zh__hsjy__2025112012/,obs://mb-datasets/sst_dedup_old_token_0108_merge/hsjy/zh__hsjy__2025112012/,/user/zhangyixuan/data/minicpm5/minicpm5_tokenizer.128k.dedup_link_all/hsjy,,0.001000000,0,0.00,0.000000000,0.002000000,1,0.54,0.000075562,0.002000000,1,0.54,0.000074234,0.001000000,1,0.541,0.000024877,0.001,1,0.541,0.000020134,0.001000000,1,0.541,0.000015657,None,否,,0,0.8585014372242564,0.9527148906886098,,0.33327387247359547,0.33327387247359547
weikao,,中文知识,需改写,2.9658054e+07,0.029658,obs://mb-datasets/sst_dedup_0106_merge/weikao/zh__weikao__20260106/,obs://mb-datasets/sst_dedup_0108_merge/weikao/zh__weikao__20260106/,/user/zhangyixuan/data/minicpm5/minicpm5_tokenizer.128k.dedup_link_all/weikao,,0.001000000,0,0.00,0.000000000,0.002000000,1,0.03,0.000004144,0.002000000,1,0.03,0.000004071,0.001000000,1,0.030,0.000001364,0.001,1,0.030,0.000001104,0.001000000,1,0.030,0.000000859,None,否,,0,0.8585014372242565,0.9527148906886099,,0.3332738724735955,0.3332738724735955
chegg-text,,英文知识,需改写,2.3724133984e+10,23.724134,obs://mb-datasets/sst_dedup_0105_merge/chegg-text/en__chegg-text__2025112012/,obs://mb-datasets/sst_dedup_old_token_0108_merge/chegg-text/en__chegg-text__2025112012/,/user/zhangyixuan/data/minicpm5/minicpm5_tokenizer.128k.dedup_link_all/chegg-text,,0.005000000,0,0.00,0.000000000,0.010000000,0,0.00,0.000000000,0.010000000,0,0.00,0.000000000,0.005000000,0,0.000,0.000000000,0.005,20,474.483,0.000116148,0.005000000,0,0.000,0.000000000,None,是,,0,0,0,,0,0
dailyscript,长文本,长文本,longdecay,1.4906967e+07,0.014907,obs://mb-datasets/sst_dedup_0104_merge/dailyscript/en__dailyscript__2025112200/,obs://mb-datasets/sst_dedup_old_token_0108_merge/dailyscript/en__dailyscript__2025112200/,/user/zhangyixuan/data/minicpm5/minicpm5_tokenizer.128k.dedup_link_all/dailyscript,,0.000000000,1e-09,0.00,0.000000000,0.000000000,1e-09,0.00,0.000000000,0.000000000,1e-09,0.00,0.000000000,0.000000000,1e-09,0.000,0.000000000,0.03,0,0.000,0.000000000,0.010000000,0,0.000,0.000000000,None,是,,0,0,0,,0,0
congress,,长文本,longdecay,8.9993641e+07,0.089994,obs://mb-datasets/sst_dedup_0104_merge/congress/en__congress__2025112200/,obs://mb-datasets/sst_dedup_old_token_0108_merge/congress/en__congress__2025112200/,/user/zhangyixuan/data/minicpm5/minicpm5_tokenizer.128k.dedup_link_all/congress,,0.000000000,1e-09,0.00,0.000000000,0.000000000,1e-09,0.00,0.000000000,0.000000000,1e-09,0.00,0.000000000,0.000000000,1e-09,0.000,0.000000000,0.03,4,0.360,0.000185232,0.010000000,4,0.360,0.000061744,None,是,,0,0,0,,0,0
gaogov,,长文本,longdecay,6.48561778e+08,0.648562,obs://mb-datasets/sst_dedup_0104_merge/gaogov/en__gaogov__2025112200/,obs://mb-datasets/sst_dedup_old_token_0108_merge/gaogov/en__gaogov__2025112200/,/user/zhangyixuan/data/minicpm5/minicpm5_tokenizer.128k.dedup_link_all/gaogov,,0.000000000,1e-09,0.00,0.000000000,0.000000000,1e-09,0.00,0.000000000,0.000000000,1e-09,0.00,0.000000000,0.000000000,1e-09,0.000,0.000000000,0.03,0.6,0.389,0.000200239,0.010000000,0.6,0.389,0.000066746,None,是,,0,0,0,,0,0
imsdb,,长文本,longdecay,4.791152e+07,0.047912,obs://mb-datasets/sst_dedup_0105_merge/imsdb/en__imsdb__2025103000/,obs://mb-datasets/sst_dedup_old_token_0108_merge/imsdb/en__imsdb__2025103000/,/user/zhangyixuan/data/minicpm5/minicpm5_tokenizer.128k.dedup_link_all/imsdb,,0.000000000,1e-09,0.00,0.000000000,0.000000000,1e-09,0.00,0.000000000,0.000000000,1e-09,0.00,0.000000000,0.000000000,1e-09,0.000,0.000000000,0.03,0,0.000,0.000000000,0.010000000,0,0.000,0.000000000,None,是,,0,0,0,,0,0
long_finance_zh,,长文本,longdecay,1.9932440655e+10,19.932441,obs://mb-datasets/format_dataset/finance_zh_longcontent_yangjiawei/,,/user/zhangyixuan/data/minicpm5/sst_cpm5_0117_merge/finance_zh_longcontent_yangjiawei,,0.000000000,1e-09,0.00,0.000000000,0.000000000,1e-09,0.00,0.000000000,0.000000000,1e-09,0.00,0.000000000,0.000000000,1e-09,0.000,0.000000000,0.03,0.8,15.946,0.008205322,0.010000000,0.8,15.946,0.002735107,None,是,,0,0,0,,0,0
long_finance_en,,长文本,longdecay,2.270893784e+10,22.708938,obs://mb-datasets/format_dataset/finance_en_longcontent_yangjiawei/,,/user/zhangyixuan/data/minicpm5/sst_cpm5_0117_merge/finance_en_longcontent_yangjiawei,,0.000000000,1e-09,0.00,0.000000000,0.000000000,1e-09,0.00,0.000000000,0.000000000,1e-09,0.00,0.000000000,0.000000000,1e-09,0.000,0.000000000,0.03,1,22.709,0.011685357,0.010000000,1,22.709,0.003895119,None,是,,0,0,0,,0,0
long_detective_novel_zh,,长文本,longdecay,1.500421586e+09,1.500422,obs://mb-datasets/format_dataset/detective_novels_zh_longcontent_yangjiawei/detective_novels_zh_longcontent_yangjiawei__20251230/,,/user/zhangyixuan/data/minicpm5/sst_cpm5_0117_merge/detective_novels_zh_longcontent_yangjiawei,,0.000000000,1e-09,0.00,0.000000000,0.000000000,1e-09,0.00,0.000000000,0.000000000,1e-09,0.00,0.000000000,0.000000000,1e-09,0.000,0.000000000,0.03,0.682,1.023,0.000526554,0.010000000,0.682,1.023,0.000175518,None,是,,0,0,0,,0,0
long_detective_novel_en,,长文本,longdecay,1.439383229e+09,1.439383,obs://mb-datasets/format_dataset/detective_novels_en_longcontent_yangjiawei/,,/user/zhangyixuan/data/minicpm5/sst_cpm5_0117_merge/detective_novels_en_longcontent_yangjiawei,,0.000000000,1e-09,0.00,0.000000000,0.000000000,1e-09,0.00,0.000000000,0.000000000,1e-09,0.00,0.000000000,0.000000000,1e-09,0.000,0.000000000,0.03,1.067,1.536,0.000790289,0.010000000,1.067,1.536,0.000263430,None,是,,0,0,0,,0,0
long_gov_zh,,长文本,longdecay,1.143312055e+09,1.143312,obs://mb-datasets/format_dataset/gov_zh_longcontent_yangjiawei/,,/user/zhangyixuan/data/minicpm5/sst_cpm5_0117_merge/gov_zh_longcontent_yangjiawei,,0.000000000,1e-09,0.00,0.000000000,0.000000000,1e-09,0.00,0.000000000,0.000000000,1e-09,0.00,0.000000000,0.000000000,1e-09,0.000,0.000000000,0.03,1,1.143,0.000588315,0.010000000,1,1.143,0.000196105,None,是,,0,0,0,,0,0
long_gov_en,,长文本,longdecay,1.5194589892e+10,15.194590,obs://mb-datasets/format_dataset/gov_en_longcontent_yangjiawei/,,/user/zhangyixuan/data/minicpm5/sst_cpm5_0117_merge/gov_en_longcontent_yangjiawei,,0.000000000,1e-09,0.00,0.000000000,0.000000000,1e-09,0.00,0.000000000,0.000000000,1e-09,0.00,0.000000000,0.000000000,1e-09,0.000,0.000000000,0.03,1,15.195,0.007818693,0.010000000,1,15.195,0.002606231,None,是,,0,0,0,,0,0
humaneval_like_qa_250423_dedup_with_unit_test_pass_0shot_2x,,代码,待处理,274831,0.000275,,,/user/zhangyixuan/share_user_data/user/zhangyixuan/data/sft_2.5_minicpm5_128k_data_pool_temp/humaneval_like_qa_250423_dedup_with_unit_test_pass_0shot_2x/general/humaneval_like_qa_250423_dedup_with_unit_test_pass_0shot_2x,,0.285000000,0,0.00,0.000000000,0.295000000,0,0.00,0.000000000,0.300000000,0,0.00,0.000000000,0.350000000,250,0.069,0.000002066,0.3,250,0.069,0.000001771,0.250000000,250,0.069,0.000001476,None,否,,0,0,15.39714295120869,,7.698571475604345,1
mbpp_like_qa_250423_with_unit_test_pass_0shot_2x,,代码,待处理,1.58977675e+08,0.158978,,,/user/zhangyixuan/share_user_data/user/zhangyixuan/data/sft_2.5_minicpm5_128k_data_pool_temp/mbpp_like_qa_250423_with_unit_test_pass_0shot_2x/general/mbpp_like_qa_250423_with_unit_test_pass_0shot_2x,,0.285000000,0,0.00,0.000000000,0.295000000,0,0.00,0.000000000,0.300000000,0,0.00,0.000000000,0.350000000,200,31.796,0.000956173,0.3,200,31.796,0.000819577,0.250000000,200,31.796,0.000682980,None,否,,0,0,12.317714360966951,,6.1588571804834755,1
mbpp_like_qa_250423_with_unit_test_pass_fewshot_2x,,代码,待处理,2.04136504e+08,0.204137,,,/user/zhangyixuan/share_user_data/user/zhangyixuan/data/sft_2.5_minicpm5_128k_data_pool_temp/mbpp_like_qa_250423_with_unit_test_pass_fewshot_2x/general/mbpp_like_qa_250423_with_unit_test_pass_fewshot_2x,,0.285000000,0,0.00,0.000000000,0.295000000,0,0.00,0.000000000,0.300000000,0,0.00,0.000000000,0.350000000,150,30.620,0.000920836,0.3,150,30.620,0.000789288,0.250000000,150,30.620,0.000657740,None,否,,0,0,9.238285770725213,,4.619142885362606,1
humaneval_like_old_data_ut_pass_0shot_2x,,代码,待处理,8.8165582e+07,0.088166,,,/user/zhangyixuan/share_user_data/user/zhangyixuan/data/sft_2.5_minicpm5_128k_data_pool_temp/humaneval_like_old_data_ut_pass_0shot_2x/general/humaneval_like_old_data_ut_pass_0shot_2x,,0.285000000,0,0.00,0.000000000,0.295000000,0,0.00,0.000000000,0.300000000,0,0.00,0.000000000,0.350000000,400,35.266,0.001060545,0.3,400,35.266,0.000909039,0.250000000,400,35.266,0.000757532,None,否,,0,0,24.635428721933902,,12.317714360966951,1
deep_think_sft_drop_think,,代码,待处理,2.57975774e+08,0.257976,,,/user/zhangyixuan/share_user_data/user/zhangyixuan/data/sft_2.5_minicpm5_128k_data_pool_temp/deep_think_sft_drop_think/general/deep_think_sft_drop_think,,0.285000000,0,0.00,0.000000000,0.295000000,0,0.00,0.000000000,0.300000000,0,0.00,0.000000000,0.350000000,250,64.494,0.001939497,0.3,250,64.494,0.001662426,0.250000000,250,64.494,0.001385355,None,否,,0,0,15.397142951208691,,7.6985714756043455,1
nemotron_sft_code,,代码,待处理,4.78943176e+08,0.478943,,,/user/zhangyixuan/share_user_data/user/zhangyixuan/data/sft_2.5_minicpm5_128k_data_pool_temp/nemotron_sft_code/general/nemotron_sft_code,,0.285000000,0,0.00,0.000000000,0.295000000,0,0.00,0.000000000,0.300000000,0,0.00,0.000000000,0.350000000,100,47.894,0.001440304,0.3,100,47.894,0.001234546,0.250000000,100,47.894,0.001028789,None,否,,0,0,6.1588571804834755,,3.0794285902417378,1
math_sft_old_rewrite_250505_1x,,数学计算,待处理,8.1592416e+07,0.081592,,,/user/zhangyixuan/share_user_data/user/zhangyixuan/data/sft_2.5_minicpm5_128k_data_pool_temp/math_sft_old_rewrite_250505_1x/general/math_sft_old_rewrite_250505_1x,,0.000000000,1e-05,0.00,0.000000000,0.000000000,1e-05,0.00,0.000000000,0.000000000,1e-05,0.00,0.000000000,0.070000000,5,0.408,0.000712497,0.08,5,0.408,0.000823698,0.120000000,5,0.408,0.001221423,None,否,,0,0,17.88393796342808,,8.94196898171404,1
math_sft_old_rewrite_250505_1x_left,,数学计算,待处理,1.51170402e+09,1.511704,,,/user/zhangyixuan/share_user_data/user/zhangyixuan/data/sft_2.5_minicpm5_128k_data_pool_temp/math_sft_old_rewrite_250505_1x_left/general/math_sft_old_rewrite_250505_1x_left,,0.000000000,1e-05,0.00,0.000000000,0.000000000,1e-05,0.00,0.000000000,0.000000000,1e-05,0.00,0.000000000,0.070000000,0.1,0.151,0.000264016,0.08,0.1,0.151,0.000305222,0.120000000,0.1,0.151,0.000452599,None,否,,0,0,0.3576787592685617,,0.17883937963428084,0.17883937963428084
math500_evol_hybrid,,数学计算,待处理,1.02253368e+08,0.102253,,,/user/zhangyixuan/share_user_data/user/zhangyixuan/data/sft_2.5_minicpm5_128k_data_pool_temp/math500_evol_hybrid/general/math500_evol_hybrid,,0.000000000,1e-05,0.00,0.000000000,0.000000000,1e-05,0.00,0.000000000,0.000000000,1e-05,0.00,0.000000000,0.070000000,1,0.102,0.000178583,0.08,1,0.102,0.000206455,0.120000000,1,0.102,0.000306143,None,否,,0,0,3.576787592685617,,1.7883937963428085,1
nemotron_sft_math,,数学计算,待处理,9.44004372e+08,0.944004,,,/user/zhangyixuan/share_user_data/user/zhangyixuan/data/sft_2.5_minicpm5_128k_data_pool_temp/nemotron_sft_math/general/nemotron_sft_math,,0.000000000,1e-05,0.00,0.000000000,0.000000000,1e-05,0.00,0.000000000,0.000000000,1e-05,0.00,0.000000000,0.070000000,0.6,0.566,0.000989210,0.08,0.6,0.566,0.001143599,0.120000000,0.6,0.566,0.001695788,None,否,,0,0,2.14607255561137,,1.073036277805685,1
math500_trainset_qwen3_32B_gen_rm_emoji_1x_new,,数学计算,待处理,9.352232e+06,0.009352,,,/user/zhangyixuan/share_user_data/user/zhangyixuan/data/sft_2.5_minicpm5_128k_data_pool_temp/math500_trainset_qwen3_32B_gen_rm_emoji_1x_new/general/math500_trainset_qwen3_32B_gen_rm_emoji_1x_new,,0.000000000,1e-05,0.00,0.000000000,0.000000000,1e-05,0.00,0.000000000,0.000000000,1e-05,0.00,0.000000000,0.070000000,1,0.009,0.000016333,0.08,1,0.009,0.000018883,0.120000000,1,0.009,0.000028000,None,否,,0,0,3.5767875926856165,,1.7883937963428083,1
math_sft_qwen3_32b_wo_think_correct_answer,,数学计算,待处理,5.126991e+06,0.005127,,,/user/zhangyixuan/share_user_data/user/zhangyixuan/data/sft_2.5_minicpm5_128k_data_pool_temp/math_sft_qwen3_32b_wo_think_correct_answer/general/math_sft_qwen3_32b_wo_think_correct_answer,,0.000000000,1e-05,0.00,0.000000000,0.000000000,1e-05,0.00,0.000000000,0.000000000,1e-05,0.00,0.000000000,0.070000000,1,0.005,0.000008954,0.08,1,0.005,0.000010352,0.120000000,1,0.005,0.000015350,None,否,,0,0,3.576787592685617,,1.7883937963428085,1
math_sft_qwen3_32b_w_think_correct_answer,,数学计算,待处理,4.530192e+06,0.004530,,,/user/zhangyixuan/share_user_data/user/zhangyixuan/data/sft_2.5_minicpm5_128k_data_pool_temp/math_sft_qwen3_32b_w_think_correct_answer/general/math_sft_qwen3_32b_w_think_correct_answer,,0.000000000,1e-05,0.00,0.000000000,0.000000000,1e-05,0.00,0.000000000,0.000000000,1e-05,0.00,0.000000000,0.070000000,1,0.005,0.000007912,0.08,1,0.005,0.000009147,0.120000000,1,0.005,0.000013563,None,否,,0,0,3.576787592685617,,1.7883937963428085,1
gsm8k_qwen3_30B_gen_rm_emoji_1x,,数学计算,待处理,7.696349e+06,0.007696,,,/user/zhangyixuan/share_user_data/user/zhangyixuan/data/sft_2.5_minicpm5_128k_data_pool_temp/gsm8k_qwen3_30B_gen_rm_emoji_1x/general/gsm8k_qwen3_30B_gen_rm_emoji_1x,,0.000000000,1e-05,0.00,0.000000000,0.000000000,1e-05,0.00,0.000000000,0.000000000,1e-05,0.00,0.000000000,0.070000000,1,0.008,0.000013442,0.08,1,0.008,0.000015539,0.120000000,1,0.008,0.000023043,None,否,,0,0,3.5767875926856165,,1.7883937963428083,1
k12_full_new_0712,,通用指令,待处理,4.510528e+09,4.510528,,,/user/zhangyixuan/share_user_data/user/zhangyixuan/data/sft_2.5_minicpm5_128k_data_pool_temp/k12_full_new_0712/general/k12_full_new_0712,,0.000000000,1e-05,0.00,0.000000000,0.000000000,1e-05,0.00,0.000000000,0.000000000,1e-05,0.00,0.000000000,0.030000000,1,4.511,0.002743067,0.08,1,4.511,0.007314844,0.120000000,1,4.511,0.007142211,None,否,,0,0,1.2454862001961975,,0.6227431000980987,0.6227431000980987
ceval_like_random_style_5x,,通用指令,待处理,9.967708e+06,0.009968,,,/user/zhangyixuan/share_user_data/user/zhangyixuan/data/sft_2.5_minicpm5_128k_data_pool_temp/ceval_like_random_style_5x/general/ceval_like_random_style_5x,,0.000000000,1e-05,0.00,0.000000000,0.000000000,1e-05,0.00,0.000000000,0.000000000,1e-05,0.00,0.000000000,0.030000000,1,0.010,0.000006062,0.08,1,0.010,0.000016165,0.120000000,1,0.010,0.000015783,None,否,,0,0,1.2454862001961977,,0.6227431000980989,0.6227431000980989
ceval_merge_3_style_each_2x_dedup,,通用指令,待处理,4.629314e+07,0.046293,,,/user/zhangyixuan/share_user_data/user/zhangyixuan/data/sft_2.5_minicpm5_128k_data_pool_temp/ceval_merge_3_style_each_2x_dedup/general/ceval_merge_3_style_each_2x_dedup,,0.000000000,1e-05,0.00,0.000000000,0.000000000,1e-05,0.00,0.000000000,0.000000000,1e-05,0.00,0.000000000,0.030000000,1,0.046,0.000028153,0.08,1,0.046,0.000075075,0.120000000,20,0.926,0.001466061,None,否,,0,0,1.2454862001961975,,0.6227431000980987,0.6227431000980987
cmmlu_like_random_style_5x,,通用指令,待处理,8.8002009e+07,0.088002,,,/user/zhangyixuan/share_user_data/user/zhangyixuan/data/sft_2.5_minicpm5_128k_data_pool_temp/cmmlu_like_random_style_5x/general/cmmlu_like_random_style_5x,,0.000000000,1e-05,0.00,0.000000000,0.000000000,1e-05,0.00,0.000000000,0.000000000,1e-05,0.00,0.000000000,0.030000000,1,0.088,0.000053518,0.08,1,0.088,0.000142715,0.120000000,1,0.088,0.000139347,None,否,,0,0,1.2454862001961977,,0.6227431000980989,0.6227431000980989
cmmlu_merge_3_style_each_2x_dedup,,通用指令,待处理,4.07380398e+08,0.407380,,,/user/zhangyixuan/share_user_data/user/zhangyixuan/data/sft_2.5_minicpm5_128k_data_pool_temp/cmmlu_merge_3_style_each_2x_dedup/general/cmmlu_merge_3_style_each_2x_dedup,,0.000000000,1e-05,0.00,0.000000000,0.000000000,1e-05,0.00,0.000000000,0.000000000,1e-05,0.00,0.000000000,0.030000000,1,0.407,0.000247747,0.08,1,0.407,0.000660660,0.120000000,20,8.148,0.012901358,None,否,,0,0,1.2454862001961975,,0.6227431000980987,0.6227431000980987
mmlu_merge_2_style_each_3x_dedup,,通用指令,待处理,2.27697527e+08,0.227698,,,/user/zhangyixuan/share_user_data/user/zhangyixuan/data/sft_2.5_minicpm5_128k_data_pool_temp/mmlu_merge_2_style_each_3x_dedup/general/mmlu_merge_2_style_each_3x_dedup,,0.000000000,1e-05,0.00,0.000000000,0.000000000,1e-05,0.00,0.000000000,0.000000000,1e-05,0.00,0.000000000,0.030000000,1,0.228,0.000138474,0.08,1,0.228,0.000369263,0.120000000,20,4.554,0.007210969,None,否,,0,0,1.2454862001961975,,0.6227431000980987,0.6227431000980987
survey_250514,,通用指令,待处理,9.7371325e+07,0.097371,,,/user/zhangyixuan/share_user_data/user/zhangyixuan/data/sft_2.5_minicpm5_128k_data_pool_temp/survey_250514/general/survey_250514,,0.000000000,1e-05,0.00,0.000000000,0.000000000,1e-05,0.00,0.000000000,0.000000000,1e-05,0.00,0.000000000,0.030000000,1,0.097,0.000059216,0.08,1,0.097,0.000157910,0.120000000,1,0.097,0.000154183,None,否,,0,0,1.2454862001961975,,0.6227431000980987,0.6227431000980987
qwen_sft_checked_code,,通用指令,待处理,3.1731041e+07,0.031731,,,/user/zhangyixuan/share_user_data/user/zhangyixuan/data/sft_2.5_minicpm5_128k_data_pool_temp/qwen_sft_checked_code/general/qwen_sft_checked_code,,0.000000000,1e-05,0.00,0.000000000,0.000000000,1e-05,0.00,0.000000000,0.000000000,1e-05,0.00,0.000000000,0.030000000,1,0.032,0.000019297,0.08,1,0.032,0.000051459,0.120000000,1,0.032,0.000050245,None,否,,0,0,1.2454862001961975,,0.6227431000980987,0.6227431000980987
qwen_sft_code,,通用指令,待处理,6.52327324e+08,0.652327,,,/user/zhangyixuan/share_user_data/user/zhangyixuan/data/sft_2.5_minicpm5_128k_data_pool_temp/qwen_sft_code/general/qwen_sft_code,,0.000000000,1e-05,0.00,0.000000000,0.000000000,1e-05,0.00,0.000000000,0.000000000,1e-05,0.00,0.000000000,0.030000000,1,0.652,0.000396711,0.08,1,0.652,0.001057897,0.120000000,1,0.652,0.001032930,None,否,,0,0,1.2454862001961975,,0.6227431000980987,0.6227431000980987
qwen_sft_math,,通用指令,待处理,3.51658179e+08,0.351658,,,/user/zhangyixuan/share_user_data/user/zhangyixuan/data/sft_2.5_minicpm5_128k_data_pool_temp/qwen_sft_math/general/qwen_sft_math,,0.000000000,1e-05,0.00,0.000000000,0.000000000,1e-05,0.00,0.000000000,0.000000000,1e-05,0.00,0.000000000,0.030000000,1,0.352,0.000213860,0.08,1,0.352,0.000570294,0.120000000,1,0.352,0.000556834,None,否,,0,0,1.2454862001961977,,0.6227431000980989,0.6227431000980989
qwen_sft_fries,,通用指令,待处理,7.7865373e+07,0.077865,,,/user/zhangyixuan/share_user_data/user/zhangyixuan/data/sft_2.5_minicpm5_128k_data_pool_temp/qwen_sft_fries/general/qwen_sft_fries,,0.000000000,1e-05,0.00,0.000000000,0.000000000,1e-05,0.00,0.000000000,0.000000000,1e-05,0.00,0.000000000,0.030000000,1,0.078,0.000047354,0.08,1,0.078,0.000126276,0.120000000,1,0.078,0.000123296,None,否,,0,0,1.2454862001961975,,0.6227431000980987,0.6227431000980987
qwen_sft_misc_tasks,,通用指令,待处理,226977,0.000227,,,/user/zhangyixuan/share_user_data/user/zhangyixuan/data/sft_2.5_minicpm5_128k_data_pool_temp/qwen_sft_misc_tasks/general/qwen_sft_misc_tasks,,0.000000000,1e-05,0.00,0.000000000,0.000000000,1e-05,0.00,0.000000000,0.000000000,1e-05,0.00,0.000000000,0.030000000,1,0.000,0.000000138,0.08,1,0.000,0.000000368,0.120000000,1,0.000,0.000000359,None,否,,0,0,1.2454862001961975,,0.6227431000980987,0.6227431000980987
qwen_sft_if,,通用指令,待处理,5.229554e+06,0.005230,,,/user/zhangyixuan/share_user_data/user/zhangyixuan/data/sft_2.5_minicpm5_128k_data_pool_temp/qwen_sft_if/general/qwen_sft_if,,0.000000000,1e-05,0.00,0.000000000,0.000000000,1e-05,0.00,0.000000000,0.000000000,1e-05,0.00,0.000000000,0.030000000,1,0.005,0.000003180,0.08,1,0.005,0.000008481,0.120000000,1,0.005,0.000008281,None,否,,0,0,1.2454862001961975,,0.6227431000980987,0.6227431000980987
ifeval_like,,通用指令,待处理,1.5121214e+08,0.151212,,,/user/zhangyixuan/share_user_data/user/zhangyixuan/data/sft_2.5_minicpm5_128k_data_pool_temp/ifeval_like/general/ifeval_like,,0.000000000,1e-05,0.00,0.000000000,0.000000000,1e-05,0.00,0.000000000,0.000000000,1e-05,0.00,0.000000000,0.030000000,1,0.151,0.000091959,0.08,1,0.151,0.000245225,0.120000000,1,0.151,0.000239437,None,否,,0,0,1.2454862001961975,,0.6227431000980987,0.6227431000980987
nemotron_sft_science,,通用指令,待处理,2.71442164e+08,0.271442,,,/user/zhangyixuan/share_user_data/user/zhangyixuan/data/sft_2.5_minicpm5_128k_data_pool_temp/nemotron_sft_science/general/nemotron_sft_science,,0.000000000,1e-05,0.00,0.000000000,0.000000000,1e-05,0.00,0.000000000,0.000000000,1e-05,0.00,0.000000000,0.030000000,1,0.271,0.000165077,0.08,1,0.271,0.000440205,0.120000000,1,0.271,0.000429816,None,否,,0,0,1.2454862001961975,,0.6227431000980987,0.6227431000980987
choices,,代码,待处理,2.9281756e+07,0.029282,,,/user/zhangyixuan/share_user_data/user/zhangyixuan/data/sft_2.5_minicpm5_128k_data_pool_temp/choices/general/choices,,0.285000000,0,0.00,0.000000000,0.295000000,0,0.00,0.000000000,0.300000000,0,0.00,0.000000000,0.350000000,90,2.635,0.000079252,0.3,90,2.635,0.000067930,0.250000000,90,2.635,0.000056609,None,否,,0,0,5.542971462435127,,2.7714857312175636,1
codeinterpreter_0720,,代码,待处理,8.45724e+06,0.008457,,,/user/zhangyixuan/share_user_data/user/zhangyixuan/data/sft_2.5_minicpm5_128k_data_pool_temp/codeinterpreter_0720/general/codeinterpreter_0720,,0.285000000,0,0.00,0.000000000,0.295000000,0,0.00,0.000000000,0.300000000,0,0.00,0.000000000,0.350000000,10,0.085,0.000002543,0.3,10,0.085,0.000002180,0.250000000,10,0.085,0.000001817,None,否,,0,0,0.6158857180483476,,0.3079428590241738,0.3079428590241738
dscodefb_0720,,代码,待处理,1.6875404e+07,0.016875,,,/user/zhangyixuan/share_user_data/user/zhangyixuan/data/sft_2.5_minicpm5_128k_data_pool_temp/dscodefb_0720/general/dscodefb_0720,,0.285000000,0,0.00,0.000000000,0.295000000,0,0.00,0.000000000,0.300000000,0,0.00,0.000000000,0.350000000,40,0.675,0.000020299,0.3,40,0.675,0.000017400,0.250000000,40,0.675,0.000014500,None,否,,0,0,2.46354287219339,,1.231771436096695,1
mmlu_like_random_style_5x,,通用指令,待处理,1.29227356e+08,0.129227,,,/user/zhangyixuan/share_user_data/user/zhangyixuan/data/sft_2.5_minicpm5_128k_data_pool_temp/mmlu_like_random_style_5x/general/mmlu_like_random_style_5x,,0.000000000,1e-05,0.00,0.000000000,0.000000000,1e-05,0.00,0.000000000,0.000000000,1e-05,0.00,0.000000000,0.030000000,1,0.129,0.000078589,0.08,1,0.129,0.000209571,0.120000000,1,0.129,0.000204626,None,否,,0,0,1.2454862001961975,,0.6227431000980987,0.6227431000980987
humaneval_like_merge_dsv32_rewrite,,深思考QA,深思考QA,8.66342204e+08,0.866342,,,/user/zhangyixuan/share_user_data/user/zhangyixuan/data/exp_data/rc_260410/minicpm5_tokenizer/humaneval_like_merge_dsv32_rewrite,,0.000000000,1e-06,0.00,0.000000000,0.000000000,1e-06,0.00,0.000000000,0.000000000,1e-06,0.00,0.000000000,0.000000000,1e-06,0.000,0.000000000,0.1,3,2.599,0.000629966,0.150000000,3,2.599,0.000944949,None,否,,0,0,0,,0,0
mbpp_like_merge_dsv32_rewrite,,深思考QA,深思考QA,4.6320244e+08,0.463202,,,/user/zhangyixuan/share_user_data/user/zhangyixuan/data/exp_data/rc_260410/minicpm5_tokenizer/mbpp_like_merge_dsv32_rewrite,,0.000000000,1e-06,0.00,0.000000000,0.000000000,1e-06,0.00,0.000000000,0.000000000,1e-06,0.00,0.000000000,0.000000000,1e-06,0.000,0.000000000,0.1,3,1.390,0.000336821,0.150000000,3,1.390,0.000505231,None,否,,0,0,0,,0,0
math_500_train_and_evol_dsv32_rewrite,,深思考QA,深思考QA,2.58612616e+08,0.258613,,,/user/zhangyixuan/share_user_data/user/zhangyixuan/data/exp_data/rc_260410/minicpm5_tokenizer/math_500_train_and_evol_dsv32_rewrite,,0.000000000,1e-06,0.00,0.000000000,0.000000000,1e-06,0.00,0.000000000,0.000000000,1e-06,0.00,0.000000000,0.000000000,1e-06,0.000,0.000000000,0.1,10,2.586,0.000626839,0.150000000,10,2.586,0.000940259,None,否,,0,0,0,,0,0
bbh_like_dsv32_rewrite,,深思考QA,深思考QA,1.009400604e+09,1.009401,,,/user/zhangyixuan/share_user_data/user/zhangyixuan/data/exp_data/rc_260410/minicpm5_tokenizer/bbh_like_dsv32_rewrite,,0.000000000,1e-06,0.00,0.000000000,0.000000000,1e-06,0.00,0.000000000,0.000000000,1e-06,0.00,0.000000000,0.000000000,1e-06,0.000,0.000000000,0.1,8,8.075,0.001957312,0.150000000,8,8.075,0.002935968,None,否,,0,0,0,,0,0
gsm8k_train_dsv32_rewrite,,深思考QA,深思考QA,5.670718e+06,0.005671,,,/user/zhangyixuan/share_user_data/user/zhangyixuan/data/exp_data/rc_260410/minicpm5_tokenizer/gsm8k_train_dsv32_rewrite,,0.000000000,1e-06,0.00,0.000000000,0.000000000,1e-06,0.00,0.000000000,0.000000000,1e-06,0.00,0.000000000,0.000000000,1e-06,0.000,0.000000000,0.1,10,0.057,0.000013745,0.150000000,10,0.057,0.000020617,None,否,,0,0,0,,0,0
mmlu_like_merge_dsv32_rewrite,,深思考QA,深思考QA,4.73405615e+08,0.473406,,,/user/zhangyixuan/share_user_data/user/zhangyixuan/data/exp_data/rc_260410/minicpm5_tokenizer/mmlu_like_merge_dsv32_rewrite,,0.000000000,1e-06,0.00,0.000000000,0.000000000,1e-06,0.00,0.000000000,0.000000000,1e-06,0.00,0.000000000,0.000000000,1e-06,0.000,0.000000000,0.1,10,4.734,0.001147466,0.150000000,10,4.734,0.001721200,None,否,,0,0,0,,0,0
cmmlu_like_merge_dsv32_rewrite,,深思考QA,深思考QA,8.32073904e+08,0.832074,,,/user/zhangyixuan/share_user_data/user/zhangyixuan/data/exp_data/rc_260410/minicpm5_tokenizer/cmmlu_like_merge_dsv32_rewrite,,0.000000000,1e-06,0.00,0.000000000,0.000000000,1e-06,0.00,0.000000000,0.000000000,1e-06,0.00,0.000000000,0.000000000,1e-06,0.000,0.000000000,0.1,10,8.321,0.002016826,0.150000000,10,8.321,0.003025239,None,否,,0,0,0,,0,0
ceval_like_merge_dsv32_rewrite,,深思考QA,深思考QA,1.19235521e+08,0.119236,,,/user/zhangyixuan/share_user_data/user/zhangyixuan/data/exp_data/rc_260410/minicpm5_tokenizer/ceval_like_merge_dsv32_rewrite,,0.000000000,1e-06,0.00,0.000000000,0.000000000,1e-06,0.00,0.000000000,0.000000000,1e-06,0.00,0.000000000,0.000000000,1e-06,0.000,0.000000000,0.1,10,1.192,0.000289010,0.150000000,10,1.192,0.000433514,None,否,,0,0,0,,0,0
old_knowledge_merge_dsv32_rewrite_long,,深思考QA,深思考QA,8.4293879e+08,0.842939,,,/user/zhangyixuan/share_user_data/user/zhangyixuan/data/exp_data/rc_260410/minicpm5_tokenizer/old_knowledge_merge_dsv32_rewrite_long,,0.000000000,1e-06,0.00,0.000000000,0.000000000,1e-06,0.00,0.000000000,0.000000000,1e-06,0.00,0.000000000,0.000000000,1e-06,0.000,0.000000000,0.1,0.1,0.084,0.000020432,0.150000000,0.1,0.084,0.000030647,None,否,,0,0,0,,0,0
old_knowledge_merge_dsv32_rewrite_short,,深思考QA,深思考QA,2.753175349e+09,2.753175,,,/user/zhangyixuan/share_user_data/user/zhangyixuan/data/exp_data/rc_260410/minicpm5_tokenizer/old_knowledge_merge_dsv32_rewrite_short,,0.000000000,1e-06,0.00,0.000000000,0.000000000,1e-06,0.00,0.000000000,0.000000000,1e-06,0.00,0.000000000,0.000000000,1e-06,0.000,0.000000000,0.1,5,13.766,0.003336648,0.150000000,5,13.766,0.005004973,None,否,,0,0,0,,0,0
IF_old_merge_dsv32_rewrite,,深思考QA,深思考QA,1.221532399e+09,1.221532,,,/user/zhangyixuan/share_user_data/user/zhangyixuan/data/exp_data/rc_260410/minicpm5_tokenizer/IF_old_merge_dsv32_rewrite,,0.000000000,1e-06,0.00,0.000000000,0.000000000,1e-06,0.00,0.000000000,0.000000000,1e-06,0.00,0.000000000,0.000000000,1e-06,0.000,0.000000000,0.1,8,9.772,0.002368654,0.150000000,8,9.772,0.003552980,None,否,,0,0,0,,0,0
OpenMathReasoning_think_sync_clean_dsv32_rewrite_3x,,深思考QA,深思考QA,1.4274846897e+10,14.274847,,,/user/zhangyixuan/share_user_data/user/zhangyixuan/data/exp_data/rc_260424/minicpm5_tokenizer/OpenMathReasoning_think_sync_clean_dsv32_rewrite_3x,,0.000000000,1e-06,0.00,0.000000000,0.000000000,1e-06,0.00,0.000000000,0.000000000,1e-06,0.00,0.000000000,0.000000000,1e-06,0.000,0.000000000,0.1,6,85.649,0.020760093,0.150000000,6,85.649,0.031140139,None,否,,0,0,0,,0,0
OpenMathInstruct2_think_sync_clean_dsv32_rewrite_1x,,深思考QA,深思考QA,6.524964266e+09,6.524964,,,/user/zhangyixuan/share_user_data/user/zhangyixuan/data/exp_data/rc_260424/minicpm5_tokenizer/OpenMathInstruct2_think_sync_clean_dsv32_rewrite_1x,,0.000000000,1e-06,0.00,0.000000000,0.000000000,1e-06,0.00,0.000000000,0.000000000,1e-06,0.00,0.000000000,0.000000000,1e-06,0.000,0.000000000,0.1,6,39.150,0.009489339,0.150000000,6,39.150,0.014234009,None,否,,0,0,0,,0,0
MiroMind_think_sync_clean_dsv32_rewrite_1x,,深思考QA,深思考QA,3.028704353e+09,3.028704,,,/user/zhangyixuan/share_user_data/user/zhangyixuan/data/exp_data/rc_260424/minicpm5_tokenizer/MiroMind_think_sync_clean_dsv32_rewrite_1x,,0.000000000,1e-06,0.00,0.000000000,0.000000000,1e-06,0.00,0.000000000,0.000000000,1e-06,0.00,0.000000000,0.000000000,1e-06,0.000,0.000000000,0.1,6,18.172,0.004404684,0.150000000,6,18.172,0.006607025,None,否,,0,0,0,,0,0
OpenCodeReasoning_dsv32_rewrite_3x,,深思考QA,深思考QA,1.3448885127e+10,13.448885,,,/user/zhangyixuan/share_user_data/user/zhangyixuan/data/exp_data/rc_260424/minicpm5_tokenizer/OpenCodeReasoning_dsv32_rewrite_3x,,0.000000000,1e-06,0.00,0.000000000,0.000000000,1e-06,0.00,0.000000000,0.000000000,1e-06,0.00,0.000000000,0.000000000,1e-06,0.000,0.000000000,0.1,6,80.693,0.019558886,0.150000000,6,80.693,0.029338329,None,否,,0,0,0,,0,0
OpenCodeReasoning2_python_dsv32_rewrite_3x,,深思考QA,深思考QA,2.4292355244e+10,24.292355,,,/user/zhangyixuan/share_user_data/user/zhangyixuan/data/exp_data/rc_260424/minicpm5_tokenizer/OpenCodeReasoning2_python_dsv32_rewrite_3x,,0.000000000,1e-06,0.00,0.000000000,0.000000000,1e-06,0.00,0.000000000,0.000000000,1e-06,0.00,0.000000000,0.000000000,1e-06,0.000,0.000000000,0.1,3,72.877,0.017664342,0.150000000,3,72.877,0.026496513,None,否,,0,0,0,,0,0
qwen_sft_code_all_think_dsv32_rewrite_1x,,深思考QA,深思考QA,2.153293352e+09,2.153293,,,/user/zhangyixuan/share_user_data/user/zhangyixuan/data/exp_data/rc_260424/minicpm5_tokenizer/qwen_sft_code_all_think_dsv32_rewrite_1x,,0.000000000,1e-06,0.00,0.000000000,0.000000000,1e-06,0.00,0.000000000,0.000000000,1e-06,0.00,0.000000000,0.000000000,1e-06,0.000,0.000000000,0.1,4,8.613,0.002087708,0.150000000,4,8.613,0.003131562,None,否,,0,0,0,,0,0
mmlu_redux_like_260424,,深思考QA,深思考QA,5.8964761e+07,0.058965,,,/user/zhangyixuan/share_user_data/user/zhangyixuan/data/exp_data/rc_260424/minicpm5_tokenizer/mmlu_redux_like_260424,,0.000000000,1e-06,0.00,0.000000000,0.000000000,1e-06,0.00,0.000000000,0.000000000,1e-06,0.00,0.000000000,0.000000000,1e-06,0.000,0.000000000,0.1,10,0.590,0.000142922,0.150000000,10,0.590,0.000214383,None,否,,0,0,0,,0,0
BBEH_like_260424,,深思考QA,深思考QA,3.12457659e+08,0.312458,,,/user/zhangyixuan/share_user_data/user/zhangyixuan/data/exp_data/rc_260424/minicpm5_tokenizer/BBEH_like_260424,,0.000000000,1e-06,0.00,0.000000000,0.000000000,1e-06,0.00,0.000000000,0.000000000,1e-06,0.00,0.000000000,0.000000000,1e-06,0.000,0.000000000,0.1,8,2.500,0.000605882,0.150000000,8,2.500,0.000908822,None,否,,0,0,0,,0,0
whoRU_260424,,深思考QA,深思考QA,5.871554e+06,0.005872,,,/user/zhangyixuan/share_user_data/user/zhangyixuan/data/exp_data/rc_260424/minicpm5_tokenizer/whoRU_260424,,0.000000000,1e-06,0.00,0.000000000,0.000000000,1e-06,0.00,0.000000000,0.000000000,1e-06,0.00,0.000000000,0.000000000,1e-06,0.000,0.000000000,0.1,50,0.294,0.000071159,0.150000000,50,0.294,0.000106738,None,否,,0,0,0,,0,0
three_body_qa_260424,,深思考QA,深思考QA,100647,0.000101,,,/user/zhangyixuan/share_user_data/user/zhangyixuan/data/exp_data/rc_260424/minicpm5_tokenizer/three_body_qa_260424,,0.000000000,1e-06,0.00,0.000000000,0.000000000,1e-06,0.00,0.000000000,0.000000000,1e-06,0.00,0.000000000,0.000000000,1e-06,0.000,0.000000000,0.1,50,0.005,0.000001220,0.150000000,50,0.005,0.000001830,None,否,,0,0,0,,0,0
thu_data_260424,,深思考QA,深思考QA,6057,0.000006,,,/user/zhangyixuan/share_user_data/user/zhangyixuan/data/exp_data/rc_260424/minicpm5_tokenizer/thu_data_260424,,0.000000000,1e-06,0.00,0.000000000,0.000000000,1e-06,0.00,0.000000000,0.000000000,1e-06,0.00,0.000000000,0.000000000,1e-06,0.000,0.000000000,0.1,50,0.000,0.000000073,0.150000000,50,0.000,0.000000110,None,否,,0,0,0,,0,0
selected_safe_qwen35_rewrite,,深思考QA,深思考QA,5.5099246e+07,0.055099,,,/user/zhangyixuan/share_user_data/user/zhangyixuan/data/exp_data/rc_260424/minicpm5_tokenizer/selected_safe_qwen35_rewrite,,0.000000000,1e-06,0.00,0.000000000,0.000000000,1e-06,0.00,0.000000000,0.000000000,1e-06,0.00,0.000000000,0.000000000,1e-06,0.000,0.000000000,0.1,50,2.755,0.000667763,0.150000000,50,2.755,0.001001644,None,否,,0,0,0,,0,0
IFBench_like_260424,,深思考QA,深思考QA,9.6052329e+07,0.096052,,,/user/zhangyixuan/share_user_data/user/zhangyixuan/data/exp_data/rc_260424/minicpm5_tokenizer/IFBench_like_260424,,0.000000000,1e-06,0.00,0.000000000,0.000000000,1e-06,0.00,0.000000000,0.000000000,1e-06,0.00,0.000000000,0.000000000,1e-06,0.000,0.000000000,0.1,8,0.768,0.000186254,0.150000000,8,0.768,0.000279380,None,否,,0,0,0,,0,0
ds300w_dsv32_rewrite,,深思考QA,深思考QA,1.747757268e+09,1.747757,,,/user/zhangyixuan/share_user_data/user/zhangyixuan/data/exp_data/rc_260424/minicpm5_tokenizer/ds300w_dsv32_rewrite,,0.000000000,1e-06,0.00,0.000000000,0.000000000,1e-06,0.00,0.000000000,0.000000000,1e-06,0.00,0.000000000,0.000000000,1e-06,0.000,0.000000000,0.1,1,1.748,0.000423631,0.150000000,1,1.748,0.000635446,None,否,,0,0,0,,0,0
reasonlite_high,,深思考QA,深思考QA,1.6423757221e+10,16.423757,,,/user/zhangyixuan/share_user_data/user/zhangyixuan/data/exp_data/rc_260424/minicpm5_tokenizer/reasonlite_high,,0.000000000,1e-06,0.00,0.000000000,0.000000000,1e-06,0.00,0.000000000,0.000000000,1e-06,0.00,0.000000000,0.000000000,1e-06,0.000,0.000000000,0.1,1,16.424,0.003980880,0.150000000,1,16.424,0.005971320,None,否,,0,0,0,,0,0
reasonlite_medium,,深思考QA,深思考QA,1.4875986308e+10,14.875986,,,/user/zhangyixuan/share_user_data/user/zhangyixuan/data/exp_data/rc_260424/minicpm5_tokenizer/reasonlite_medium,,0.000000000,1e-06,0.00,0.000000000,0.000000000,1e-06,0.00,0.000000000,0.000000000,1e-06,0.00,0.000000000,0.000000000,1e-06,0.000,0.000000000,0.1,2,29.752,0.007211446,0.150000000,2,29.752,0.010817169,None,否,,0,0,0,,0,0
nvidia_nemotron_cascade_sft_stage-1_math_dsv32_rewrite_drop_think,,数学计算,新增,1.331370153e+09,1.331370,,,/user/zhangyixuan/share_user_data/user/zhangyixuan/data/exp_data/rc_260410/minicpm5_tokenizer_no_think/nvidia_nemotron_cascade_sft_stage-1_math_dsv32_rewrite_drop_think,,0.000000000,1e-05,0.00,0.000000000,0.000000000,1e-05,0.00,0.000000000,0.000000000,1e-05,0.00,0.000000000,0.070000000,5,6.657,0.011626046,0.08,5,6.657,0.013440558,0.120000000,5,6.657,0.019930364,None,否,,0,0,17.88393796342808,,8.94196898171404,1
bbh_like_dsv32_rewrite_drop_think,,通用指令,新增,4.0689057e+07,0.040689,,,/user/zhangyixuan/share_user_data/user/zhangyixuan/data/exp_data/rc_260410/minicpm5_tokenizer_no_think/bbh_like_dsv32_rewrite_drop_think,,0.000000000,1e-05,0.00,0.000000000,0.000000000,1e-05,0.00,0.000000000,0.000000000,1e-05,0.00,0.000000000,0.030000000,10,0.407,0.000247450,0.08,10,0.407,0.000659865,0.120000000,10,0.407,0.000644292,None,否,,0,0,12.454862001961978,,6.227431000980989,1
mmlu_like_merge_dsv32_rewrite_drop_think,,通用指令,新增,4.7256558e+07,0.047257,,,/user/zhangyixuan/share_user_data/user/zhangyixuan/data/exp_data/rc_260410/minicpm5_tokenizer_no_think/mmlu_like_merge_dsv32_rewrite_drop_think,,0.000000000,1e-05,0.00,0.000000000,0.000000000,1e-05,0.00,0.000000000,0.000000000,1e-05,0.00,0.000000000,0.030000000,10,0.473,0.000287390,0.08,10,0.473,0.000766372,0.120000000,10,0.473,0.000748286,None,否,,0,0,12.454862001961976,,6.227431000980988,1
ceval_like_merge_dsv32_rewrite_drop_think,,通用指令,新增,1.29049e+06,0.001290,,,/user/zhangyixuan/share_user_data/user/zhangyixuan/data/exp_data/rc_260410/minicpm5_tokenizer_no_think/ceval_like_merge_dsv32_rewrite_drop_think,,0.000000000,1e-05,0.00,0.000000000,0.000000000,1e-05,0.00,0.000000000,0.000000000,1e-05,0.00,0.000000000,0.030000000,10,0.013,0.000007848,0.08,10,0.013,0.000020928,0.120000000,10,0.013,0.000020434,None,否,,0,0,12.454862001961976,,6.227431000980988,1
IFBench_like_nothink_260424,,通用指令,新增,1.3122377e+07,0.013122,,,/user/zhangyixuan/share_user_data/user/zhangyixuan/data/exp_data/rc_260424/minicpm5_tokenizer_no_think/IFBench_like_nothink_260424,,0.000000000,1e-05,0.00,0.000000000,0.000000000,1e-05,0.00,0.000000000,0.000000000,1e-05,0.00,0.000000000,0.030000000,15,0.197,0.000119705,0.08,15,0.197,0.000319214,0.120000000,15,0.197,0.000311680,None,否,,0,0,18.682293002942966,,9.341146501471483,1
old_knowledge_merge_dsv32_rewrite_short_drop_think,,通用指令,新增,9.31879493e+08,0.931879,,,/user/zhangyixuan/share_user_data/user/zhangyixuan/data/exp_data/rc_260410/minicpm5_tokenizer_no_think/old_knowledge_merge_dsv32_rewrite_short_drop_think,,0.000000000,1e-05,0.00,0.000000000,0.000000000,1e-05,0.00,0.000000000,0.000000000,1e-05,0.00,0.000000000,0.030000000,3,2.796,0.001700161,0.08,3,2.796,0.004533762,0.120000000,3,2.796,0.004426764,None,否,,0,0,3.7364586005885925,,1.8682293002942962,1
cmmlu_like_merge_dsv32_rewrite_drop_think,,通用指令,新增,8.476601e+06,0.008477,,,/user/zhangyixuan/share_user_data/user/zhangyixuan/data/exp_data/rc_260410/minicpm5_tokenizer_no_think/cmmlu_like_merge_dsv32_rewrite_drop_think,,0.000000000,1e-05,0.00,0.000000000,0.000000000,1e-05,0.00,0.000000000,0.000000000,1e-05,0.00,0.000000000,0.030000000,10,0.085,0.000051550,0.08,10,0.085,0.000137467,0.120000000,10,0.085,0.000134223,None,否,,0,0,12.454862001961974,,6.227431000980987,1
IF_old_merge_dsv32_rewrite_drop_think,,通用指令,新增,3.73542977e+08,0.373543,,,/user/zhangyixuan/share_user_data/user/zhangyixuan/data/exp_data/rc_260410/minicpm5_tokenizer_no_think/IF_old_merge_dsv32_rewrite_drop_think,,0.000000000,1e-05,0.00,0.000000000,0.000000000,1e-05,0.00,0.000000000,0.000000000,1e-05,0.00,0.000000000,0.030000000,15,5.603,0.003407539,0.08,15,5.603,0.009086770,0.120000000,15,5.603,0.008872319,None,否,,0,0,18.682293002942966,,9.341146501471483,1
IF_old_merge_gemini25_flash_rewrite,,通用指令,新增,4.28303795e+08,0.428304,,,/user/zhangyixuan/share_user_data/user/zhangyixuan/data/exp_data/rc_260410/minicpm5_tokenizer_no_think/IF_old_merge_gemini25_flash_rewrite,,0.000000000,1e-05,0.00,0.000000000,0.000000000,1e-05,0.00,0.000000000,0.000000000,1e-05,0.00,0.000000000,0.030000000,15,6.425,0.003907079,0.08,15,6.425,0.010418876,0.120000000,15,6.425,0.010172987,None,否,,0,0,18.682293002942963,,9.341146501471481,1
old_general_rewrite_nothink_260424,,通用指令,新增,1.832529382e+09,1.832529,,,/user/zhangyixuan/share_user_data/user/zhangyixuan/data/exp_data/rc_260424/minicpm5_tokenizer_no_think/old_general_rewrite_nothink_260424,,0.000000000,1e-05,0.00,0.000000000,0.000000000,1e-05,0.00,0.000000000,0.000000000,1e-05,0.00,0.000000000,0.030000000,5,9.163,0.005572241,0.08,5,9.163,0.014859310,0.120000000,5,9.163,0.014508625,None,否,,0,0,6.227431000980988,,3.113715500490494,1
select_safe_qwen35_rewrite_1x,,通用指令,新增,9.968857e+06,0.009969,,,/user/zhangyixuan/share_user_data/user/zhangyixuan/data/exp_data/rc_260424/minicpm5_tokenizer_no_think/select_safe_qwen35_rewrite_1x,,0.000000000,1e-05,0.00,0.000000000,0.000000000,1e-05,0.00,0.000000000,0.000000000,1e-05,0.00,0.000000000,0.030000000,100,0.997,0.000606254,0.08,100,0.997,0.001616676,0.120000000,100,0.997,0.001578522,None,否,,0,0,124.54862001961976,,62.27431000980988,1
three_body_qa_nothink_260424,,通用指令,新增,85736,0.000086,,,/user/zhangyixuan/share_user_data/user/zhangyixuan/data/exp_data/rc_260424/minicpm5_tokenizer_no_think/three_body_qa_nothink_260424,,0.000000000,1e-05,0.00,0.000000000,0.000000000,1e-05,0.00,0.000000000,0.000000000,1e-05,0.00,0.000000000,0.030000000,30,0.003,0.000001564,0.08,30,0.003,0.000004171,0.120000000,30,0.003,0.000004073,None,否,,0,0,37.364586005885926,,18.682293002942963,1
thu_data_nothink_260424,,通用指令,新增,2528,0.000003,,,/user/zhangyixuan/share_user_data/user/zhangyixuan/data/exp_data/rc_260424/minicpm5_tokenizer_no_think/thu_data_nothink_260424,,0.000000000,1e-05,0.00,0.000000000,0.000000000,1e-05,0.00,0.000000000,0.000000000,1e-05,0.00,0.000000000,0.030000000,30,0.000,0.000000046,0.08,30,0.000,0.000000123,0.120000000,30,0.000,0.000000120,None,否,,0,0,37.364586005885926,,18.682293002942963,1
whoRU_nothink_260424,,通用指令,新增,2.826213e+06,0.002826,,,/user/zhangyixuan/share_user_data/user/zhangyixuan/data/exp_data/rc_260424/minicpm5_tokenizer_no_think/whoRU_nothink_260424,,0.000000000,1e-05,0.00,0.000000000,0.000000000,1e-05,0.00,0.000000000,0.000000000,1e-05,0.00,0.000000000,0.030000000,80,0.226,0.000137500,0.08,80,0.226,0.000366668,0.120000000,80,0.226,0.000358014,None,否,,0,0,99.6388960156958,,49.8194480078479,1
bbeh_nothink_collections_correct_nothink_260424,,通用指令,新增,2.39882191e+08,0.239882,,,/user/zhangyixuan/share_user_data/user/zhangyixuan/data/exp_data/rc_260424/minicpm5_tokenizer_no_think/bbeh_nothink_collections_correct_nothink_260424,,0.000000000,1e-05,0.00,0.000000000,0.000000000,1e-05,0.00,0.000000000,0.000000000,1e-05,0.00,0.000000000,0.030000000,10,2.399,0.001458838,0.08,10,2.399,0.003890234,0.120000000,10,2.399,0.003798423,None,否,,0,0,12.454862001961976,,6.227431000980988,1
mmlu_redux_like_0421_nothink_sync_nothink_260424,,通用指令,新增,3.9464495e+07,0.039464,,,/user/zhangyixuan/share_user_data/user/zhangyixuan/data/exp_data/rc_260424/minicpm5_tokenizer_no_think/mmlu_redux_like_0421_nothink_sync_nothink_260424,,0.000000000,1e-05,0.00,0.000000000,0.000000000,1e-05,0.00,0.000000000,0.000000000,1e-05,0.00,0.000000000,0.030000000,10,0.395,0.000240002,0.08,10,0.395,0.000640006,0.120000000,10,0.395,0.000624902,None,否,,0,0,12.454862001961974,,6.227431000980987,1
OpenCodeReasoning_ds_260410_drop_think,,通用指令,新增,5.88144133e+08,0.588144,,,/user/zhangyixuan/share_user_data/user/zhangyixuan/data/exp_data/rc_260410/minicpm5_tokenizer_no_think/OpenCodeReasoning_ds_260410_drop_think,,0.000000000,1e-05,0.00,0.000000000,0.000000000,1e-05,0.00,0.000000000,0.000000000,1e-05,0.00,0.000000000,0.030000000,1,0.588,0.000357678,0.08,1,0.588,0.000953809,0.120000000,1,0.588,0.000931299,None,否,,0,0,1.2454862001961975,,0.6227431000980987,0.6227431000980987
humaneval_like_merge_dsv32_rewrite_drop_think,,通用指令,新增,2.44243504e+08,0.244244,,,/user/zhangyixuan/share_user_data/user/zhangyixuan/data/exp_data/rc_260410/minicpm5_tokenizer_no_think/humaneval_like_merge_dsv32_rewrite_drop_think,,0.000000000,1e-05,0.00,0.000000000,0.000000000,1e-05,0.00,0.000000000,0.000000000,1e-05,0.00,0.000000000,0.030000000,10,2.442,0.001485361,0.08,10,2.442,0.003960962,0.120000000,10,2.442,0.003867482,None,否,,0,0,12.454862001961974,,6.227431000980987,1
qwen_sft_code_codeblock_nothink_qwen35_rewrite_1x,,通用指令,新增,6.24445373e+08,0.624445,,,/user/zhangyixuan/share_user_data/user/zhangyixuan/data/exp_data/rc_260424/minicpm5_tokenizer_no_think/qwen_sft_code_codeblock_nothink_qwen35_rewrite_1x,,0.000000000,1e-05,0.00,0.000000000,0.000000000,1e-05,0.00,0.000000000,0.000000000,1e-05,0.00,0.000000000,0.030000000,6,3.747,0.002278530,0.08,6,3.747,0.006076079,0.120000000,6,3.747,0.005932681,None,否,,0,0,7.472917201177186,,3.736458600588593,1
qwen_sft_code_all_nothink_qwen35_rewrite_1x,,通用指令,新增,7.86610419e+08,0.786610,,,/user/zhangyixuan/share_user_data/user/zhangyixuan/data/exp_data/rc_260424/minicpm5_tokenizer_no_think/qwen_sft_code_all_nothink_qwen35_rewrite_1x,,0.000000000,1e-05,0.00,0.000000000,0.000000000,1e-05,0.00,0.000000000,0.000000000,1e-05,0.00,0.000000000,0.030000000,3,2.360,0.001435126,0.08,3,2.360,0.003827002,0.120000000,3,2.360,0.003736683,None,否,,0,0,3.736458600588593,,1.8682293002942965,1
mbpp_like_merge_dsv32_rewrite_drop_think,,通用指令,新增,9.7514705e+07,0.097515,,,/user/zhangyixuan/share_user_data/user/zhangyixuan/data/exp_data/rc_260410/minicpm5_tokenizer_no_think/mbpp_like_merge_dsv32_rewrite_drop_think,,0.000000000,1e-05,0.00,0.000000000,0.000000000,1e-05,0.00,0.000000000,0.000000000,1e-05,0.00,0.000000000,0.030000000,10,0.975,0.000593033,0.08,10,0.975,0.001581422,0.120000000,10,0.975,0.001544100,None,否,,0,0,12.454862001961974,,6.227431000980987,1
math_500_train_and_evol_dsv32_rewrite_drop_think,,数学计算,新增,3.4929797e+07,0.034930,,,/user/zhangyixuan/share_user_data/user/zhangyixuan/data/exp_data/rc_260410/minicpm5_tokenizer_no_think/math_500_train_and_evol_dsv32_rewrite_drop_think,,0.000000000,1e-05,0.00,0.000000000,0.000000000,1e-05,0.00,0.000000000,0.000000000,1e-05,0.00,0.000000000,0.070000000,10,0.349,0.000610041,0.08,10,0.349,0.000705252,0.120000000,10,0.349,0.001045785,None,否,,0,0,35.76787592685616,,17.88393796342808,1
gsm8k_train_dsv32_rewrite_drop_think,,数学计算,新增,459350,0.000459,,,/user/zhangyixuan/share_user_data/user/zhangyixuan/data/exp_data/rc_260410/minicpm5_tokenizer_no_think/gsm8k_train_dsv32_rewrite_drop_think,,0.000000000,1e-05,0.00,0.000000000,0.000000000,1e-05,0.00,0.000000000,0.000000000,1e-05,0.00,0.000000000,0.070000000,10,0.005,0.000008022,0.08,10,0.005,0.000009275,0.120000000,10,0.005,0.000013753,None,否,,0,0,35.76787592685617,,17.883937963428085,1
OpenMathInstruct_0420_nothink_clean_qwen35_rewrite_1x,,数学计算,新增,1.1364709398e+10,11.364709,,,/user/zhangyixuan/share_user_data/user/zhangyixuan/data/exp_data/rc_260424/minicpm5_tokenizer_no_think/OpenMathInstruct_0420_nothink_clean_qwen35_rewrite_1x,,0.000000000,1e-05,0.00,0.000000000,0.000000000,1e-05,0.00,0.000000000,0.000000000,1e-05,0.00,0.000000000,0.070000000,2,22.729,0.039696437,0.08,2,22.729,0.045891981,0.120000000,2,22.729,0.068051035,None,否,,0,0,7.153575185371233,,3.5767875926856165,1
OpenCodeInstruct_nothink_qwen35_rewrite_1x,,数学计算,新增,1.077944435e+09,1.077944,,,/user/zhangyixuan/share_user_data/user/zhangyixuan/data/exp_data/rc_260424/minicpm5_tokenizer_no_think/OpenCodeInstruct_nothink_qwen35_rewrite_1x,,0.000000000,1e-05,0.00,0.000000000,0.000000000,1e-05,0.00,0.000000000,0.000000000,1e-05,0.00,0.000000000,0.070000000,1,1.078,0.001882607,0.08,1,1.078,0.002176431,0.120000000,1,1.078,0.003227326,None,否,,0,0,3.576787592685617,,1.7883937963428085,1
Translation_merge,翻译,翻译,替换（舍弃）,1.381534666e+09,1.381535,obs://mb-datasets/sst_dedup_0104_merge/Translation_merge/,obs://mb-datasets/sst_dedup_old_token_0108_merge/Translation_merge/,/user/zhangyixuan/data/minicpm5/minicpm5_tokenizer.128k.dedup_link_all/Translation_merge,,0.004490000,0,0.00,0.000000000,0.003790000,0,0.00,0.000000000,0.000990000,0,0.00,0.000000000,0.005500000,0,0.000,0.000000000,0.0055000000000000005,0,0.000,0.000000000,0.000900000,0,0.000,0.000000000,mt_book_dic ｜ mt_lab,否,,0,0,0,,0,0
nllb,,翻译,替换（舍弃）,2.17732031974e+11,217.732032,obs://mb-datasets/sst_dedup_0104_merge/nllb/multi__nllb__2025080100/,obs://mb-datasets/sst_dedup_old_token_0108_merge/nllb/multi__nllb__2025080100/,/user/zhangyixuan/data/minicpm5/minicpm5_tokenizer.128k.dedup_link_all/nllb,,0.004490000,0,0.00,0.000000000,0.003790000,0,0.00,0.000000000,0.000990000,0,0.00,0.000000000,0.005500000,0,0.000,0.000000000,0.0055000000000000005,0,0.000,0.000000000,0.000900000,0,0.000,0.000000000,None,否,,0,0,0,,0,0
finephrase_faq,,英文预训练合成,,3.327197e+11,332.719700,,,/user/zhangyixuan/data/minicpm5/sst_cpm5_0321_merge/finephrase_faq,,0.200000000,1.5,499.08,0.009525807,0.210000000,1.5,499.08,0.010002098,0.230000000,1.5,499.08,0.010471689,0.160000000,1.5,499.080,0.005968376,0.11,1.5,499.080,0.004103259,0.100000000,1.5,499.080,0.003867480,None,否,,0.35180700744911747,0.536505686359904,0.5732430207303263,,0.13856939473032623,0.13856939473032623
finephrase_math,,英文预训练合成,,3.325103e+11,332.510300,,,/user/zhangyixuan/data/minicpm5/sst_cpm5_0321_merge/finephrase_math,,0.200000000,1.5,498.77,0.009519812,0.210000000,1.5,498.77,0.009995803,0.230000000,1.5,498.77,0.010465098,0.160000000,1.5,498.765,0.005964620,0.11,1.5,498.765,0.004100676,0.100000000,1.5,498.765,0.003865046,None,否,,0.35180700744911747,0.5365056863599041,0.5732430207303264,,0.13856939473032626,0.13856939473032626
finephrase_table,,英文预训练合成,,3.323151e+11,332.315100,,,/user/zhangyixuan/data/minicpm5/sst_cpm5_0321_merge/finephrase_table,,0.200000000,1.5,498.47,0.009514224,0.210000000,1.5,498.47,0.009989935,0.230000000,1.5,498.47,0.010458955,0.160000000,1.5,498.473,0.005961119,0.11,1.5,498.473,0.004098269,0.100000000,1.5,498.473,0.003862777,None,否,,0.3518070074491174,0.536505686359904,0.5732430207303262,,0.13856939473032623,0.13856939473032623
finephrase_tutorial,,英文预训练合成,,3.315508e+11,331.550800,,,/user/zhangyixuan/data/minicpm5/sst_cpm5_0321_merge/finephrase_tutorial,,0.200000000,1.5,497.33,0.009492342,0.210000000,1.5,497.33,0.009966959,0.230000000,1.5,497.33,0.010434900,0.160000000,1.5,497.326,0.005947408,0.11,1.5,497.326,0.004088843,0.100000000,1.5,497.326,0.003853893,None,否,,0.3518070074491174,0.536505686359904,0.5732430207303263,,0.1385693947303262,0.1385693947303262
HuggingFaceFW_finetranslations,,英文预训练合成,,1.1307385e+12,1130.738500,,,/user/zhangyixuan/data/minicpm5/sst_cpm5_0321_merge/HuggingFaceFW_finetranslations,,0.200000000,1,1130.74,0.021582125,0.210000000,1,1130.74,0.022661231,0.230000000,1,1130.74,0.023725159,0.160000000,1,1130.738,0.013522239,0.11,1,1130.738,0.009296539,0.100000000,1,1130.738,0.008762347,None,否,,0.23453800496607827,0.3576704575732694,0.3821620138202175,,0.09237959648688415,0.09237959648688415
en_ultra_fineweb_remain_synthetic_diverse_qa,,英文预训练合成,,3.938578e+11,393.857800,,,/user/zhangyixuan/data/minicpm5/sst_cpm5_0321_merge/en_ultra_fineweb_remain_synthetic_diverse_qa,,0.200000000,0.5,196.93,0.003758733,0.210000000,0.5,196.93,0.003946670,0.230000000,1,393.86,0.008263926,0.160000000,1,393.858,0.004710054,0.11,1,393.858,0.003238162,0.100000000,0.5,196.929,0.001526046,None,否,,0.11726900248303915,0.1788352287866347,0.20332678503358284,,0.052312687305179115,0.052312687305179115
en_ultra_fineweb_remain_synthetic_extract_knowledge,,英文预训练合成,,1.008851e+11,100.885100,,,/user/zhangyixuan/data/minicpm5/sst_cpm5_0321_merge/en_ultra_fineweb_remain_synthetic_extract_knowledge,,0.200000000,0.5,50.44,0.000962784,0.210000000,0.5,50.44,0.001010924,0.230000000,0.2,20.18,0.000423354,0.160000000,0.2,20.177,0.000241292,0.11,0.2,20.177,0.000165888,0.100000000,0.5,50.443,0.000390891,None,否,,0.11726900248303913,0.1788352287866347,0.18373354003602432,,0.042516064806399856,0.042516064806399856
en_ultra_fineweb_remain_synthetic_wikipedia_paraphrasing,,英文预训练合成,,9.41938e+10,94.193800,,,/user/zhangyixuan/data/minicpm5/sst_cpm5_0321_merge/en_ultra_fineweb_remain_synthetic_wikipedia_paraphrasing,,0.200000000,0.5,47.10,0.000898927,0.210000000,0.5,47.10,0.000943873,0.230000000,0.2,18.84,0.000395275,0.160000000,0.2,18.839,0.000225288,0.11,0.2,18.839,0.000154886,0.100000000,0.5,47.097,0.000364964,None,否,,0.11726900248303916,0.17883522878663474,0.18373354003602438,,0.042516064806399856,0.042516064806399856
en_ultra_fineweb_remain_synthetic_distill,,英文预训练合成,,9.32075e+10,93.207500,,,/user/zhangyixuan/data/minicpm5/sst_cpm5_0321_merge/en_ultra_fineweb_remain_synthetic_distill,,0.200000000,0.5,46.60,0.000889514,0.210000000,0.5,46.60,0.000933990,0.230000000,0.2,18.64,0.000391136,0.160000000,0.2,18.642,0.000222929,0.11,0.2,18.642,0.000153264,0.100000000,0.5,46.604,0.000361143,None,否,,0.11726900248303913,0.1788352287866347,0.18373354003602432,,0.04251606480639985,0.04251606480639985
en_ultra_fineweb_remain_synthetic_knowledge_list,,英文预训练合成,,8.51345e+10,85.134500,,,/user/zhangyixuan/data/minicpm5/sst_cpm5_0321_merge/en_ultra_fineweb_remain_synthetic_knowledge_list,,0.200000000,0.5,42.57,0.000812471,0.210000000,0.5,42.57,0.000853094,0.230000000,0.2,17.03,0.000357258,0.160000000,0.1,8.513,0.000101810,0.11,0.1,8.513,0.000069995,0.100000000,0.5,42.567,0.000329863,None,否,,0.11726900248303913,0.1788352287866347,0.1812843844113295,,0.04129148699405244,0.04129148699405244
darwin_cc,,英文预训练合成,,4.98e+11,498.000000,,,/user/zhangyixuan/data/minicpm5/sst_cpm5_0321_merge/darwin_cc,,0.200000000,1.2,597.60,0.011406243,0.210000000,1.2,597.60,0.011976555,0.230000000,2,996.00,0.020898075,0.160000000,2,996.000,0.011910933,0.11,2,996.000,0.008188766,0.100000000,1.2,597.600,0.004630937,None,否,,0.2814456059592939,0.42920454908792327,0.4781876615818196,,0.12065213828304024,0.12065213828304024
